"","Mass","HW","SW"
"1",283.2643,2201857,4238668.66666667
"2",287.2228,,2494251.33333333
"3",295.1187,,1688358.33333333
"4",297.1344,,1534436.33333333
"5",300.1929,,1847763
"6",303.2177,,1808635.33333333
"7",307.0459,,1671760.33333333
"8",307.0823,,1686699
"9",307.1398,,2734344.33333333
"10",307.1551,,1651295.66666667
"11",309.0616,,2665495
"12",309.098,,2246342.33333333
"13",309.1344,,2013217.33333333
"14",309.1707,1766676.66666667,3191931.66666667
"15",311.0772,2202664,2552807.33333333
"16",311.1136,2415235,3300759.33333333
"17",311.15,1709362.66666667,2792690
"18",311.1686,7661963,7586890.33333333
"19",312.1565,1454878,
"20",313.0565,,1752850.66666667
"21",313.0929,2119682,2345837.33333333
"22",313.1293,2108508.66666667,3324104
"23",313.1657,2236173,4033912.33333333
"24",314.1721,,1512383.66666667
"25",314.2085,2015662.66666667,1998960
"26",315.051,,1694794.66666667
"27",315.0722,8558562,9188686
"28",315.0874,,1837093.66666667
"29",315.1085,,2220286.33333333
"30",315.1198,1884905.66666667,1670400.33333333
"31",315.1238,,1537537
"32",315.1449,2067694,3140868
"33",315.1813,2439582.33333333,4421812.66666667
"34",315.1966,,2370913.66666667
"35",315.2177,,1711290.33333333
"36",316.1514,,1417553.33333333
"37",316.1878,1853590.66666667,2388396.33333333
"38",317.0303,,1772001.33333333
"39",317.0667,2117159.33333333,2481554.33333333
"40",317.1031,,1980653.33333333
"41",317.1064,,5225112.66666667
"42",317.1394,1564937,
"43",317.1606,,2128630.66666667
"44",317.197,,2540967.66666667
"45",319.0459,2865869.66666667,2808117
"46",319.0823,2783529.33333333,2700603
"47",319.1187,2278874.33333333,2564588.33333333
"48",319.1551,,2117959.66666667
"49",319.2126,,5024764
"50",321.0252,2750936,2658787.66666667
"51",321.0616,3680222.66666667,3748842.33333333
"52",321.098,2939535.33333333,3537904.66666667
"53",321.1344,3099115.33333333,3651063.33333333
"54",321.1707,2127943.33333333,2440104.33333333
"55",323.0409,3268087.66666667,3454630.33333333
"56",323.0772,4104873.33333333,4773549
"57",323.0984,2303405.33333333,2310235.66666667
"58",323.1136,3923632.33333333,4347913.33333333
"59",323.15,3137037,4372837
"60",323.1864,1965758.33333333,2585793.33333333
"61",325.0201,,1683909
"62",325.0565,3914110,4186486.66666667
"63",325.0929,4148954.33333333,4544893.66666667
"64",325.1293,3901495,4892890
"65",325.1657,3262526.33333333,4895968.66666667
"66",325.1843,13566018,13945231
"67",325.202,2581659,3423122.33333333
"68",326.1721,2066610.66666667,1793273
"69",326.2085,2825913.66666667,2216362.66666667
"70",327.0358,1776483,1867597.66666667
"71",327.051,1795771.66666667,1942011.66666667
"72",327.0722,3485973.33333333,4164693
"73",327.0874,1969347,2102018.66666667
"74",327.1085,3971698.33333333,4986972.33333333
"75",327.1449,3939108,6190520.66666667
"76",327.1813,2855553,4029205.33333333
"77",327.2177,4683742.33333333,5567772.33333333
"78",328.1514,3800567,3671512
"79",328.1878,2548393,2151221
"80",328.2242,2836998,2329745.33333333
"81",329.0303,2323634.33333333,2088758
"82",329.0514,1821622.66666667,2132709.33333333
"83",329.0667,2711055.66666667,2406973.66666667
"84",329.0878,3443817.66666667,4984642
"85",329.1031,2197015.33333333,2409797
"86",329.1242,3097969.33333333,4209822.66666667
"87",329.1394,2081140.66666667,2727244.66666667
"88",329.1606,6369145.33333333,22230182
"89",329.1758,,4023807
"90",329.197,2871425,3845464.33333333
"91",329.2333,7553929,8045408
"92",330.1671,2724693,2609527.66666667
"93",330.2034,6440711.66666667,6470356.66666667
"94",331.0096,1797478,
"95",331.0459,3806659.66666667,3697372.33333333
"96",331.0671,,3214561
"97",331.0823,4028534,4628879.33333333
"98",331.1035,2159056.66666667,2428136.66666667
"99",331.1187,3093289,3285228
"100",331.1398,2446125.66666667,3301446
"101",331.1551,2774492,3477406.66666667
"102",331.1762,8695094.33333333,28785570.6666667
"103",331.1915,,6950481
"104",331.2126,2259774.33333333,2705237.66666667
"105",331.249,22343665,16194482.6666667
"106",333.0252,3439839.66666667,3154399.66666667
"107",333.0616,5654930.66666667,5920402.33333333
"108",333.098,4128667.66666667,4535280
"109",333.1191,3401462,3559924.33333333
"110",333.1344,3628281.33333333,4625741.66666667
"111",333.1555,,5878098
"112",333.1707,3029761.66666667,4400810.66666667
"113",333.1919,,2737157
"114",333.2071,,7061512
"115",334.1772,1984582.66666667,
"116",335.0409,5260141.66666667,5129638
"117",335.0772,5964321,6384728.66666667
"118",335.1136,5195647.66666667,5747809.33333333
"119",335.15,4686558,5920873.33333333
"120",335.1711,2545891,4979139.33333333
"121",335.1864,2873148.33333333,5379868.66666667
"122",335.2075,,5765238.66666667
"123",335.2228,,2368122
"124",336.3272,,7225040
"125",337.0201,3545095.33333333,3314547.33333333
"126",337.0565,6718480.66666667,7030652.33333333
"127",337.0929,6672751.33333333,6767493
"128",337.1293,5932067.66666667,7623224.33333333
"129",337.1326,4739791,
"130",337.1657,5383212.66666667,7139563.66666667
"131",337.202,,5570462.66666667
"132",337.2054,2338188.33333333,2727157
"133",338.1721,3030065.33333333,3023154.66666667
"134",339.0358,4154731,4533082.66666667
"135",339.051,1920452.33333333,
"136",339.0722,6205642,6839652
"137",339.0874,,1584231.33333333
"138",339.0933,,1980691.33333333
"139",339.1085,6107518.33333333,7190551.33333333
"140",339.1449,6518664,8370549.66666667
"141",339.1813,5663292.66666667,7531220
"142",339.1999,5093270.66666667,5938221.66666667
"143",339.2177,,2212743.66666667
"144",339.3269,,2727330.33333333
"145",340.1514,1816472,
"146",340.1878,6037324.33333333,5233614.66666667
"147",340.2242,3375617,2533250
"148",341.0303,2659636.33333333,2127267.66666667
"149",341.0514,3871973,4442963.66666667
"150",341.0667,2674409.33333333,2612567.33333333
"151",341.0878,6358084,6498140.66666667
"152",341.1031,2227016.66666667,2635275.33333333
"153",341.1089,1789599.66666667,1688418.33333333
"154",341.1242,6762233.33333333,8791227.66666667
"155",341.1606,6280622,8634906
"156",341.183,2157065.66666667,1661813.33333333
"157",341.197,6834275,8726392.66666667
"158",342.1307,2817727,2455657.33333333
"159",342.1671,6244382.33333333,5910301.33333333
"160",342.2398,5086942,3857371
"161",343.0096,2532112.33333333,1892431.33333333
"162",343.0307,,1723220.66666667
"163",343.0459,3645552,3870894
"164",343.0671,4117451.66666667,4348595.66666667
"165",343.0823,3749499,4010338.66666667
"166",343.1035,4448726.33333333,5456914.66666667
"167",343.1187,3394352,3708097
"168",343.1398,6041227.33333333,8563740.33333333
"169",343.1511,2130063,2071071
"170",343.1551,2367717.33333333,2874571
"171",343.1762,5523435.66666667,6349862
"172",343.1987,3918151.33333333,3046955.66666667
"173",343.2126,12166134,13885828.6666667
"174",344.1463,,2141139
"175",344.1827,9331645.33333333,9843335.66666667
"176",344.2191,3874760,3783655
"177",345.0252,4263609.33333333,3803841.66666667
"178",345.0616,5500441.33333333,5472459
"179",345.0827,3082101.33333333,2882598.33333333
"180",345.098,5348217.66666667,5610709
"181",345.1191,2736597.66666667,4265861.66666667
"182",345.1303,2603054.33333333,2761779.33333333
"183",345.1344,4837253,6320009.66666667
"184",345.1555,12911499.3333333,28900922.3333333
"185",345.1707,3944506.33333333,7562814.33333333
"186",345.178,2776295.33333333,2365845.66666667
"187",345.1919,3782891.66666667,4279705.66666667
"188",345.2283,15989665.3333333,18106617
"189",346.162,4598292.33333333,5062139
"190",347.0409,6201126,6299718.33333333
"191",347.0772,7265414.33333333,7559249
"192",347.0984,6340407.66666667,9042348
"193",347.1136,5841383,6276870
"194",347.1348,1889262,2540214.33333333
"195",347.15,5777565.33333333,7446288
"196",347.1711,6157134.66666667,14747755.6666667
"197",347.1864,4205736.66666667,11496901
"198",347.2075,2117210,2861344.33333333
"199",347.2439,13572966,13352405
"200",348.0725,1806444.66666667,
"201",349.0201,4552436,4565971.33333333
"202",349.0565,8474709.33333333,8759262.33333333
"203",349.0929,7871243.66666667,8990014
"204",349.114,,1510127
"205",349.1293,8104045,8909128.66666667
"206",349.1405,1601136.66666667,
"207",349.1504,,2595150.66666667
"208",349.1646,,3314685.66666667
"209",349.1657,6960931.33333333,10348542
"210",349.1868,1979178.33333333,5955929.66666667
"211",349.201,,6507528.33333333
"212",349.202,5119791.33333333,21937502
"213",350.0881,2178727.66666667,
"214",350.1721,2299844,1845456.33333333
"215",351.0358,6986809.33333333,7487355.66666667
"216",351.051,,1725909.33333333
"217",351.0569,2530709.66666667,2098220.33333333
"218",351.0722,9765616,10558000.6666667
"219",351.1085,8705788.33333333,10256273
"220",351.1297,,2504429
"221",351.1449,9521587.33333333,11221574.6666667
"222",351.1661,,3029068.66666667
"223",351.1813,6759189,12244220
"224",351.2177,3838241,14094257.3333333
"225",352.1038,1902071.66666667,
"226",352.1514,2092893,
"227",353.015,2747951.66666667,2748710.33333333
"228",353.0303,2424543.66666667,1850069.33333333
"229",353.0514,8765159,9035569.33333333
"230",353.0667,2245527,2414731.33333333
"231",353.0878,9980659.33333333,10859665.6666667
"232",353.1031,1620814,1803073.33333333
"233",353.1089,1831333.66666667,2121282.66666667
"234",353.1242,9462527.66666667,10695154
"235",353.1606,10380044.3333333,12455079.6666667
"236",353.197,5390787.66666667,10189320.3333333
"237",353.2003,5183940.66666667,5408948
"238",353.2333,,2361960.66666667
"239",354.0831,1695308.33333333,
"240",354.1307,1890311.66666667,1805436.33333333
"241",354.1558,,4344452
"242",354.1671,2657385.66666667,2330247.33333333
"243",354.2034,6033185,5559442.66666667
"244",355.0307,3339502,3712232
"245",355.0459,3588680.33333333,3309975.33333333
"246",355.0671,8849488,8816371.33333333
"247",355.0823,3408298.66666667,3480824
"248",355.0882,1716140.66666667,
"249",355.1035,8579164.66666667,9653331.66666667
"250",355.1187,2868151.33333333,4306179.33333333
"251",355.1398,8343316.33333333,9720927
"252",355.1551,1993839,
"253",355.1623,3514823,2953147.33333333
"254",355.1762,10403275.6666667,13249642.3333333
"255",355.1987,2793598,2416326.66666667
"256",355.2126,4671107.33333333,5882997.66666667
"257",356.1463,6578296.66666667,6384025
"258",356.1827,6844891,6028026
"259",356.2555,3031370.33333333,2223376.66666667
"260",357.0252,4496818.66666667,3674796.66666667
"261",357.0463,3783439.33333333,3848201
"262",357.0616,5185301,4983821.66666667
"263",357.0827,6725063,7217854.66666667
"264",357.098,4630988.33333333,5129241
"265",357.1191,6946601.33333333,8499573
"266",357.1344,3818457.66666667,3891748.33333333
"267",357.1555,7738507.66666667,9478528.33333333
"268",357.1667,2512186.66666667,2344238.66666667
"269",357.1707,3034598.33333333,2263429.33333333
"270",357.178,1992340,
"271",357.1919,11421848.6666667,13507638.3333333
"272",357.2143,9192267.66666667,6374803
"273",357.2283,5076475.33333333,5376066
"274",358.1256,1751358.33333333,1892701.33333333
"275",358.162,3213473,2961086
"276",358.1984,16345603,15263092.6666667
"277",359.0045,3039186,2217674
"278",359.0409,6940468.66666667,6327594.66666667
"279",359.062,4022759,4689884
"280",359.0772,7881538,7934945
"281",359.0984,6171465.66666667,4456765
"282",359.1136,6906362,7227372.33333333
"283",359.1348,5254999,7388147
"284",359.146,1750448,
"285",359.15,6090588.66666667,7401464
"286",359.1572,2369460.33333333,
"287",359.1711,6137359,8016894.66666667
"288",359.1864,3830975.33333333,3242500
"289",359.1936,3712705.33333333,2742960.66666667
"290",359.2075,15683100.3333333,18371594.3333333
"291",359.2439,5531859.66666667,4860950
"292",360.0725,2268247.66666667,1678793
"293",360.1776,3925715,4334911.66666667
"294",361.0201,6989319.66666667,5537698.66666667
"295",361.0565,9911146.33333333,9771950
"296",361.0776,,2321332.66666667
"297",361.0929,11330423.6666667,12420025.6666667
"298",361.114,4494549,4270699
"299",361.1293,10111194.3333333,11433584
"300",361.1504,6192695.66666667,11036961.3333333
"301",361.1657,8965352,12796198
"302",361.1868,3370565,5088215.66666667
"303",361.202,3837685.33333333,4084871.33333333
"304",361.2232,12173565,14284430.3333333
"305",362.0518,1991470,
"306",362.0881,2315494,
"307",362.1358,,1737309.33333333
"308",363.0358,8914841.33333333,9084457
"309",363.051,1727049.66666667,
"310",363.0722,12412497.3333333,13704074
"311",363.0933,2870702.33333333,1931323.33333333
"312",363.1085,13426270.6666667,17137216
"313",363.1297,,2149361.33333333
"314",363.1449,11647937.3333333,14875553
"315",363.1562,1743131,
"316",363.1661,5342153,6500263.66666667
"317",363.1813,9718052,20763564.6666667
"318",363.2024,,2925150.33333333
"319",363.2177,2783025.66666667,4097635.33333333
"320",363.2388,7457422.66666667,9406058.33333333
"321",364.0674,2587926.66666667,1842420
"322",364.1038,2088313.33333333,1669760
"323",364.1249,1643308,1946161.33333333
"324",364.1878,4354542,2985371
"325",365.015,4871797.33333333,4821498
"326",365.0303,2347472.33333333,1757353.33333333
"327",365.0514,11811118,12293637.6666667
"328",365.0667,2170846.33333333,2444469.33333333
"329",365.0725,2389131.33333333,1777932.33333333
"330",365.0878,13518481,15298748.3333333
"331",365.099,1779519.33333333,
"332",365.1089,2784238,2454210.66666667
"333",365.1242,12805107.6666667,13646024
"334",365.1453,1931259.33333333,2171257.33333333
"335",365.1606,13428395.6666667,17402750
"336",365.1817,2107912.66666667,4564186
"337",365.197,10013027.6666667,33497311
"338",365.2333,,2783808
"339",366.0831,2682711,1996795.33333333
"340",366.1194,1848847,
"341",366.1307,,1826143.66666667
"342",366.1671,2781729,2012950.33333333
"343",367.0096,,1666425.66666667
"344",367.0307,6963553,7488299.33333333
"345",367.0459,3532305.33333333,2962224
"346",367.0671,13217475.6666667,13731297.3333333
"347",367.0823,3178014.66666667,2826384.66666667
"348",367.1035,14628561,15326701
"349",367.1187,1920214.66666667,1795825.66666667
"350",367.1246,2495534.33333333,2271049
"351",367.1398,13412745,15240696.6666667
"352",367.1527,,14382589
"353",367.161,,2146644.66666667
"354",367.1762,12150508,18017796.3333333
"355",367.1796,,2490032
"356",367.2126,7775993.66666667,29337787
"357",367.3582,2765957,6976745
"358",368.0987,3002774.66666667,1726251.33333333
"359",368.1463,2323197.66666667,1976634.33333333
"360",368.1827,2381494,2443760.33333333
"361",369.0252,3848258.66666667,3538855.66666667
"362",369.0463,9415072,8813315.66666667
"363",369.0616,4543056,4607411
"364",369.0675,,2958431.66666667
"365",369.0827,11980546.6666667,12702479.3333333
"366",369.098,4072029.33333333,3926292
"367",369.1038,,1957227.33333333
"368",369.1191,11554576,12889541.3333333
"369",369.1344,2805696.33333333,2430580.66666667
"370",369.1555,12573811,15178534
"371",369.1707,2213155,1930709.66666667
"372",369.178,5084283,4072408
"373",369.1919,10211114.6666667,15603164.3333333
"374",369.2143,2736947.33333333,1796323.66666667
"375",369.2283,4319544.33333333,7665128
"376",370.162,5568656,5050469.33333333
"377",370.1984,5370696,4997915.66666667
"378",371.0045,3328624,2253508.66666667
"379",371.0256,,1885728
"380",371.0409,6138323,5821136
"381",371.062,8951258.66666667,8482859.66666667
"382",371.0772,6502539,6536923
"383",371.0984,10886290.6666667,11483191.3333333
"384",371.1017,3909097,2693859
"385",371.1136,5661848.33333333,6497681.33333333
"386",371.1348,8417098.66666667,11412888
"387",371.15,4710224.33333333,4567111.33333333
"388",371.1572,3888466.66666667,3394292.33333333
"389",371.1711,12000429.3333333,14230264.6666667
"390",371.1864,3064498.66666667,2816936.33333333
"391",371.1936,4418058.66666667,3633237.33333333
"392",371.2075,9276602.33333333,12367279
"393",371.23,7004696.33333333,4672949.66666667
"394",371.2439,3330247.66666667,4188773
"395",372.0725,2101750,
"396",372.1412,3418298,3415592.66666667
"397",372.1776,4063431.33333333,3832884.33333333
"398",372.1889,1736822,
"399",372.214,8898090,7178644.66666667
"400",373.0201,6119588.33333333,5138746.66666667
"401",373.0412,2057900,2442902.66666667
"402",373.0565,8859142.66666667,9021424.33333333
"403",373.0776,6019598.33333333,6614689.66666667
"404",373.0929,8239294.66666667,9495889.33333333
"405",373.114,6292678.33333333,7413080
"406",373.1293,9611809.33333333,13600775
"407",373.1326,,2155272.33333333
"408",373.1504,5985491.66666667,7421282.66666667
"409",373.1657,6898222.33333333,6461800
"410",373.1729,5128411.33333333,3794623
"411",373.1868,11400416.3333333,13731182.3333333
"412",373.202,3428752.66666667,3183645.33333333
"413",373.2093,4959123.33333333,4575263.66666667
"414",373.2232,8548931,10900174.6666667
"415",373.2596,2121381.66666667,3047813
"416",374.0881,2318544.66666667,1858009.66666667
"417",374.1569,3090153.33333333,3413657.66666667
"418",374.1721,3731865,2516467.66666667
"419",374.2449,10104414.3333333,16475828.6666667
"420",374.9994,2118508.33333333,2346907.66666667
"421",375.0358,9261604.33333333,9174268
"422",375.0569,,1934082.33333333
"423",375.0722,11686449.3333333,12763740.6666667
"424",375.0933,3633379.33333333,3370595
"425",375.1085,11170366,12242194.3333333
"426",375.1198,,1793813.33333333
"427",375.1297,3670768.33333333,5348632.66666667
"428",375.1449,11222261.6666667,12648392
"429",375.1661,4236882.66666667,5924131.66666667
"430",375.1813,8811779,8368766
"431",375.1885,2272517,2375979
"432",375.2024,8901898,14553049.6666667
"433",375.2177,3122618.33333333,3246728.66666667
"434",375.2388,6418370,7114724.66666667
"435",375.2752,3295012,4084207.66666667
"436",376.0674,3026834.66666667,1957599.66666667
"437",376.1038,2588063.66666667,
"438",376.1514,2808411,2068558.33333333
"439",376.1912,2047593.33333333,1892271.66666667
"440",376.2242,2470517,
"441",377.015,5443808.66666667,5079889
"442",377.0514,12607384,12502876.6666667
"443",377.0667,1805213.33333333,
"444",377.0878,14335908.6666667,15008956.6666667
"445",377.1089,2592172,2520088
"446",377.1242,13937244.3333333,15856839.6666667
"447",377.1354,1847818.66666667,
"448",377.1453,3175011.66666667,3425315
"449",377.1606,14224659.3333333,18909735.6666667
"450",377.1817,2600731,3889368.66666667
"451",377.197,7789515,9524445
"452",377.2181,6180476.66666667,6531299.33333333
"453",377.2333,,2212754.66666667
"454",378.0831,3065770,2315747.66666667
"455",378.1307,1903887.66666667,
"456",378.1671,3259335.33333333,2061052
"457",378.2034,3097044,1870854.66666667
"458",379.0307,9187910,9010254
"459",379.0459,2892704.66666667,2290088
"460",379.0671,14793981,15629400.6666667
"461",379.0823,2309549,2176093.33333333
"462",379.1035,16779188,17701987.3333333
"463",379.1246,2306150,2204095
"464",379.1398,15671915.3333333,17697902.3333333
"465",379.161,4159261,3711433.33333333
"466",379.1762,14408312,24180515
"467",379.2126,5824132.33333333,8981635
"468",379.2337,2398518,4020361.33333333
"469",380.0623,2341370.66666667,1722573.33333333
"470",380.0987,3207260,2203864
"471",380.1463,2689473.33333333,1908624
"472",380.1562,2936090.33333333,2434622
"473",380.1827,3530701.66666667,2694725.33333333
"474",381.0099,2616547.33333333,2769200.33333333
"475",381.0252,2832787.33333333,2340490
"476",381.0463,11648922,11605648
"477",381.0616,3891615.33333333,3307668.33333333
"478",381.0827,15435003.6666667,16550213
"479",381.098,2548822,2638324
"480",381.1038,4597336,3436362.66666667
"481",381.1191,14148871.6666667,14969167
"482",381.1312,,11724797.3333333
"483",381.1402,2499684,1985962.33333333
"484",381.1555,15617300,18424836.3333333
"485",381.1766,3334597.33333333,3360095.33333333
"486",381.1919,13630069,26934969
"487",381.2283,4248876,6113987.33333333
"488",381.2316,5029165,5242222.66666667
"489",381.3738,,3006529.66666667
"490",382.078,2549487.33333333,1791408.33333333
"491",382.1004,2922913.66666667,2054241.66666667
"492",382.1144,,1783141
"493",382.162,2679477.66666667,2003399.66666667
"494",382.1984,2708417.33333333,1950503.33333333
"495",383.0045,2122951.66666667,
"496",383.0256,4184611.66666667,4220767.66666667
"497",383.0409,4837587.33333333,4143630.33333333
"498",383.062,12208687.6666667,11245758.6666667
"499",383.0772,4493706,4248088.33333333
"500",383.0984,14291515.6666667,15207283.3333333
"501",383.1136,3554197.66666667,3268642.33333333
"502",383.1195,3650455.66666667,3514745.33333333
"503",383.1348,12152732.3333333,13090344
"504",383.15,2676641.33333333,2376321.33333333
"505",383.1572,2456142.66666667,
"506",383.1711,12926888,16786994
"507",383.1936,3591087.33333333,2837901.33333333
"508",383.2075,10266548,21151974.6666667
"509",383.23,3617552.33333333,2928535
"510",383.2439,3095829,3624859.33333333
"511",384.0936,2495524.33333333,
"512",384.13,2059994.33333333,
"513",384.1412,2259337,2075105.66666667
"514",384.1525,3522444.33333333,2927077
"515",384.1776,3811391,3073686.33333333
"516",384.214,2853279.66666667,2571594.33333333
"517",385.0201,5015367.33333333,3857098.33333333
"518",385.0412,4606115.33333333,4793039.66666667
"519",385.0565,6739453.66666667,6415059.33333333
"520",385.0776,10338820.3333333,9543044
"521",385.0929,6188553,5914333
"522",385.114,11078159,11540535.6666667
"523",385.1174,5831526,4108003.66666667
"524",385.1293,5241363.66666667,5090022.66666667
"525",385.1365,3794795.66666667,3675710
"526",385.1504,9557871.66666667,10993046.6666667
"527",385.1657,4615711,3896731
"528",385.1729,6047265.66666667,5343644.33333333
"529",385.1868,11268645.6666667,13395360.3333333
"530",385.202,2748799.66666667,2018212
"531",385.2093,6004610,3841787.33333333
"532",385.2232,7901062.33333333,9655721.66666667
"533",385.2456,3307064,2498479.66666667
"534",386.0518,1830533,
"535",386.0881,2251920,
"536",386.1205,,2463036
"537",386.1569,4026874.33333333,3213125.33333333
"538",386.1933,4551515,3826851.66666667
"539",386.9994,4977400.33333333,2800666
"540",387.0358,8128600.66666667,6973987
"541",387.0569,6619231,4739283
"542",387.0722,8902414,8554369.66666667
"543",387.0933,6935316.33333333,6306012.33333333
"544",387.1085,8796952.66666667,8746890.66666667
"545",387.1115,,4468619.33333333
"546",387.1297,6344820.66666667,6582160
"547",387.1409,1798690.33333333,
"548",387.1449,8447779.66666667,7205097
"549",387.1521,2337573.66666667,
"550",387.1661,8731775.33333333,9648707.66666667
"551",387.1813,6760238.66666667,5766045
"552",387.1885,5198299.33333333,3993161
"553",387.2024,10794804.6666667,15395404.3333333
"554",387.2177,3194681.33333333,2178640.33333333
"555",387.2249,8226960.66666667,5988263.66666667
"556",387.2388,5216405,5869824.33333333
"557",388.0674,2892168.33333333,
"558",388.1038,2547091,
"559",388.1362,,1730013
"560",388.1725,3471953.33333333,2974694
"561",388.1878,3223296.66666667,2334526.66666667
"562",389.015,6435822,4753413.33333333
"563",389.0514,10905251.3333333,10412387
"564",389.0725,3454121,2856637.33333333
"565",389.0878,13300056.3333333,14117910.3333333
"566",389.1089,4506291.33333333,4235973.66666667
"567",389.1242,11942925.3333333,12441972
"568",389.1272,,31426250.3333333
"569",389.1453,3281085.66666667,3384185.33333333
"570",389.1606,11686253,10302503.3333333
"571",389.1678,,1814740
"572",389.1817,7075187,8743980.33333333
"573",389.197,7396726.66666667,7060869.33333333
"574",389.2042,3445796,2912647
"575",389.2181,7184424,8609503.66666667
"576",389.2333,2435286.66666667,1884472.66666667
"577",389.2545,2910770.33333333,3937000.33333333
"578",390.0831,3103342.66666667,2277289
"579",390.1194,2251726,
"580",390.1671,3525253.33333333,2717628
"581",391.0307,9438747,8564180.66666667
"582",391.0459,2374431,1907074.66666667
"583",391.0671,14011940.6666667,14289031.6666667
"584",391.0882,2149589,1838476
"585",391.1035,18036270.6666667,19426788.6666667
"586",391.1246,,2344596
"587",391.1398,15894072.3333333,16051692.6666667
"588",391.1428,,19620675
"589",391.161,3132307.33333333,3904327
"590",391.1762,13437847.3333333,12717557
"591",391.1974,4334151.66666667,11994617.3333333
"592",391.2126,6331638.66666667,6888274
"593",391.2337,3187111,3982849.66666667
"594",391.2701,,3935071.33333333
"595",392.0623,2784555.66666667,2045366.33333333
"596",392.0987,2887477,2242067.66666667
"597",392.1351,,1802097
"598",392.1463,2679446.66666667,
"599",392.1827,4861429.66666667,2744443
"600",393.0099,3565597.66666667,3392383
"601",393.0252,2180129.66666667,
"602",393.0463,12967292.3333333,12684508
"603",393.0616,2958037.66666667,2565001.66666667
"604",393.0827,16255024,16774371.3333333
"605",393.0861,,3086222.66666667
"606",393.098,1840521.33333333,2104380
"607",393.1038,2873738.66666667,2634642.33333333
"608",393.1191,17578041,17970411
"609",393.1402,2830057,2052420.33333333
"610",393.1555,16862615.3333333,19554205
"611",393.1766,3447197,2889462.66666667
"612",393.1919,12315382,13640954
"613",393.213,1891238.33333333,2297512.66666667
"614",393.2283,4425130,5322668
"615",394.078,2972795,2042029.66666667
"616",394.1144,2452441,1894154.33333333
"617",394.162,2677732.33333333,2307006.33333333
"618",394.1984,2702487.66666667,2131995
"619",395.0256,5998428,6210492.33333333
"620",395.0409,3882335.66666667,3057770
"621",395.062,15856143,14919278
"622",395.0772,3435026.66666667,3142427.66666667
"623",395.0984,16531309,17614453
"624",395.1096,1862682.33333333,
"625",395.1136,2333552.66666667,2311799.66666667
"626",395.1195,28609052.6666667,16658723.6666667
"627",395.1348,15553738.6666667,16915409.3333333
"628",395.15,1908942.33333333,
"629",395.1559,,2082431.66666667
"630",395.1572,1975845,
"631",395.1711,17653630,22570626.6666667
"632",395.1923,3641219,2991921.66666667
"633",395.1936,,2452444.33333333
"634",395.2075,9297457.33333333,12779145.6666667
"635",395.2439,3192718.66666667,4638352.66666667
"636",395.2473,2017253,2866662.66666667
"637",395.3895,,2710529.66666667
"638",396.0936,2529360,2050521.33333333
"639",396.1412,1848410.33333333,
"640",396.214,2658752,2134767.33333333
"641",397.0201,3662447.33333333,2746324
"642",397.0412,7836617.33333333,8098434.66666667
"643",397.0565,4894327.33333333,4778629
"644",397.0776,13682982.3333333,14481374
"645",397.0929,4378580.33333333,4656779.33333333
"646",397.0988,,2203276.33333333
"647",397.114,13662510,14131855
"648",397.1293,3421489.66666667,3276946
"649",397.1351,3211229.33333333,2409789.33333333
"650",397.1504,13390134,15306048
"651",397.1657,2493753.33333333,2325656
"652",397.1729,3076752.33333333,2258414.66666667
"653",397.1868,13772435,21407729.3333333
"654",397.2093,4959554.33333333,3990175.33333333
"655",397.2232,7312368,10861900.6666667
"656",397.2265,6138523.66666667,6824269.33333333
"657",397.2456,4394826.33333333,3137190
"658",397.2596,,2026664
"659",398.1093,2231976,2673463
"660",398.1569,3593905.33333333,3360404.33333333
"661",398.1933,2925752.33333333,2707951.66666667
"662",398.9994,2380290.66666667,
"663",399.0205,1719900.33333333,2000670.66666667
"664",399.0358,6182239,5357174.33333333
"665",399.0569,8037390,8298788.33333333
"666",399.0722,6750224.66666667,6574374.66666667
"667",399.0933,11643583.6666667,11753087.3333333
"668",399.1085,5460674.66666667,5933014.66666667
"669",399.1297,10778651.6666667,10729092.6666667
"670",399.133,2882759.33333333,2610992
"671",399.1449,5092041.33333333,4882738
"672",399.1521,2641952,2300211
"673",399.1661,10149922.6666667,12996917.3333333
"674",399.1813,4403579,3742690.33333333
"675",399.1885,6827047.33333333,5859299.33333333
"676",399.2024,10415487.3333333,15844325.6666667
"677",399.2177,2701186.33333333,2044562.33333333
"678",399.2249,4017880.66666667,3055081
"679",399.2388,7215152.66666667,8554133.66666667
"680",399.2613,4086324.66666667,2645486.33333333
"681",400.0674,2101280.33333333,
"682",400.1362,2193794,1936582.66666667
"683",400.1725,4127454.33333333,3478646.66666667
"684",400.2089,3142031.33333333,3027068
"685",400.2202,2675089.33333333,1835304.33333333
"686",401.015,4917276.66666667,4117400
"687",401.0362,,2011120
"688",401.0514,8303309.66666667,8615154
"689",401.0725,6768337.33333333,6154144
"690",401.0878,8236073,9450060.66666667
"691",401.1089,9635543.33333333,8990628.33333333
"692",401.1242,7783812.66666667,8558502.66666667
"693",401.1453,8558984.33333333,11384063
"694",401.1606,8185568.33333333,7675137.33333333
"695",401.1678,3384716.66666667,3222786
"696",401.1817,8835470.33333333,9576366.66666667
"697",401.197,5959398.66666667,4800091.33333333
"698",401.2042,7304594.33333333,6548742.66666667
"699",401.2181,8393791,9430281
"700",401.2333,3032983.33333333,2739466.66666667
"701",401.2406,5818093.66666667,4708961
"702",401.2545,2832112,3035917.66666667
"703",402.0467,1978567.33333333,
"704",402.0831,2596216,
"705",402.1518,2493314.66666667,2665346.33333333
"706",402.1882,2253790,2158470.66666667
"707",402.1994,,1846322.33333333
"708",402.9943,3124910.33333333,2540690
"709",403.0307,8628916,7911574.66666667
"710",403.0518,2094433.66666667,1785923.66666667
"711",403.0671,10979342.3333333,11347440.3333333
"712",403.0882,4005905.66666667,4237128
"713",403.0916,1977618.33333333,
"714",403.1035,10695358.6666667,13310794
"715",403.1246,4368065.33333333,4863820
"716",403.1398,12537198.6666667,17881933.6666667
"717",403.161,4882801.33333333,5653328.33333333
"718",403.1762,11338441,10199890
"719",403.1834,4584820.66666667,3883517.66666667
"720",403.1974,6830796.33333333,7116969.66666667
"721",403.2126,6197625,4962475.66666667
"722",403.2198,2929530,2551980.66666667
"723",403.2337,5142225.66666667,5652312.33333333
"724",403.249,2403027.33333333,3527002.33333333
"725",403.2701,,1868807.33333333
"726",404.0623,2697627,1949704.33333333
"727",404.0987,2634229.33333333,2150327
"728",404.1827,3203243.33333333,2850581.33333333
"729",405.0099,4927083.33333333,4042770
"730",405.0463,10999408,11274603
"731",405.0616,2239943,1931628.66666667
"732",405.0827,14312393.3333333,16037571.6666667
"733",405.1038,2993271,2855792.33333333
"734",405.1191,14104867.3333333,17761991
"735",405.1402,1940859.33333333,1872414.66666667
"736",405.1515,16037500.6666667,11700597
"737",405.1555,14031826.6666667,13675552.3333333
"738",405.1766,4426368,4340428.66666667
"739",405.1919,12125143.3333333,11490339.3333333
"740",405.213,3553071,4196389.33333333
"741",405.2283,4847238,4800550.66666667
"742",405.2494,2205832.66666667,4709758
"743",405.2858,,1658156
"744",406.078,3024788.33333333,2094877
"745",406.1144,2439235,2015861.66666667
"746",406.162,2003613.66666667,
"747",406.1984,3023948.33333333,1863036.66666667
"748",407.0256,6761295,6943934.33333333
"749",407.0409,2463909.66666667,2415466
"750",407.062,13436754.6666667,13787670.3333333
"751",407.0772,2371924,2894018
"752",407.0984,16476673,18585454.6666667
"753",407.1195,2577582,2267760.33333333
"754",407.1348,16709466.3333333,19695473.3333333
"755",407.1559,,1998792.33333333
"756",407.1711,15363250.6666667,15300468.3333333
"757",407.1923,3321354.66666667,4169589.33333333
"758",407.2075,9655478.66666667,10412577.6666667
"759",407.2439,2710885,3135353.33333333
"760",407.265,,2226555
"761",408.0936,2963552.33333333,2130015
"762",408.1776,3034557.33333333,2151951.33333333
"763",409.0201,2416303.33333333,
"764",409.0412,8816646.33333333,9448771.66666667
"765",409.0446,28947121.3333333,
"766",409.0565,3686919.66666667,3157657.66666667
"767",409.0776,15065780,15173616.3333333
"768",409.0929,2794848,2629446.66666667
"769",409.0988,4060170.66666667,2358940.33333333
"770",409.114,15695884.3333333,15808498.6666667
"771",409.1293,1961229.66666667,
"772",409.1351,4328120.66666667,2579785
"773",409.1504,17478330,20331850
"774",409.1715,,2117280.66666667
"775",409.1868,15142247.3333333,14968822.6666667
"776",409.1902,,1940129.66666667
"777",409.2079,,1894733
"778",409.2232,6373055.66666667,8127822
"779",409.2596,,2259962.66666667
"780",410.0729,2007806.66666667,
"781",410.1093,2493355.66666667,
"782",411.0205,2699751.33333333,2755149.66666667
"783",411.0358,4026514.66666667,3551822
"784",411.0569,10459284.3333333,9827065.66666667
"785",411.0722,4404714.66666667,4433999.33333333
"786",411.0933,13934059.6666667,13017851
"787",411.1085,3656855.33333333,3348219.66666667
"788",411.1144,5673111.33333333,4692390.66666667
"789",411.1297,12396014,12436220.3333333
"790",411.133,5737966,
"791",411.1449,2798062.66666667,2653949
"792",411.1661,12668400,16091219
"793",411.1813,2610160.66666667,
"794",411.1885,3302726.66666667,2625278.66666667
"795",411.2024,10185543.6666667,13118207.3333333
"796",411.2058,4059634.66666667,2898687.33333333
"797",411.2249,4935155.33333333,4939520
"798",411.2388,4220404,6149888.33333333
"799",411.2613,2393930.66666667,
"800",412.1725,2893521.33333333,2834208
"801",412.1838,1810642,
"802",412.2089,,1919691.66666667
"803",412.2202,2107177.33333333,
"804",413.015,3642787,2789344.66666667
"805",413.0362,3766692,3568268
"806",413.0514,5907023,5187383
"807",413.0725,9644965.33333333,8663181
"808",413.0759,3019515,4010125
"809",413.0878,5477968.66666667,5658765
"810",413.1089,10542673.6666667,9981411
"811",413.1242,4601767.66666667,4653198
"812",413.1301,7735890.33333333,5617806
"813",413.1453,8562600.33333333,9359502.33333333
"814",413.1606,4523774.33333333,4024462.66666667
"815",413.1678,3377065,2724324
"816",413.1817,9296127,12766692.6666667
"817",413.197,3673685,3241615.33333333
"818",413.2042,6662400.33333333,5719184
"819",413.2181,8276225,11414330.6666667
"820",413.2406,3997953.66666667,2815291
"821",413.2545,2537218,3286843
"822",413.2769,2551725.66666667,
"823",414.0831,1920032.33333333,
"824",414.1042,1819595.66666667,
"825",414.1882,3158819.33333333,3587915.66666667
"826",414.2358,3705807.66666667,2291361.66666667
"827",415.0307,5992763,5315071.33333333
"828",415.0518,4002449.33333333,3726164.66666667
"829",415.0671,7669052,6951082.33333333
"830",415.0882,6978535.66666667,6441812.66666667
"831",415.1035,7709330.33333333,8315733
"832",415.1246,7771453.66666667,6724437
"833",415.1398,6766227,6731946.33333333
"834",415.161,12416659.6666667,8316416
"835",415.1762,7440020,5654698.66666667
"836",415.1834,4467007,4188331
"837",415.1974,7237610,9382741.66666667
"838",415.2126,4859541,4011861.66666667
"839",415.2198,9073984,7422122.66666667
"840",415.2337,6838250.66666667,9706325.66666667
"841",415.249,1994219,
"842",415.2562,2978112.66666667,2127872.33333333
"843",415.2701,,1862486
"844",416.1675,2748412.33333333,3117570.66666667
"845",416.2151,2607101,
"846",417.0099,4007600.66666667,3296255.33333333
"847",417.0463,8747356.33333333,8135508.66666667
"848",417.0675,2957319,2746196
"849",417.0827,9660081.66666667,10159614.6666667
"850",417.1038,4489905.66666667,4428627.66666667
"851",417.1072,3168604.33333333,2380115.66666667
"852",417.1191,9536519.33333333,10900308
"853",417.1402,3406172.66666667,4025171.33333333
"854",417.1555,10662236.6666667,9445544.66666667
"855",417.1766,4118365,5582334
"856",417.1919,8816306.66666667,7437139.33333333
"857",417.1991,4316168,3244883.33333333
"858",417.213,5708808,7181139
"859",417.2283,4896093.33333333,4909565.33333333
"860",417.2355,3409074.66666667,3169277.33333333
"861",417.2494,4129800,4576082.66666667
"862",418.078,2425013.66666667,
"863",419.0256,6152882.66666667,5710990.33333333
"864",419.0409,1726642.33333333,
"865",419.062,10628786.3333333,10808120
"866",419.0984,11811164.6666667,12403511.3333333
"867",419.1195,2379442,2381793.33333333
"868",419.1348,11708082,14239201
"869",419.1559,2022748.33333333,2034656.33333333
"870",419.1711,13317809.6666667,11430027
"871",419.1923,,3299978.33333333
"872",419.2075,9197574.66666667,8125236.66666667
"873",419.2287,2597211.66666667,4419721.33333333
"874",419.2439,3432283.66666667,3276766.66666667
"875",419.265,3185670,3986910.33333333
"876",420.0936,2667346,1763273.66666667
"877",421.0412,8711831.33333333,8175703.66666667
"878",421.0565,2584897.33333333,2166700.66666667
"879",421.0776,11723073,11938561.3333333
"880",421.114,14978026.6666667,14537472.3333333
"881",421.1351,2436074.66666667,1925461
"882",421.1504,13563540.6666667,12175444.3333333
"883",421.1715,,2243155.66666667
"884",421.1868,12877459.6666667,11759016.3333333
"885",421.2079,,1752658
"886",421.2093,2102078.33333333,
"887",421.2232,6123838,6570748.66666667
"888",421.2265,21341843,21795239
"889",421.2596,2077927.66666667,
"890",422.1093,2422227,
"891",423.0205,3472481.66666667,3204448.66666667
"892",423.0358,2653366.66666667,2258954.66666667
"893",423.0569,10291467.3333333,9897993.66666667
"894",423.0722,2995808.33333333,3048457
"895",423.0933,12778420.6666667,12195848.3333333
"896",423.1085,,2167474.33333333
"897",423.1144,3865524,3315719.33333333
"898",423.1297,13394867.6666667,12864860
"899",423.1508,2396253.33333333,2418011
"900",423.1661,12107356.6666667,12010842
"901",423.1872,2656177.66666667,
"902",423.2024,9708465,10378584.3333333
"903",423.2388,4444421.33333333,4873559
"904",424.0885,1973648.33333333,
"905",425.015,2287295,
"906",425.0362,4991849,4671741
"907",425.0514,3913405.66666667,3904423
"908",425.0725,12025362,9975717.66666667
"909",425.0878,3558758.66666667,3546703.66666667
"910",425.1089,11622587,11005859.3333333
"911",425.1242,2728975.66666667,2822733.66666667
"912",425.1301,4270607.66666667,4199330.66666667
"913",425.1453,10281145.6666667,10574412
"914",425.1606,2250424.66666667,2628683.66666667
"915",425.1817,16847031.6666667,11065930.3333333
"916",425.2042,2889228,2422515.66666667
"917",425.2181,7042912.66666667,8323656.33333333
"918",425.2406,2525535.66666667,2187676.33333333
"919",425.2545,2549770,3170715.66666667
"920",425.2578,2761908.33333333,3100401
"921",427.0307,3783771.66666667,3383943
"922",427.0518,5741658,5115696.33333333
"923",427.0671,5502041.66666667,4970969.66666667
"924",427.0882,9349891,8023854
"925",427.1035,4489303.33333333,4404013
"926",427.1093,3343617.66666667,3580887
"927",427.1246,8035755.66666667,8043990.33333333
"928",427.1398,3805099,3365503.66666667
"929",427.1457,2727509,1893333
"930",427.161,8426239,8779561
"931",427.1762,4206334,3085437.66666667
"932",427.1834,3220734,2856914.66666667
"933",427.1974,8153170.33333333,9618556.33333333
"934",427.2126,3319036,2340304.66666667
"935",427.2198,5565862.66666667,4629968.33333333
"936",427.2337,4993104.66666667,5807225.66666667
"937",427.2562,4086692.33333333,2934221.66666667
"938",428.0987,1994953,
"939",428.2038,,2458852
"940",428.2151,2421442.33333333,
"941",428.2515,2753899,
"942",429.0099,2954897.33333333,2370048.33333333
"943",429.0463,6013241.66666667,5565096.66666667
"944",429.0675,5145229.66666667,4362577.66666667
"945",429.0827,6419426,6184273
"946",429.1038,7158411.33333333,5845327.33333333
"947",429.1191,5854858.66666667,6115320.66666667
"948",429.125,6049418.33333333,4313080.33333333
"949",429.1402,5665417.33333333,5623457.66666667
"950",429.1555,5914589.66666667,5188939.33333333
"951",429.1766,6100956,6631071.33333333
"952",429.1919,5778395.33333333,4422643.33333333
"953",429.1991,4814469.66666667,4164595
"954",429.213,6313946,8502940.66666667
"955",429.2283,3903278.33333333,2992112.66666667
"956",429.2355,5310083,3926683
"957",429.2494,3131863.33333333,3617775
"958",429.2719,2712192.66666667,
"959",430.1831,2165658,2056788.33333333
"960",430.1943,2078446.33333333,
"961",430.2307,2613995.66666667,1736102.33333333
"962",431.0256,5100042,4193128.33333333
"963",431.062,8138588.66666667,7766203
"964",431.0831,4422491.33333333,3088398.33333333
"965",431.0984,8351578.33333333,8951309.33333333
"966",431.1195,5840387.33333333,4509878
"967",431.1229,2511021.66666667,
"968",431.1348,8293207.66666667,7473333
"969",431.1559,4277078,6614536.33333333
"970",431.1711,8735914.33333333,7121415.33333333
"971",431.1784,,2064903
"972",431.1923,5324627,4946096.33333333
"973",431.2075,7766525,6220633.66666667
"974",431.2147,3828562,3316569.66666667
"975",431.2287,5763579.66666667,8536920
"976",431.2439,3593722.33333333,3078145.66666667
"977",431.2511,2935290,2411862.33333333
"978",431.265,,1991168.33333333
"979",433.0049,2265633.66666667,1910128.66666667
"980",433.0412,7346206.66666667,6917144.33333333
"981",433.0776,9217052,9293844.66666667
"982",433.0988,2058096,1993832.66666667
"983",433.1021,1959279.33333333,1886738.66666667
"984",433.114,10850670.6666667,10802535
"985",433.1351,2547223.66666667,2059450.33333333
"986",433.1504,10378945,9338894.33333333
"987",433.1715,,1988450
"988",433.1868,10258110.6666667,8553142.33333333
"989",433.2079,3188071.33333333,8373599
"990",433.2232,6961851.66666667,6553608.66666667
"991",433.2443,3404473.66666667,6866609.33333333
"992",433.2596,,2097157.33333333
"993",434.0729,,1627070.66666667
"994",434.1093,2195061,
"995",435.0205,3840213.66666667,3284159.66666667
"996",435.0569,9539794.66666667,8621244.33333333
"997",435.0722,2099921.33333333,1807205.66666667
"998",435.0933,11216421,11269305
"999",435.1144,3336056.33333333,2081634
"1000",435.1297,12058146,12524725.6666667
"1001",435.1508,,2126686.33333333
"1002",435.1661,11608265.6666667,10184541
"1003",435.1872,,2055856.66666667
"1004",435.2024,9976007,9176239.33333333
"1005",435.2236,,3001005.33333333
"1006",435.2249,2074820.66666667,
"1007",435.2388,5335918.33333333,5406891.66666667
"1008",435.26,1667436.33333333,2368340.33333333
"1009",437.0362,5888725.33333333,5559643
"1010",437.0514,2736169.66666667,2238980
"1011",437.0725,10504231.6666667,9840983.33333333
"1012",437.0878,2374353.33333333,2186582
"1013",437.1089,11048314,10811732.3333333
"1014",437.1242,,1754962.66666667
"1015",437.1301,2510541.66666667,2086567.66666667
"1016",437.1453,13383713.3333333,13155323.3333333
"1017",437.1664,2229109,1846094.66666667
"1018",437.1817,10767731.6666667,9649826.66666667
"1019",437.2181,7426416.66666667,7838708.33333333
"1020",437.2545,2591597.33333333,3263473.33333333
"1021",439.0307,2666534,1935430.33333333
"1022",439.0518,6822436,5842415
"1023",439.0552,13338489.3333333,
"1024",439.0671,3344930.66666667,3503597.66666667
"1025",439.0882,9569483.33333333,8530753
"1026",439.1035,2810570,2823316.66666667
"1027",439.1093,,2356713.66666667
"1028",439.1246,9715571,8695272
"1029",439.1398,,2067601.33333333
"1030",439.1457,5306225.33333333,5126971.33333333
"1031",439.161,9839130.66666667,8986767
"1032",439.1762,2116121,
"1033",439.1974,8301079.33333333,8287713
"1034",439.2198,2710378.33333333,2192521.33333333
"1035",439.2337,4802751,5526664
"1036",439.2701,,1719599.33333333
"1037",441.0099,2258803.66666667,
"1038",441.0311,2132508.66666667,1718828.66666667
"1039",441.0463,3957275.33333333,3534806
"1040",441.0675,6935235.33333333,5567785.33333333
"1041",441.0827,4197741,4073767.66666667
"1042",441.1038,8031936.33333333,6881914.66666667
"1043",441.1191,3964094.66666667,3649827.66666667
"1044",441.125,3154793.33333333,3892344.66666667
"1045",441.128,3376233,
"1046",441.1402,6551570.33333333,6114935
"1047",441.1555,3051366.33333333,2754677.66666667
"1048",441.1614,4248934,2326815.66666667
"1049",441.1766,9872399.33333333,29311603.6666667
"1050",441.1919,3498851,2662684.66666667
"1051",441.1991,2800994.33333333,2229190.66666667
"1052",441.213,6218763.66666667,6778821.33333333
"1053",441.2283,2933258.66666667,1882051.66666667
"1054",441.2355,5151412.33333333,4379245.66666667
"1055",441.2494,3310771,3607660
"1056",441.2528,2915165.66666667,2937964
"1057",442.1943,2653618.33333333,1989646.33333333
"1058",442.2307,2931802,1752757.33333333
"1059",443.0256,3853158.66666667,3103163.33333333
"1060",443.0467,,2086329
"1061",443.062,5521934.33333333,4829282
"1062",443.0831,5426700,4561333.33333333
"1063",443.0984,5514762.66666667,5109854.66666667
"1064",443.1195,7755955.33333333,5517746.33333333
"1065",443.1348,5255687.33333333,4745307
"1066",443.1406,,1932634.66666667
"1067",443.1559,4325893.66666667,4682158.66666667
"1068",443.1711,5358084,3955117
"1069",443.1784,,2134444.33333333
"1070",443.1923,9560919.66666667,6957482.66666667
"1071",443.2075,5612374.33333333,4242857.33333333
"1072",443.2147,4684629.33333333,3778984.66666667
"1073",443.2287,4228607,4940881.66666667
"1074",443.2439,3496616.33333333,2372347
"1075",443.2511,2873511.33333333,2264655.66666667
"1076",443.265,,1974009
"1077",444.1181,6643459.33333333,6293155.66666667
"1078",444.21,2190416,
"1079",444.2464,4263671.66666667,2176321.33333333
"1080",445.0412,5762053.33333333,5194993.66666667
"1081",445.0776,6864556.66666667,6521753.33333333
"1082",445.0988,3728384,2905494.66666667
"1083",445.114,7346174.66666667,6792085.33333333
"1084",445.1351,3225938,2849683.33333333
"1085",445.1504,7198374.33333333,6279057.66666667
"1086",445.1715,3431247,3287439.66666667
"1087",445.1868,7487821.33333333,5677283.33333333
"1088",445.2079,12882592.6666667,20607201
"1089",445.2232,6265844.66666667,4848522.33333333
"1090",445.2304,4635295,3629449.66666667
"1091",445.2443,2973853.66666667,4292488
"1092",445.2596,3079324,2339718.66666667
"1093",447.0205,3526484.66666667,2996269.33333333
"1094",447.0569,7304700.33333333,6720554
"1095",447.0933,8162809,8211153
"1096",447.1144,29278711,3212836.33333333
"1097",447.1297,8415733.66666667,8233677.33333333
"1098",447.1508,2240841.33333333,2045813.66666667
"1099",447.1661,9279986.33333333,7376927
"1100",447.1872,,2315804.66666667
"1101",447.2024,9249263.33333333,7319579.33333333
"1102",447.2236,22568088.3333333,33737412.3333333
"1103",447.2388,5390486.66666667,4600514.66666667
"1104",447.26,,2522475.33333333
"1105",447.2752,,1647380.33333333
"1106",448.0885,2003959.33333333,
"1107",449.0362,5662715.66666667,4965225
"1108",449.0725,8629923.66666667,7913317.33333333
"1109",449.0878,,1754980
"1110",449.1089,11082059,10467852
"1111",449.1301,3161417,2498229
"1112",449.1453,9490759.66666667,8320179.66666667
"1113",449.1817,9982959.33333333,7951536
"1114",449.2028,,2324654
"1115",449.2181,8300183,7238146
"1116",449.2392,,2668714.66666667
"1117",449.2545,3626644,3346260
"1118",449.2756,,2653863
"1119",451.0154,1894744.66666667,
"1120",451.0518,6924800.33333333,6166868.33333333
"1121",451.0671,2461012.66666667,2237950
"1122",451.0882,8884733.66666667,8201212
"1123",451.1035,,1900453
"1124",451.1123,4859046,4958201.33333333
"1125",451.1246,11536549.3333333,11449336.3333333
"1126",451.161,9664674.66666667,8214175.66666667
"1127",451.1974,8832500.66666667,8167751
"1128",451.2337,5559794,6515694
"1129",451.2701,1758190.66666667,2000875
"1130",453.0311,2871485,2406902
"1131",453.0463,2991974.33333333,2453492.66666667
"1132",453.0675,7740431.66666667,6226418.66666667
"1133",453.0827,3073038.33333333,2657777.33333333
"1134",453.1038,8555191.66666667,7718383.33333333
"1135",453.1191,2645686.66666667,2152088.66666667
"1136",453.125,5758646,4865517.66666667
"1137",453.1402,8529930.33333333,9131500.33333333
"1138",453.1614,3039070,2644458.66666667
"1139",453.1766,7909042.33333333,7299902.33333333
"1140",453.213,6673412.66666667,6928528.66666667
"1141",453.2494,3591682,4366477.66666667
"1142",455.0256,2541445.33333333,2067445
"1143",455.0467,3949614.33333333,2915656.66666667
"1144",455.062,4102018.66666667,3498311.33333333
"1145",455.0831,6946689.33333333,5315568
"1146",455.0984,3583531.33333333,3532441.66666667
"1147",455.1195,6842921.66666667,5966488
"1148",455.1348,3040126,2874860
"1149",455.1406,15063592,11130176.6666667
"1150",455.1559,5645521.66666667,5371882.33333333
"1151",455.1711,3224614,2657086
"1152",455.177,2883451,2566291
"1153",455.1923,5795023.33333333,5948391
"1154",455.2075,3383161,2417979
"1155",455.2147,3114189.66666667,2246458.33333333
"1156",455.2287,4609911.33333333,4868409.33333333
"1157",455.2439,2520438.66666667,
"1158",455.2511,3876555.33333333,2763234
"1159",455.265,,2383499.66666667
"1160",456.21,2709134,1900777.66666667
"1161",456.2464,2036448.66666667,
"1162",457.0412,4361307.33333333,3656190
"1163",457.0624,3949317,2740562
"1164",457.0776,4982532,5095589.66666667
"1165",457.0988,4932013.33333333,4075001.66666667
"1166",457.114,4465068.66666667,4453880.66666667
"1167",457.1199,,2152440
"1168",457.1351,4279894,4033015
"1169",457.1504,4478037,3851765.66666667
"1170",457.1563,3332863.33333333,2460832.33333333
"1171",457.1715,4146942.33333333,4826612
"1172",457.1868,5032360.33333333,3764040.33333333
"1173",457.194,,2187250.66666667
"1174",457.2079,4637436.66666667,4971676
"1175",457.2232,4667131.33333333,3299824
"1176",457.2304,3045627,2665114
"1177",457.2443,3145466.33333333,3529198.33333333
"1178",457.2596,2938617.33333333,2353304.33333333
"1179",457.2668,2555726.33333333,
"1180",458.2256,2684100,
"1181",458.262,2755777.66666667,
"1182",459.0205,3116955,2483224
"1183",459.0569,5630617,5369536
"1184",459.078,3013784.33333333,2313577.33333333
"1185",459.0933,6252183.33333333,6127293.66666667
"1186",459.1144,3647809,3087548.33333333
"1187",459.1297,5924843,5471931
"1188",459.1508,3054569.66666667,2508985.66666667
"1189",459.1661,6052158.33333333,5048334
"1190",459.1872,4606440,8673633.66666667
"1191",459.2024,7153639.33333333,5597536.66666667
"1192",459.2236,6390417,4596063
"1193",459.2388,5937808,4192947.66666667
"1194",459.246,3004048,2484573.33333333
"1195",459.26,2054116.66666667,2469383.33333333
"1196",459.2752,2380089,1906523.66666667
"1197",461.0362,5120578.33333333,4081898
"1198",461.0725,6897558,6566119.66666667
"1199",461.0937,2190229.33333333,1776699.33333333
"1200",461.1089,7318761.66666667,7157989.33333333
"1201",461.1301,4688446.33333333,3127695
"1202",461.1453,7540968.66666667,6962744.33333333
"1203",461.1664,,2140215.33333333
"1204",461.1817,8181308.33333333,6560651.66666667
"1205",461.2028,8075494.33333333,9989685
"1206",461.2181,8038971,6401588
"1207",461.2392,6604346.33333333,5062877.33333333
"1208",461.2545,4997860.66666667,3655218
"1209",463.0518,6343849,5871394.33333333
"1210",463.0882,7385255.66666667,7249354.33333333
"1211",463.1093,2721959.33333333,2244212.33333333
"1212",463.1246,7867900.33333333,7876723.33333333
"1213",463.161,8655696.66666667,7255495
"1214",463.1974,8542373,7938159.33333333
"1215",463.2185,35118585.6666667,13283438.6666667
"1216",463.2337,6737401.33333333,6021912.33333333
"1217",463.2701,2852770.66666667,2468972
"1218",465.0311,3802575,2895723.66666667
"1219",465.0675,6933966.33333333,6142997
"1220",465.0827,,1937257.66666667
"1221",465.1038,8519459.33333333,11286547.3333333
"1222",465.125,3617570.66666667,2966034.66666667
"1223",465.128,3033208,3766973
"1224",465.1402,8285986.66666667,8433682
"1225",465.1766,8017698,7015099
"1226",465.213,7713569.33333333,7063566.66666667
"1227",465.2341,,2484749.33333333
"1228",465.2494,4315083,4592653
"1229",467.0467,4505692.33333333,3504579.66666667
"1230",467.062,2674439,2637933.66666667
"1231",467.0831,7248647,6518722.33333333
"1232",467.0984,2487046.66666667,2665239
"1233",467.1195,6995718.33333333,6542614
"1234",467.1348,,1938112.33333333
"1235",467.1406,4434694.33333333,3828672
"1236",467.1559,7916635.66666667,7513365
"1237",467.1711,2131888.66666667,
"1238",467.1923,6761221.66666667,6604051.33333333
"1239",467.2075,1928453.66666667,
"1240",467.2134,,1951848
"1241",467.2287,5001989.66666667,5927186
"1242",467.265,3147183.66666667,3277243.33333333
"1243",469.0412,3252987.33333333,2419072
"1244",469.0624,4699216.33333333,3978794
"1245",469.0776,3530661.66666667,3514238.66666667
"1246",469.0988,5868624,5012691.33333333
"1247",469.114,2830416,2984829.66666667
"1248",469.1199,2516731,2791634.66666667
"1249",469.1351,5373691,4922578.66666667
"1250",469.1504,,2726610
"1251",469.1563,3389520.33333333,2902567.33333333
"1252",469.1715,5710928.33333333,5352316
"1253",469.1868,,2362406
"1254",469.1927,,1789307.33333333
"1255",469.2079,5099770.66666667,5226704
"1256",469.2232,2929744,2188325.33333333
"1257",469.2304,1969573.33333333,
"1258",469.2443,3635792,4198607
"1259",469.2807,,1893496.66666667
"1260",470.2256,2772390.33333333,1801907.33333333
"1261",471.0205,2149289.33333333,
"1262",471.0569,4262996.33333333,3748681.33333333
"1263",471.078,3976276.33333333,3352051.66666667
"1264",471.0933,4282282,4160670
"1265",471.1144,4708436.66666667,3879411
"1266",471.1297,3727615.33333333,3779399.33333333
"1267",471.1355,7393023.66666667,7726236.66666667
"1268",471.1508,3595178.33333333,3426802
"1269",471.1661,3760895.66666667,3368775
"1270",471.1719,2779733,2599068.33333333
"1271",471.1872,3483391.66666667,4122779.66666667
"1272",471.2024,4552447.66666667,3366726.33333333
"1273",471.2097,,1871430
"1274",471.2236,3679146.66666667,4046320.33333333
"1275",471.2388,4335531,3078981
"1276",471.26,2358187,2842948.66666667
"1277",471.2752,2790485.66666667,
"1278",472.2413,3286109.66666667,
"1279",473.0362,3649297,2895137
"1280",473.0725,5476455.33333333,4994165.66666667
"1281",473.0937,2897170,2531445.33333333
"1282",473.1089,5266535.33333333,5183946.33333333
"1283",473.1301,2897512,2727541
"1284",473.1453,4853181.33333333,4703689.66666667
"1285",473.1664,3085928,2677364
"1286",473.1817,5896638,4793801.33333333
"1287",473.1887,,2897182.66666667
"1288",473.2028,3773203.33333333,3651358.33333333
"1289",473.2181,6264254,4302622
"1290",473.2392,,3059485.66666667
"1291",473.2545,4846015,3607325.66666667
"1292",473.2756,,2162290.33333333
"1293",473.2826,,2068082.33333333
"1294",473.2909,2378090,
"1295",474.1729,2942412.33333333,5231716.66666667
"1296",475.0518,5473073.33333333,4833710.66666667
"1297",475.0882,6077916.66666667,5986051.66666667
"1298",475.1093,,1781166.33333333
"1299",475.1246,6273501.66666667,5930072.66666667
"1300",475.1457,3090568.33333333,1937838
"1301",475.161,6204211.33333333,5540952.33333333
"1302",475.1821,,2112088.33333333
"1303",475.1974,7746356,6235906.66666667
"1304",475.2185,4675039.33333333,4111789.33333333
"1305",475.2337,7165407.33333333,5573719.66666667
"1306",475.2549,,1886466.33333333
"1307",475.2701,4030773.66666667,2966615.33333333
"1308",477.0311,3432114,2749854.33333333
"1309",477.0675,6487560.33333333,5665523.33333333
"1310",477.1038,6692020,6381299.33333333
"1311",477.125,4950879.33333333,3149896.33333333
"1312",477.1402,7351818.33333333,6607944.66666667
"1313",477.1726,2692789.66666667,2055752.33333333
"1314",477.1766,7248395.33333333,5801715
"1315",477.1977,,1992946.66666667
"1316",477.213,8620897.33333333,6589853.33333333
"1317",477.2341,7485623.33333333,5514994.66666667
"1318",477.2494,5660855.66666667,5217693
"1319",477.2858,2975075,2023495.66666667
"1320",479.0467,4526313.33333333,3929155.33333333
"1321",479.062,1868863,
"1322",479.0831,6264725,5844376.66666667
"1323",479.1195,6625857,6227693.66666667
"1324",479.1406,,2558019
"1325",479.1559,7104066,6819565.66666667
"1326",479.1923,7182573.66666667,6313027.33333333
"1327",479.2134,,2069742
"1328",479.2287,6217625.66666667,5733443
"1329",479.265,3557786.66666667,3650968.66666667
"1330",479.3014,18067526,
"1331",481.0412,2072617.66666667,
"1332",481.0624,5140437,4024050.33333333
"1333",481.0776,2284501.33333333,2142621
"1334",481.0988,6202667.66666667,5026546.33333333
"1335",481.114,,2300658.33333333
"1336",481.1199,,2012573.33333333
"1337",481.1351,6884994.33333333,5728669.66666667
"1338",481.1715,6375726,6319858.66666667
"1339",481.1844,,3458632
"1340",481.2079,5539460.66666667,5718088.33333333
"1341",481.2443,4458459,4899912.33333333
"1342",481.2807,2312498,2484638
"1343",482.1668,,6791587.33333333
"1344",483.0569,3075614,2815061.33333333
"1345",483.078,4634483.66666667,3674198
"1346",483.0933,2943860.33333333,2726998
"1347",483.1144,4800543.66666667,4247297
"1348",483.1297,,2302294.33333333
"1349",483.1355,5017632.66666667,3966379.33333333
"1350",483.1508,4712993,4292353
"1351",483.1661,2954871.33333333,2036822.66666667
"1352",483.1719,2470092.66666667,1818881.33333333
"1353",483.1872,4471160,4295766.66666667
"1354",483.2001,,6067287
"1355",483.2236,4192974.33333333,4320343.33333333
"1356",483.2388,2961615.33333333,1787309
"1357",483.26,,3423831.33333333
"1358",484.2413,,1913271.33333333
"1359",485.0362,3154370.33333333,2224065.33333333
"1360",485.0573,2620952.33333333,1785452.33333333
"1361",485.0725,3882947.66666667,3325378
"1362",485.0937,3864687,3016471.33333333
"1363",485.1089,3787717,3436994.33333333
"1364",485.1301,3552709.66666667,3004184
"1365",485.1453,3095153.33333333,2868845.66666667
"1366",485.1512,12945180,11775768.3333333
"1367",485.1664,3000946,3068526
"1368",485.1817,3870066.66666667,3031150.33333333
"1369",485.1876,1684936.33333333,
"1370",485.2028,3234590,3344153.33333333
"1371",485.2181,4549748.33333333,3085081
"1372",485.2392,2912544,3414468.33333333
"1373",485.2545,4277707.33333333,2528196.33333333
"1374",485.2756,,2254874
"1375",485.2909,2497314,
"1376",485.3272,2972622,
"1377",486.1253,2695835,
"1378",486.2204,2123081.66666667,
"1379",486.2569,2273782,
"1380",487.0518,4393325.66666667,3367563
"1381",487.0729,2658500,
"1382",487.0882,4593348.66666667,4079755.66666667
"1383",487.1093,2768240.33333333,2114358.66666667
"1384",487.1246,4067526.33333333,3888268.33333333
"1385",487.1305,,2206007
"1386",487.1457,2668658,2025527.33333333
"1387",487.161,4180338.66666667,3408866.33333333
"1388",487.1821,2538526.33333333,2444258.66666667
"1389",487.1974,5748254.66666667,3791672.33333333
"1390",487.2185,2295327.66666667,2668686
"1391",487.2337,6286880.66666667,4012515.66666667
"1392",487.2549,,2314212
"1393",487.2701,4633805,3027599
"1394",487.2913,,2402447.33333333
"1395",487.3065,2482382.66666667,
"1396",487.3429,3762554.66666667,
"1397",489.0311,3004529.66666667,2389851.33333333
"1398",489.0675,5215006,4554929.66666667
"1399",489.1038,5135989,4740957
"1400",489.1402,5251361.33333333,4584627.33333333
"1401",489.1766,5699875.33333333,4450142.66666667
"1402",489.1977,2641017.33333333,2677940.66666667
"1403",489.213,6345338.33333333,4893535.66666667
"1404",489.2494,6167505.33333333,4854283
"1405",489.2705,,2170720.66666667
"1406",489.2858,3765714.66666667,2394294.66666667
"1407",491.0467,4402555.33333333,3509470
"1408",491.0831,5439869,4737247
"1409",491.1195,5190697.33333333,4607199.66666667
"1410",491.1559,6208896,5520609
"1411",491.1923,6833879,5696396.33333333
"1412",491.1993,,5959564.66666667
"1413",491.2134,2678147,5790946
"1414",491.2287,7139374,5532216
"1415",491.2498,,2045667
"1416",491.265,5162714.33333333,3902691.33333333
"1417",492.1835,3085745.33333333,9134671.66666667
"1418",493.0624,4544646,4068625.66666667
"1419",493.0988,5414706.33333333,4906258.33333333
"1420",493.1351,5724980,5146558
"1421",493.1563,,2529555.66666667
"1422",493.1715,5954016.66666667,4681663.33333333
"1423",493.2079,6405261,5309717
"1424",493.229,2601273,4900117.66666667
"1425",493.2443,5228857.66666667,5035968.66666667
"1426",493.2807,2794811.66666667,2333292.66666667
"1427",495.0416,2789606,1847369
"1428",495.0569,2134758.66666667,
"1429",495.078,5170407.66666667,3765919
"1430",495.1144,5312062.66666667,4612427
"1431",495.1297,,1836875.33333333
"1432",495.1508,5704256.66666667,4974582.33333333
"1433",495.1637,,2135201.66666667
"1434",495.1719,10627308,9402359.66666667
"1435",495.1872,5182701,4861261
"1436",495.2236,4863897.33333333,4690595.33333333
"1437",495.26,3520923,3902799.33333333
"1438",495.2963,6812402,
"1439",496.1824,,5401280
"1440",497.0573,3049628,2269744.33333333
"1441",497.0725,3073863.66666667,2091739.66666667
"1442",497.0937,4291059,3503495
"1443",497.1089,,2290738
"1444",497.1148,4425034,2525405
"1445",497.1301,4476746,3813426.66666667
"1446",497.1453,2323957.66666667,2051635.33333333
"1447",497.1512,2561355.66666667,2211721
"1448",497.1664,4401655,3595486.66666667
"1449",497.1817,2308002,
"1450",497.2028,4132515.33333333,3912415.66666667
"1451",497.2181,,1753824.33333333
"1452",497.2392,3737423.66666667,3936651.66666667
"1453",497.2545,2305957.66666667,
"1454",497.2756,2515452,2815799.66666667
"1455",499.0518,3190181,2719344.33333333
"1456",499.0729,3094609,2151196
"1457",499.0882,3203154,3211377.66666667
"1458",499.1093,3293181.33333333,2513351.66666667
"1459",499.1246,2897832.66666667,2939848.33333333
"1460",499.1305,4951806.33333333,3633608.66666667
"1461",499.1457,2619817.66666667,2422729
"1462",499.161,2710442.33333333,2435870.66666667
"1463",499.1668,4622762.33333333,3372831
"1464",499.1821,2709504.66666667,2642037
"1465",499.1974,3118678.66666667,
"1466",499.2185,2676823.66666667,3244491.33333333
"1467",499.2337,4550915,2633164
"1468",499.2549,2346414.66666667,2766796.66666667
"1469",499.2701,3363076.66666667,
"1470",499.3065,2750044,
"1471",500.236,2314033.33333333,
"1472",501.0311,2202965.33333333,1801395.33333333
"1473",501.0675,4014593.66666667,3244212.66666667
"1474",501.1038,3921752.33333333,3698187
"1475",501.1402,3390469,3112972.33333333
"1476",501.1461,5595653.33333333,5631500.33333333
"1477",501.1614,,2107661
"1478",501.1766,3699548,3179704.33333333
"1479",501.1977,,1930254.33333333
"1480",501.213,5236914.66666667,3757241.33333333
"1481",501.2341,,2493626.33333333
"1482",501.2494,6007647,3708773.33333333
"1483",501.2858,4227254.33333333,1966268
"1484",501.3222,6930957.33333333,1858408
"1485",503.0467,3701507.33333333,2737913.33333333
"1486",503.0831,4612697.66666667,4258384
"1487",503.1195,4402096.66666667,4316070.66666667
"1488",503.1559,4122716.66666667,3856978.66666667
"1489",503.1618,2476637.33333333,2597459
"1490",503.177,5476104.66666667,
"1491",503.1923,5523038.33333333,4038228
"1492",503.2287,6506762.33333333,4510976
"1493",503.2498,,2274731.33333333
"1494",503.265,5830241.66666667,4154966.66666667
"1495",503.2862,,2110380.66666667
"1496",503.3014,3558840.33333333,2007128
"1497",503.3378,5579023.33333333,
"1498",505.0624,4398422,3405804
"1499",505.0988,4435287.33333333,4256749.33333333
"1500",505.1351,5026136.66666667,4667375
"1501",505.1715,5227183.33333333,4230810.66666667
"1502",505.2079,6133083.33333333,4834972
"1503",505.229,,1821511.33333333
"1504",505.2443,6602418,5090290.66666667
"1505",505.2654,,2199880.66666667
"1506",505.2807,4201822.66666667,3544393.33333333
"1507",505.3171,2833418.66666667,
"1508",506.1991,,2094954.33333333
"1509",507.0416,2809248.33333333,2419763.66666667
"1510",507.078,4197452.33333333,3998431.66666667
"1511",507.1144,4789326,3970443.66666667
"1512",507.1508,5179129.66666667,4243170.33333333
"1513",507.1719,,1995832
"1514",507.1872,5496229.66666667,4707043.66666667
"1515",507.2083,,2567908
"1516",507.2236,5624231,4734010
"1517",507.26,4827048,4177296.66666667
"1518",507.2963,,2271292.66666667
"1519",508.1355,3558001.33333333,
"1520",508.1784,3208306.66666667,2588423.33333333
"1521",509.0573,3158159.33333333,2511996.66666667
"1522",509.0937,4253840.33333333,3464659
"1523",509.1301,4256914,3756500
"1524",509.1512,6645906.33333333,6527786.66666667
"1525",509.1664,4481170.66666667,3778688.33333333
"1526",509.2028,4660713.33333333,4129921.66666667
"1527",509.2392,4614634.33333333,4204333.66666667
"1528",509.2756,2893803.66666667,2648708.33333333
"1529",511.0518,,1834351
"1530",511.0729,3324277,2425711.66666667
"1531",511.0882,2533408,2205211
"1532",511.1093,3621920.66666667,2826267.33333333
"1533",511.1246,2468043.33333333,2344647
"1534",511.1457,3620214.66666667,3358236.66666667
"1535",511.161,,1893747
"1536",511.1821,3430946.33333333,3232968.66666667
"1537",511.2185,3374115.33333333,3673290
"1538",511.2549,3118969.66666667,3702304.66666667
"1539",513.0675,3056377.66666667,2544395.33333333
"1540",513.0886,2763002.33333333,2072502.66666667
"1541",513.1038,2899365.33333333,2888460.66666667
"1542",513.125,2868816.33333333,2225762.66666667
"1543",513.1402,2615462,2633656.66666667
"1544",513.1461,7665915.66666667,3796238
"1545",513.1614,,2294542.66666667
"1546",513.1766,2545062.66666667,2208015.33333333
"1547",513.1825,2396753.66666667,2199652.66666667
"1548",513.1977,2318588.66666667,2735717
"1549",513.213,3442940.66666667,2226619.33333333
"1550",513.2341,,2628198.33333333
"1551",513.2494,3654568.33333333,2089746
"1552",513.2705,2413651.33333333,3163410.33333333
"1553",513.2858,2452393,
"1554",515.0467,2798366,2332154
"1555",515.0831,3851038.66666667,3128656.66666667
"1556",515.1195,3171615,3125244.66666667
"1557",515.1254,,2572967.33333333
"1558",515.1406,,1693522.66666667
"1559",515.1559,3151818,2540712
"1560",515.1618,3669109,4247208.66666667
"1561",515.1923,4927946.33333333,4640084
"1562",515.2134,1888886,2243754.33333333
"1563",515.2287,5446603,3391317.33333333
"1564",515.2498,,2036224.66666667
"1565",515.265,4986145,2707969.33333333
"1566",515.2862,,2095788.66666667
"1567",515.3014,3644193.66666667,
"1568",517.0624,3777162.66666667,3300412.66666667
"1569",517.0988,3919157.66666667,3725715
"1570",517.1351,3636534,3437289.33333333
"1571",517.141,3549664.66666667,3855422.66666667
"1572",517.1715,3792694.33333333,2998677.33333333
"1573",517.2079,5445601,3792620
"1574",517.229,,1970754
"1575",517.2443,6492812.33333333,4412482.33333333
"1576",517.2654,,2328643.33333333
"1577",517.2807,5106999,3274136.66666667
"1578",517.3171,4130274.33333333,2201498
"1579",519.0416,,1867386.66666667
"1580",519.078,4336276.66666667,3393659.66666667
"1581",519.1144,4028052.66666667,3876306
"1582",519.1508,4329449.66666667,3455443.33333333
"1583",519.1567,,2808958
"1584",519.1872,4668735,3555113.66666667
"1585",519.2236,5663039,4335402.66666667
"1586",519.26,6075370,4504705.33333333
"1587",519.2963,3923775.33333333,2668503.33333333
"1588",519.3327,2667668.33333333,
"1589",521.0573,3441979,2564619.33333333
"1590",521.0937,4067642.66666667,3296609.66666667
"1591",521.1301,3855845.33333333,3571896.33333333
"1592",521.1664,4365285,3479907.66666667
"1593",521.2028,5094714.33333333,4503397
"1594",521.2392,5099493,4190053.66666667
"1595",521.2756,4185231.33333333,4173329.66666667
"1596",521.312,2421561.66666667,2043751.66666667
"1597",523.0729,3418239.66666667,2561262
"1598",523.0882,1838719.66666667,
"1599",523.1093,3775786.33333333,3087598.66666667
"1600",523.1457,3905662.66666667,3634416
"1601",523.1668,2362836,
"1602",523.1821,3994921.33333333,3425520.66666667
"1603",523.2185,4403838.33333333,4521543.33333333
"1604",523.2549,3858557.66666667,3838536
"1605",523.2913,,2566388
"1606",525.0675,,1798092
"1607",525.0886,2960738.66666667,2115874
"1608",525.1038,,2267426.66666667
"1609",525.125,2959458.33333333,2585720
"1610",525.1402,,2132259.33333333
"1611",525.1461,2779746,1761486
"1612",525.1614,3467190.66666667,2978595.66666667
"1613",525.1977,3471798,5753807.33333333
"1614",525.213,2058848.66666667,
"1615",525.2341,3139339,3475408
"1616",525.2705,2388234.33333333,2824486.66666667
"1617",527.0679,1954704,
"1618",527.0831,2696079.66666667,2213030.66666667
"1619",527.089,,1922556
"1620",527.1042,2733284.66666667,2219175
"1621",527.1195,,2613586
"1622",527.1406,2510393,2002856
"1623",527.1559,,2164733.33333333
"1624",527.1618,20697997.6666667,9957032
"1625",527.177,,2044243.66666667
"1626",527.2134,,2345300.33333333
"1627",527.2287,2823393.66666667,1912831.33333333
"1628",527.2498,2313441.33333333,2814122.33333333
"1629",527.265,2617910.33333333,1828181.33333333
"1630",527.2862,,1799339.33333333
"1631",528.1511,,3982697
"1632",529.0624,3131912,2366673.33333333
"1633",529.0988,3225777.66666667,2724562.33333333
"1634",529.1351,3167920.33333333,2912637.66666667
"1635",529.141,,2108115
"1636",529.1715,,2595881
"1637",529.1774,,1741011.66666667
"1638",529.2079,3613870.33333333,2563967
"1639",529.229,,1837269
"1640",529.2443,4548781.33333333,2767914.66666667
"1641",529.2654,2213036.66666667,3089792.33333333
"1642",529.2807,3759958.66666667,2524373.66666667
"1643",531.0416,2358219.33333333,1714680
"1644",531.078,3307636.33333333,2947832.66666667
"1645",531.1144,3436317.66666667,3464953
"1646",531.1508,3129969.66666667,2944079
"1647",531.1567,,1755044.33333333
"1648",531.1872,3444336.66666667,2800207.66666667
"1649",531.2236,5001327.33333333,3374843.33333333
"1650",531.26,5386009,3413585.33333333
"1651",531.2811,,2234108.33333333
"1652",531.2963,4179564.66666667,2867794
"1653",533.0573,3345453.66666667,2512496
"1654",533.0937,3554178,3395355.33333333
"1655",533.1301,3690368.33333333,3792667.66666667
"1656",533.1664,3674324,3035932
"1657",533.2028,4196563,2985415.33333333
"1658",533.2392,5860732.33333333,4018632
"1659",533.2756,4914554.66666667,3184072.66666667
"1660",533.312,3414735,2270153
"1661",535.0729,3400157,2722616.33333333
"1662",535.1093,3534640.66666667,3125048.66666667
"1663",535.1457,3634991.33333333,3329166.33333333
"1664",535.1821,4343426.66666667,4202297.66666667
"1665",535.2185,4732204,3495738.33333333
"1666",535.2549,4943829.33333333,3951077.33333333
"1667",535.2913,3496915.66666667,2527547
"1668",535.3276,2020988.66666667,
"1669",537.0886,3066243,2594129
"1670",537.125,3176833.66666667,2715302.66666667
"1671",537.1614,3288618.66666667,3637415
"1672",537.1977,3676030,2736636.66666667
"1673",537.2341,3981009.66666667,3308029.33333333
"1674",537.2553,,5964968
"1675",537.2705,3480613.33333333,3451389.66666667
"1676",539.0679,2466254,
"1677",539.1042,2829431.33333333,2016953.66666667
"1678",539.1195,,1772559.33333333
"1679",539.1406,2902816,1944933
"1680",539.177,,2139493
"1681",539.2134,3112220.33333333,2967056
"1682",539.2498,2817648,2526224.33333333
"1683",539.2862,2210755.33333333,2249744.66666667
"1684",541.0624,,1887773
"1685",541.0988,2318522,1873608
"1686",541.1199,2362894.33333333,1789896
"1687",541.1351,,2104520
"1688",541.141,2298893,
"1689",541.1774,10357771,3337075
"1690",541.1927,2213044.66666667,1899549.66666667
"1691",541.229,,2278259.33333333
"1692",541.2654,,2086003.33333333
"1693",543.078,2787404.66666667,2198907
"1694",543.1144,2779040,2527952.66666667
"1695",543.1508,2595059,2388859.33333333
"1696",543.1567,5386824,3517990
"1697",543.1872,2475590.33333333,
"1698",543.2236,3043055,2199419.66666667
"1699",543.2447,,1825147.33333333
"1700",543.26,3251607.33333333,2177062.33333333
"1701",545.0573,2783363.66666667,2046675.33333333
"1702",545.0937,3038167,2688382
"1703",545.0996,,2072446
"1704",545.1288,3973930,4569299.66666667
"1705",545.1664,,2438697
"1706",545.1723,8502055.66666667,6458579.66666667
"1707",545.2028,3234598,2389545
"1708",545.2392,4062499.66666667,2791294.33333333
"1709",545.2756,4115404.33333333,2744361
"1710",547.0729,3131912.66666667,2442107.33333333
"1711",547.1093,3044188,2661072.66666667
"1712",547.1457,3688794,2946598
"1713",547.1821,3335340.66666667,2204710
"1714",547.2185,4038997.33333333,2896080.33333333
"1715",547.2549,4801192.33333333,3280080.33333333
"1716",547.2913,3799888.66666667,2805968.33333333
"1717",549.0522,2673377,
"1718",549.0886,3128713.33333333,2347037.66666667
"1719",549.125,3345286.66666667,3143538.33333333
"1720",549.1614,3192879.33333333,2907847.66666667
"1721",549.1977,3276674,3321031.33333333
"1722",549.2341,4053546.66666667,3408071.33333333
"1723",549.2705,3988691,3007004.33333333
"1724",549.3069,,1815750.66666667
"1725",551.0679,2701575.66666667,1999204
"1726",551.1042,,2318265
"1727",551.1406,2902787,2517347.33333333
"1728",551.177,3150592.33333333,2848781.66666667
"1729",551.2134,3414099.66666667,2706615.66666667
"1730",551.2498,3389691.66666667,3247287.66666667
"1731",551.2862,2688761,2373644.66666667
"1732",553.0835,2293547,1708196.33333333
"1733",553.1199,2703656.33333333,1911289
"1734",553.1351,,1721336.66666667
"1735",553.1563,,1893197.66666667
"1736",553.1927,,2488823.66666667
"1737",553.229,2418294,2649420.66666667
"1738",553.2654,2569332,2574327
"1739",553.3018,,1880908
"1740",555.078,1887735,1722930.66666667
"1741",555.1144,,1941981
"1742",555.1508,,2065372.33333333
"1743",555.2083,,1717723.66666667
"1744",555.2447,,1945904.33333333
"1745",555.2811,,1955973
"1746",557.0937,,2015504.33333333
"1747",557.1301,,2305807.66666667
"1748",557.1664,,2992399
"1749",557.1723,2587151.66666667,2222180.33333333
"1750",557.2028,,1902350
"1751",557.2392,,1923853.66666667
"1752",557.2603,,1791757
"1753",559.0729,2533086.33333333,2034322
"1754",559.1093,2677297.33333333,2513468
"1755",559.1457,,2440421.66666667
"1756",559.1516,4055256.66666667,3754384.33333333
"1757",559.1821,3094742.66666667,3111482.33333333
"1758",559.188,,1790522.33333333
"1759",559.2185,,2141412.33333333
"1760",559.2549,3565777.66666667,2188344.66666667
"1761",561.0522,2513660,
"1762",561.0886,,2700641.33333333
"1763",561.125,2683468.33333333,2613600.66666667
"1764",561.1614,2691999,2636127.66666667
"1765",561.1672,4114164,3510623.33333333
"1766",561.1977,2901063,2230110.33333333
"1767",561.2341,3729135,2518877.66666667
"1768",561.2705,3346327,2853042
"1769",563.0679,2458732.33333333,
"1770",563.1042,2734014.66666667,2311294.66666667
"1771",563.1406,3029777.33333333,2506195
"1772",563.177,3062713.33333333,2373330
"1773",563.2134,3323831,3324539.66666667
"1774",563.2498,3754932.33333333,2784890.66666667
"1775",563.2862,2931975,2357881.33333333
"1776",565.0835,,1943787.33333333
"1777",565.1199,2383662.66666667,2276927.33333333
"1778",565.1563,2763734.66666667,1713726
"1779",565.1927,2880639,2109671.66666667
"1780",565.229,,2205585
"1781",565.3018,,2040036
"1782",567.1719,,1937740
"1783",567.2083,,3340789.66666667
"1784",567.2447,,2101406.66666667
"1785",567.2811,,1749661.33333333
"1786",569.1664,,1826216.66666667
"1787",569.224,,1567483.33333333
"1788",569.2603,,2073338
"1789",571.1093,,2019327.33333333
"1790",571.1457,2354567.66666667,2074792.66666667
"1791",571.188,2211716.66666667,1915558.66666667
"1792",571.2185,,1634981
"1793",573.0886,,1783714
"1794",573.125,,2140235
"1795",573.1614,2638249,2387187.66666667
"1796",573.1672,,2367390.33333333
"1797",573.1977,,2104050
"1798",573.2341,,2046362.66666667
"1799",575.1042,,2082448
"1800",575.1406,2688635,2046606
"1801",575.177,,2031926.66666667
"1802",575.2134,,1862965
"1803",575.2498,2685385,2091998
"1804",577.1199,2618363,2013899.66666667
"1805",577.1563,,2369567
"1806",577.229,,1985904.33333333
"1807",577.2654,,2123118
"1808",579.0992,,1691906
"1809",579.1355,,1640874.66666667
"1810",579.1719,,1757437.66666667
"1811",579.2083,2137121.66666667,
"1812",579.2447,,1706574.66666667
"1813",581.1488,,1695363
"1814",581.224,,2342355.66666667
"1815",581.2967,,1818916.66666667
"1816",583.1457,,1859073.33333333
"1817",583.188,2669873.66666667,
"1818",585.1614,2352831.66666667,2354894.66666667
"1819",585.1672,3095914.33333333,2754253.66666667
"1820",585.1977,,1706187.66666667
"1821",587.1406,,1737455
"1822",587.177,2577913.66666667,2361580
"1823",587.1829,4429561.33333333,5767574.66666667
"1824",587.2134,2076407.66666667,
"1825",589.1199,,2034102.33333333
"1826",589.1563,,1866163.33333333
"1827",589.1622,3136141.33333333,2395912.66666667
"1828",589.1927,,1754033
"1829",589.1985,,1838427
"1830",589.229,,1762734.33333333
"1831",591.0992,,1857317
"1832",591.1355,,1840247.66666667
"1833",593.1148,,1750158.33333333
"1834",593.1512,,1859724.33333333
"1835",593.2603,,2044206.66666667
"1836",599.2134,,1549674
"1837",601.1622,,2056575.66666667
"1838",601.229,,1557371
"1839",603.1778,6658721.66666667,7969340.33333333
"1840",603.2142,1757515,
"1841",608.2308,7425160.33333333,2993349
"1842",615.1778,,1772601.66666667
"1843",617.1935,4402362.66666667,3635129.33333333
"1844",629.1935,,1721174.33333333
"1845",631.2091,10308829,4512356.66666667
"1846",633.1884,2385429.66666667,3271892
"1847",643.1727,3622662.66666667,2575579
"1848",645.1884,8767225.33333333,3413371.66666667
"1849",647.204,9267609,7791309.66666667
"1850",657.2248,3847025.33333333,2891187.33333333
"1851",659.204,4483434.66666667,3302175
"1852",661.1833,4539748.33333333,5127991.66666667
"1853",663.1989,,2232658.33333333
"1854",665.2146,,3826542.33333333
"1855",673.2197,11770153,3635847
"1856",677.2146,4209586,4230154.33333333
"1857",679.1938,,2602696
"1858",719.2251,,2664965
"1859",735.2201,2687670.33333333,4173885.66666667
"1860",809.2568,,2212553
