mass,PreHW1.csv,PreHW2.csv,PreHW3.csv,PreHWGt13.csv,PreHWGt14.csv,PreHWGt15.csv
359.0044696,3565969,3154787,2396802,0,0,0
371.0044696,3921354,3453793,2610725,0,0,0
386.9993842,5791763,4908408,4232030,0,0,0
402.9942988,3252010,3751188,2371533,0,0,0
417.0099488,4176736,4995759,2850307,0,0,0
429.0099488,2874838,3720909,2268945,0,0,0
337.0201196,3994816,3932222,2708248,0,0,0
333.025205,3142311,4083184,3094024,0,0,0
349.0201196,5083453,4996887,3576968,0,0,0
365.0150342,5465262,5234278,3915852,0,0,0
345.025205,4267017,4781521,3742290,0,0,0
377.0150342,5558955,5757988,5014483,0,0,0
393.0099488,3893984,3980377,2822432,0,0,0
389.0150342,6683259,7576548,5047659,0,0,0
405.0099488,5474378,5588570,3718302,0,0,0
407.0255988,7196985,8014708,5072192,0,0,0
423.0205134,3572492,4230952,2614001,0,0,0
376.067404,3672396,2938057,2470051,0,0,0
419.0255988,6391650,7562995,4504003,0,0,0
435.0205134,3891200,4898266,2731175,0,0,0
431.0255988,5502279,6428298,3369549,0,0,0
447.0205134,3517839,4374294,2687321,0,0,0
443.0255988,3900687,4532238,3126551,0,0,0
459.0205134,2907103,4430004,2013758,0,0,0
477.031078,3426011,4408493,2461838,0,0,0
367.0823258,3241942,3608451,2683651,0,0,0
393.0615904,2968302,3443815,2461996,0,0,0
473.0361634,3538605,5210195,2199091,0,0,0
489.031078,2873876,4081299,2058414,0,0,0
395.0772404,3252974,4349557,2702549,0,0,0
469.0412488,3271345,4238376,2249241,0,0,0
485.0361634,3384219,3949012,2129880,0,0,0
503.046728,3458427,5137842,2508253,0,0,0
323.040855,3495882,3425386,2882995,0,0,0
339.0357696,5098739,3759753,3605701,0,0,0
355.0306842,3840433,3634573,2543500,0,0,0
325.056505,4403567,4021811,3316952,0,0,0
341.0514196,4808510,3774695,3032714,0,0,0
357.0463342,4426918,3243646,3679754,0,0,0
327.072155,3940133,3468814,3048973,0,0,0
343.0670696,4179360,4751195,3421800,0,0,0
359.0619842,4352935,4185465,3529877,0,0,0
382.1004354,3331012,3509037,1928692,0,0,0
345.0827196,3655707,3193316,2397281,0,0,0
367.0306842,7951298,7322991,5616370,0,0,0
383.0255988,4374272,4881511,3298052,0,0,0
385.0412488,5197216,5115653,3505477,0,0,0
387.0568988,7258149,6696330,5903214,0,0,0
373.0776342,6506725,6313585,5238485,0,0,0
389.0725488,4060812,3809269,2492282,0,0,0
375.0932842,3856352,4103522,2940264,0,0,0
395.0255988,6754529,6838888,4401867,0,0,0
397.0412488,8686266,9143379,5680207,0,0,0
413.0361634,3959545,4431311,2909220,0,0,0
399.0568988,8580200,9442840,6089130,0,0,0
415.0518134,4380479,4339281,3287588,0,0,0
401.0725488,7460329,7591859,5252824,0,0,0
417.0674634,3559265,2959538,2353154,0,0,0
403.0881988,4228921,4842788,2946008,0,0,0
409.0412488,8925690,10624100,6900149,0,0,0
425.0361634,5067450,6090526,3817571,0,0,0
427.0518134,6018640,6856446,4349888,0,0,0
378.083054,3384370,3489191,2323749,0,0,0
394.0779686,3404789,3270005,2243591,0,0,0
429.0674634,5917138,6094540,3424011,0,0,0
380.098704,3543815,3315829,2762136,0,0,0
431.0831134,4625731,5488264,3153479,0,0,0
417.1038488,4788065,5136051,3545601,0,0,0
439.0518134,7050895,8893694,4522719,0,0,0
455.046728,4076768,5144918,2627157,0,0,0
390.083054,3896245,3250465,2163318,0,0,0
406.0779686,3780815,2947828,2345722,0,0,0
425.0725488,12274360,14511902,9289824,0,0,0
457.062378,3969109,5077245,2801597,0,0,0
408.0936186,3634597,3273720,1982340,0,0,0
443.0831134,5422346,7257098,3600656,0,0,0
459.078028,2512348,4070578,2458427,0,0,0
445.0987634,3486791,4756365,2941996,0,0,0
465.031078,3433201,4990002,2984522,0,0,0
467.046728,4207304,6029350,3280423,0,0,0
469.062378,4613808,6203432,3280409,0,0,0
471.078028,3730088,5425208,2773533,0,0,0
457.0987634,5304403,5935355,3556282,0,0,0
459.1144134,3715034,4601009,2627384,0,0,0
497.0572926,2865408,4527182,1756294,0,0,0
483.078028,5377891,5790079,2735481,0,0,0
499.0729426,2945329,4374725,1963773,0,0,0
485.093678,4077468,5252566,2264027,0,0,0
471.1144134,4512424,6036536,3576350,0,0,0
509.0572926,2895259,4500243,2078976,0,0,0
495.078028,5411019,6908892,3191312,0,0,0
511.0729426,3092874,5044102,1835855,0,0,0
497.093678,4296961,5640272,2935944,0,0,0
499.109328,3052850,4800711,2025983,0,0,0
523.0729426,3207085,4472268,2575366,0,0,0
525.0885926,2989854,4034073,1858289,0,0,0
525.124978,3036955,4065819,1775601,0,0,0
421.2231758,6702913,6883101,4785500,0,0,0
563.140628,2544357,4575893,1969082,0,0,0
429.124978,8581583,4822730,4743942,0,0,0
561.1672364,5445560,4335316,2561616,0,0,0
,,,,,,
,,,,,,
397.0201196,3693237,4473934,2820171,1630567,1767384,2428088
385.0201196,5326233,5917438,3802431,1649259,2569685,2949997
413.0150342,3803896,4424141,2700324,1752514,1652155,1837419
401.0150342,5083614,6150056,3518160,1805671,1753138,2321398
373.0201196,6541519,6944348,4872898,1978514,2087889,2466437
395.040855,4200677,4586092,2860238,1999671,2424059,2379486
369.025205,4139723,4486254,2918799,2030680,2587170,2387065
357.025205,4668574,5183095,3638787,2082777,2653935,2665005
367.0459404,3305928,4233589,3057399,2108736,2130761,2570609
411.0357696,4166285,5056811,2856448,2115259,2528254,2258157
331.0459404,4312255,4216809,2890915,1403036,1746317,1947601
335.040855,5367982,6189586,4222857,1522683,2073754,1800664
343.0823258,4020645,4584288,2643564,1547486,2694810,2690812
355.0459404,3698614,3806611,3260816,1614573,2373674,2277183
343.0459404,3754905,4418388,2763363,1688531,2122895,2317553
427.0306842,3715666,4906751,2728898,1803312,2607928,2179472
453.0827196,2998647,4200888,2019580,1806235,2483494,2606126
361.0201196,7912090,7750757,5305112,1838309,1893020,3023925
449.0361634,5877460,7076508,4034179,1864414,2173687,1657287
355.0823258,3689412,3747744,2787740,1877242,2101815,2471245
369.0615904,5012185,5143675,3473308,1903207,2863151,3427975
397.056505,4868798,6090838,3723346,1908081,3165920,3352256
425.0514196,3758777,5047070,2934370,1915853,2635545,2637266
409.056505,3231739,4567142,3261878,1979795,2541857,2357322
441.0463342,3615184,5364872,2891770,2000869,2335504,2446981
381.0615904,3495003,4911558,3268285,2050751,2411722,2806308
461.0361634,5037947,6633592,3690196,2055656,2378322,2004990
453.0463342,2903418,3837370,2235135,2059673,2309926,2313776
347.040855,7250589,6669424,4683365,2087377,2546554,2529287
423.072155,2787083,3554600,2645742,2103641,2461930,2147329
499.0518134,2817329,4432067,2321147,2123029,2181855,2216048
359.040855,7576479,7958897,5286030,2152161,3246537,3968308
487.0518134,4229079,6519345,2431553,2154935,2505695,2531489
369.0979758,4548327,4710537,2957224,2160757,3072060,2779285
357.0615904,5402796,5754500,4398607,2173415,2647292,3565627
483.0568988,2775907,4603263,1847672,2220218,2572188,1993405
529.062378,2709462,4650655,2035619,2240702,1974560,1992060
469.0776342,3183792,4965416,2442777,2243493,2715353,2529134
483.0932842,2994532,3974528,1862521,2279105,2750369,2191554
497.0725488,2577665,4485199,2158727,2284423,2087866,2246018
459.0568988,5370845,7518386,4002620,2289461,2906088,3205092
379.0306842,9203081,10448635,7912014,2324926,2211353,2949453
415.0306842,6042430,7338575,4597284,2326191,2209630,2543559
345.0615904,6426644,6180317,3894363,2330443,2887425,3165046
441.0827196,4235724,5344389,3013110,2392550,2800400,3207810
363.0357696,9405866,10366828,6971830,2393345,3136386,3293513
445.0412488,5379148,7670673,4236339,2398803,2203382,2833813
485.0725488,3598236,5483989,2566618,2404408,2459325,2991023
383.0772404,4663058,5165177,3652883,2406316,3088741,3319008
425.087805,3285176,4685597,2705503,2424271,2180377,2186705
439.0670696,2820749,4634877,2579166,2460083,2214177,2154240
455.0619842,4136159,5183829,2986068,2461199,2906964,2706943
383.040855,4741893,5836908,3933961,2537374,2854745,2987732
513.0674634,2660713,4347891,2160529,2572678,2017312,2443215
457.0412488,3948630,5929214,3206078,2579094,2427795,2435557
399.0357696,6076516,7845395,4624806,2588542,2875035,2943601
471.0568988,4016808,5743672,3028509,2599618,2758054,2889216
413.0514196,5714681,7611856,4394532,2630599,3394239,3328877
429.0463342,6208980,7400140,4430605,2637958,3082057,3022139
433.0412488,7749800,9340471,4948349,2668305,2843468,2708590
427.0670696,5766736,6632190,4107199,2670129,3198776,2791310
403.0306842,9131824,10103066,6651858,2673456,3375530,3641683
457.0776342,5213268,6646012,3088316,2681497,2376596,3213285
391.0306842,9802948,11359795,7153498,2706537,2916054,3300013
397.0928904,4565702,5322847,3247192,2755451,2926313,3113161
501.0674634,3930459,5551419,2561903,2762919,1987588,2411355
371.040855,6626776,7201647,4586546,2765694,3029763,3672970
475.0518134,5631679,7108731,3678810,2767667,2493811,2764125
411.072155,4252304,5340463,3621377,2802368,3258370,3009776
443.0619842,5622028,6819852,4123923,2826778,3389185,3220489
371.0772404,6882790,7486333,5138494,3033997,3926800,3847064
413.087805,5259003,6653394,4521509,3037131,3452098,3666287
385.056505,6940069,8083210,5195082,3124856,3431904,3879801
401.0514196,8277477,10278831,6353621,3147631,3984953,4211709
387.0357696,8286238,10142084,5957480,3171633,3276358,3922425
375.0357696,10561482,9988429,7234902,3211694,3412131,3634565
417.0463342,8913761,10268337,7059971,3254655,3033573,3797505
405.0463342,11628623,13126239,8243362,3315408,3542265,4423296
361.056505,11051688,11136115,7545636,3331572,3824810,4882499
373.056505,9428189,10399337,6749902,3358880,4362718,4619923
415.0670696,7836479,9178705,5991972,3402419,3757409,3989960
431.0619842,8862020,9668232,5885514,3478737,3407695,3661017
399.072155,6981739,8224283,5044652,3703175,3526819,3441784
389.0514196,11950726,12911599,7853429,3742176,4084384,4937832
387.072155,9191465,11291023,6224754,3867454,4849745,5247492
545.1288342,4026131,5684137,2211522,10918053,7953628,7155476
371.0619842,10041824,9286519,7525433,1540998,1527307,1993106
321.0615904,4160575,3920570,2959523,1598678,1850767,1736219
351.0357696,7194624,7976414,5789390,1647155,2006193,1910139
369.0463342,10583763,10299510,7361943,1670241,2019881,2363009
353.0514196,10090199,9205941,6999337,1685258,2313579,2617433
315.072155,11831284,7821305,6023097,1694140,2070495,2264758
481.062378,5041967,6656304,3723040,1778505,2085508,1881046
441.0674634,7224781,8436870,5144055,1790437,2031376,2140291
493.062378,4358288,6157162,3118488,1804895,1761634,2352530
323.0772404,4932050,4188786,3193784,1810779,1908544,2649271
368.098704,3165026,3194634,2648664,1832677,1886413,2502414
533.0572926,3456090,4444939,2135332,1849474,1959375,1760557
485.1300634,3306397,4681176,2670556,1912387,1908934,2152374
408.1776228,3247533,3501570,2354569,1917701,2133173,2242036
521.0572926,3289132,4883833,2152972,1924242,1899295,1871694
413.0725488,10076922,11597265,7260709,1942473,2395328,2942318
445.1351488,3191875,3979147,2506792,1966166,1833462,1987472
455.0831134,6672606,9105748,5061714,1968657,2437460,2201599
491.046728,4361299,6246141,2600226,1987788,1810995,1957525
355.0670696,10068414,9089947,7390103,1996021,2420786,3025223
535.0729426,3028875,5152567,2019029,2009939,2444309,2068719
415.0881988,7725888,7962195,5247524,2016949,1778019,1687241
475.1457134,2930368,3438717,2902620,2024259,1917566,2362726
479.046728,4403969,6031594,3143377,2035166,2103154,1959158
331.0823258,4664007,4184050,3237545,2040357,2861462,3257818
349.056505,8925514,9575204,6923410,2081148,2979859,3349693
437.0361634,6078283,7330160,4257733,2103167,1702195,2035583
459.1507988,3226584,3285679,2651446,2140477,2164717,2337253
509.093678,3867035,5761813,3132673,2145976,2292294,2299026
545.093678,2973464,4394921,1746116,2171043,2299100,2480918
481.0987634,6418224,8339762,3850017,2172752,2961033,3090906
321.0979758,3627078,2995905,2195623,2179293,2353815,2730786
537.0885926,3159730,4313948,1725051,2189846,2160720,2062500
549.0885926,2843959,4839332,1702849,2205602,1777908,1785380
511.109328,3460490,5017480,2387792,2219562,1704253,2145596
547.0729426,2981418,4211626,2202694,2226471,1816299,2114209
381.0463342,12111957,13369793,9465016,2233530,2881221,3320863
451.0518134,7141921,8858151,4774329,2250037,2538248,2424947
477.124978,4931293,6516912,3404433,2263183,2428535,1762347
383.1136258,3502878,4385925,2773790,2266553,2691441,3088621
455.134755,2862298,3775826,2482254,2275860,2745174,2706430
549.124978,3117363,4716451,2202046,2316708,2722036,2792994
523.109328,3437483,5134798,2755078,2324921,2593209,2052471
519.078028,4016280,5988641,3003909,2337128,2728058,2338065
401.1089342,10470895,10577850,7857885,2351997,2757701,3312135
521.093678,3586090,6044026,2572812,2374808,2110754,2480463
499.0881988,3072306,4424902,2112254,2378524,2529508,2622068
537.124978,3147438,4792157,1590906,2386457,2247761,1991843
467.0831134,7435976,9392166,4917799,2387096,2474523,2909423
507.078028,3414429,6350496,2827432,2389308,2449219,2524632
385.0776342,11255212,11869969,7891280,2390656,3251175,3267968
339.072155,6572286,7052947,4991693,2428479,3054071,3127359
411.0568988,10961551,12119341,8296961,2453182,2983936,3125487
505.062378,4390290,5952042,2852934,2458553,2769461,2225935
461.1300634,4956022,5313654,3795663,2467313,2334295,2889216
383.0619842,13148940,13952116,9525007,2473382,3194720,4081883
389.1089342,5252759,4892672,3373443,2473971,2399921,3212409
411.1085404,3527314,4931890,2511362,2475205,2602502,2779379
483.1144134,4591460,6572417,3237754,2485957,2086820,2211524
473.1664488,3842734,3697749,1717301,2499076,2605714,2087088
335.0772404,6945975,6643228,4303760,2528261,3402659,2802146
529.0987634,2902483,4710048,2064802,2531011,2831138,2522492
517.062378,3342578,5458113,2530797,2538537,2461122,2345660
479.0831134,6604546,8050923,4138706,2544613,2784119,2823930
427.0881988,9646670,11400958,7002045,2553394,2642232,3154317
531.078028,3158300,4897497,1867112,2553769,2428286,2474844
357.0827196,7607476,6694540,5873173,2585583,2561795,3183171
453.0674634,7592313,9998777,5630205,2596763,2611494,2851375
495.1144134,5660876,6796254,3479058,2602492,2746518,3044497
403.1245842,5448510,4327722,3327964,2604357,2949051,3031395
547.109328,2999846,4675498,1457220,2608425,2008811,2051231
535.109328,3818375,4664120,2121427,2613590,1998358,2492654
497.1300634,4797698,5541970,3090570,2617234,2606531,2197385
477.0674634,6821596,8167598,4473487,2635397,3107439,3029029
463.0518134,6487851,8026189,4517507,2636983,2862805,2651700
517.0987634,3545328,5765315,2446830,2648111,2663365,2810045
421.0412488,8692549,10686235,6756710,2662096,2602664,2418715
487.0881988,4839384,6492723,2447939,2664894,2530277,2795686
405.1038488,3672150,2948200,2359463,2671835,2511618,2243720
515.0831134,3698999,5248094,2606023,2675425,2777851,2493009
533.093678,3407959,4920076,2334499,2677382,1848272,2470188
465.0674634,6848240,9396274,4557385,2688412,2553197,2880645
417.1402342,4285281,3408565,2524672,2713992,2115051,2434050
531.1144134,3122457,5108441,2078055,2716589,2809728,2231131
423.0568988,10328843,12445480,8100079,2721624,3402474,3328513
345.0979758,6048800,5570025,4425828,2746198,4217612,4702594
337.056505,7519946,7419977,5215519,2747409,1964991,2707456
333.0615904,5708464,6439929,4816399,2753029,3105167,3797455
503.0831134,4402555,6542772,2892766,2788918,2725155,2996284
435.0568988,9375741,12373464,6870179,2794315,3641153,3702776
489.0674634,5005333,7445141,3194544,2805571,2498826,2860444
457.1351488,4409424,5781754,2648504,2827421,2324375,2335205
447.1144134,34313094,32979728,20543311,2838167,3024114,3064101
469.0987634,5875376,7796776,3933720,2847656,1906907,2739567
441.119105,3962312,5042307,2887665,2856934,2729231,3323520
473.0725488,5707438,7241812,3480116,2866677,3062919,3121832
341.087805,8043336,6251762,4779154,2886789,2675266,2961557
343.1187112,4087216,3565931,2529909,2918633,2541221,2962183
485.1089342,3458973,5209559,2694619,2923583,2371779,2670003
449.0725488,8374993,10979994,6534784,2926304,3219192,3672262
455.0983696,3422429,4785492,2542673,2928658,2458965,2293246
333.0979758,4581050,4544515,3260438,2930702,3030937,3640792
491.0831134,5449812,7475967,3393828,2958547,2584120,2724505
357.0979758,5265593,5039762,3587610,2964469,3617545,3571785
393.0463342,13625066,15241315,10035496,2973922,3648250,4338906
429.1038488,7977424,8232650,5265160,2979977,2595145,2643769
427.103455,4105805,5617405,3744700,2983475,2755896,3160461
471.0932842,4209320,5696568,2940958,3003079,2637738,3140099
435.1144134,3557880,3704277,2746012,3018060,3053889,2713589
397.1292758,3827406,3710056,2727007,3025285,2733809,2645713
331.1187112,3845840,3129852,2304175,3073581,3159455,3242467
515.1194988,3086645,4286560,2141640,3074792,2643711,2025556
447.0568988,7084940,8979220,5849941,3104405,3213042,2942248
449.1300634,3247819,4218518,2017914,3120866,3474168,2820803
357.1707466,3994325,2928813,2180657,3148817,3265315,3503205
365.0514196,13189309,13308532,8935513,3164707,3838569,4380257
321.1343612,3514957,3179721,2602668,3168228,3569822,3569449
437.0725488,10616648,13217134,7678913,3188096,3253554,3876733
501.1038488,3753307,5514557,2497393,3189935,2758665,3100511
535.1457134,3563395,5372729,1968850,3191130,3017751,2813165
329.1241904,3926263,3213827,2153818,3192414,3010995,3037183
493.0987634,5601425,7117676,3525018,3206759,2528103,3249046
431.1194988,6028608,6739590,4752964,3208403,2129743,2860246
419.0619842,11141986,12467956,8276417,3218997,3927635,4272668
343.103455,5403051,4531047,3412081,3229924,3209377,3880707
463.0881988,7431978,9865292,4858497,3262139,3502295,3387958
451.0881988,9122334,11041317,6490550,3267383,3498760,3607665
511.1457134,3544457,4950922,2365265,3289136,2558274,2966335
439.0881988,9803403,11732220,7172827,3296691,3135265,3682047
507.1144134,4683165,6524579,3160234,3300675,3019079,3104219
325.0928904,5132150,4190268,3124445,3302131,3228673,3468903
519.1144134,3955862,5493027,2635269,3313005,2663038,2785554
547.1457134,4042274,4955050,2069058,3313964,2924779,3170973
457.1140196,4221010,6265083,2909113,3318427,3581846,3403749
487.1245842,4326361,5535285,2340933,3327429,2981866,3765418
471.1296696,3856040,4885560,2441246,3328717,3146158,3299846
469.1351488,5795504,6317097,4008472,3339693,3019486,3527026
475.0881988,6086335,7723132,4424283,3343673,3253111,3337057
483.166055,3479398,3556739,1828477,3349199,2922923,3053258
471.1507988,3775144,4472889,2537502,3362512,2276272,2119176
477.1038488,6842076,9277615,3956369,3366027,3850868,3949608
398.1568874,3874734,4060498,2846484,3372185,2813915,3065782
461.0725488,6727545,9095287,4869842,3381739,3649620,3568639
505.0987634,4547986,5770796,2987080,3412928,2998842,2388754
399.0932842,12756080,13559327,8615344,3416461,3432615,4243069
429.0827196,6468049,7859915,4930314,3428488,3351369,3679546
443.0983696,5742856,6974474,3826958,3429915,3436289,3586567
459.0932842,6571995,7801009,4383546,3451192,4200426,3629028
351.072155,10695693,10624491,7976664,3462464,3566270,4624776
347.0772404,7755433,8214652,5826158,3462621,3242886,4259860
327.1085404,4956461,4080663,2877971,3477662,2798034,4052521
333.1707466,3689676,3079190,2320419,3502112,4189612,3966443
445.0776342,6718537,8835982,5039151,3507796,3448566,3903891
533.1300634,3587155,5259020,2224930,3542154,2938833,3148075
385.0928904,6019505,7190294,5355860,3548293,3872235,4766597
413.1241904,5259005,5510613,3035685,3569616,4103365,3942769
455.1194988,7071963,8524115,4932687,3577875,3821397,3791870
429.1402342,6378958,6248137,4369157,3585162,2907466,3995959
531.1507988,3179797,4112090,2098022,3592113,2961282,2982234
441.1038488,8218058,9915524,5962227,3603942,2735888,3103361
485.1453196,3001758,4395481,1888221,3604550,3309256,2558903
337.0928904,7378644,7328851,5310759,3607067,4043721,4355082
537.1613634,3172010,4698974,1994872,3608093,3408978,3441825
390.1670582,3746765,3856697,2972298,3609425,4005858,4168115
401.2333466,3758597,3676114,1664239,3609498,3893853,3786270
357.1343612,4085959,4219552,3149862,3619843,3858198,3800151
407.0619842,14018877,15993720,10297667,3624007,3911201,4677500
367.0670696,14851024,14054781,10746622,3629384,3813201,4454777
509.1300634,4173211,5752600,2844931,3639998,2875467,3004054
387.1296696,7661628,6388129,4984705,3651410,3378275,4005399
397.0776342,15467202,15938651,9643094,3665783,4063973,5358789
377.0514196,12939960,14339122,10543070,3677379,4027243,4697208
371.1863966,3646480,3098022,2448994,3684280,3729208,3983298
485.1664488,3067806,3908058,2026974,3684426,2993867,3385274
523.1457134,3824552,5358031,2534405,3685311,3785148,3019127
359.0772404,8292269,9142655,6209690,3690735,5283286,4609346
335.1136258,6458561,4879911,4248471,3696654,4512173,5219819
433.0776342,9390245,11361846,6899065,3708178,3833676,4563052
549.1613634,3216687,4405155,1956796,3710374,3035380,3223072
441.1554904,3253189,3751041,2149869,3711463,3464463,4068990
501.1402342,3281244,4634944,2255219,3719350,3307534,3307363
323.1136258,4641241,3782267,3347389,3721058,3521608,4441279
378.1670582,3339856,3709894,2728256,3721842,3563760,2815507
453.1038488,8333686,11362743,5969146,3725212,3890983,4177966
529.1351488,2621903,5034657,1847201,3728071,3024676,3172219
399.1085404,6239347,6647331,3495346,3739025,4417707,4877952
415.1245842,8899393,8363605,6051363,3757241,3613029,4182474
406.1983582,3272925,3307781,2491139,3813803,4048295,3707670
427.1398404,3971659,4491005,2952633,3826741,3344185,3686795
517.1351488,3698927,4935877,2274798,3845173,3294153,3102911
521.1300634,3488808,5322108,2756620,3846813,2591013,3202383
387.0932842,7821360,7561622,5422967,3850053,2852952,3088395
503.1194988,4374908,6227382,2604000,3874366,3092776,3525696
465.1038488,8832751,10614834,6110793,3902369,3951984,4187271
333.1343612,4420803,3473421,2990620,3906583,4626850,4555746
329.087805,4081903,3930106,2319444,3919446,2793386,3957750
371.1136258,6364660,6057867,4563018,3944347,4373277,5039014
387.2176966,4134999,3217853,2231192,3956592,3620990,4161074
443.1558842,5011715,4881414,3084552,3980829,3126016,3618308
489.1038488,4827158,7158423,3422386,3981130,3124496,3427745
421.0776342,12143428,14343963,8681828,4002515,4777641,5016091
491.1194988,5548117,6812417,3211558,4035802,3878462,3878558
415.103455,8600384,8906323,5621284,4063415,5135716,4942281
505.1351488,4977042,6915630,3185738,4142023,4057663,4017430
483.1507988,5354341,5927298,2857340,4162252,3363241,3657416
395.0619842,16933098,19096177,11539154,4195645,4451584,5435107
409.0776342,15260157,18590824,11346359,4206999,5228324,5361740
374.1721436,4398212,4200459,2596924,4221018,5173103,5260349
373.1140196,7312627,6322815,5242593,4224695,3078643,3890857
525.1613634,3852056,4300316,2249200,4231378,3417667,3062155
403.0670696,11255605,13234464,8447958,4235576,5047217,4586841
473.1089342,4832942,7311444,3655220,4236283,3481740,3186347
413.1089342,11399932,12185044,8043045,4260814,4577476,5082480
417.0827196,9769825,11679410,7531010,4307331,4026856,4767233
551.1770134,3099708,4694932,1657137,4358678,3792119,3187103
375.2176966,4106254,3146640,2114961,4363766,4283620,4207049
447.0932842,8600456,10099474,5788497,4370070,4444914,4333862
461.1089342,7606135,9349238,5000912,4391407,4329558,4145151
515.1558842,3590452,3976290,1888712,4395758,3755779,2740310
443.1194988,7705862,8625160,6936844,4404764,3322112,4270598
379.0670696,15277462,16539400,12565081,4405196,4923942,6392667
404.1827082,3880922,3514841,2213967,4418083,4626543,4716037
563.1770134,2993889,4553364,1640887,4487118,3188925,2872978
401.087805,8801771,9578422,6328026,4492152,4566593,4865027
423.0932842,13691658,14966568,9677036,4493147,4923115,5664257
479.1194988,7309059,8356076,4212436,4507627,4624252,4181246
391.0670696,15137998,16891453,10006371,4508789,4797664,5857975
497.1664488,4627715,5708885,2868365,4526490,4257224,4196749
427.1245842,9316940,9021181,5769146,4548660,4688697,5023116
349.0928904,8757590,8547120,6309021,4566665,4906016,5660362
429.119105,5851599,7657162,4055815,4571273,4733770,4439352
345.1707466,4621367,4100609,3111543,4590958,5228323,4839833
441.1402342,6967750,8187010,4499951,4595175,3988239,4707967
467.1194988,7438023,8984614,4564518,4604061,3757598,4434161
323.1500112,3587553,3062403,2761155,4647785,4599888,4898503
481.1351488,7327537,9265459,4061987,4650326,4819086,4165086
471.1871842,4070056,4074553,2305566,4680405,3825588,4304394
455.1711404,3414231,3795280,2464331,4704278,4193111,3734525
385.1292758,5663164,6339361,3721566,4709522,4636151,4719505
385.1364864,4238783,4131620,3013984,4715669,4716025,4856724
409.0987634,3889662,4916330,3374520,4716954,5959462,5226574
359.1863966,4906967,3944873,2641086,4737305,5103102,4682092
375.072155,12894168,12908890,9256290,4739517,5474480,5554579
387.1085404,9447477,10398106,6545275,4749130,6345821,6578704
411.0932842,14592657,16207152,11002370,4753091,4548612,5765361
457.150405,4542543,5344505,3547063,4755614,4950935,4756453
435.0932842,11614202,13995478,8039583,4758860,5076801,4581366
345.1343612,6022188,5113333,3376238,4773218,4557592,5579149
325.1292758,4407166,4113476,3183843,4781306,4502537,4973679
473.1453196,5226158,6164565,3168821,4791297,4806800,4284078
441.2282612,3283390,3539069,1977317,4817385,3986191,4175481
355.103455,10045900,8612776,7078818,4856578,4907071,5709653
369.0827196,13711073,12710020,9520547,4857967,4609079,5939343
373.2020466,4102420,3290272,2893566,4882138,4580882,4933323
547.1820988,3046941,4698026,2261055,4883758,3705067,3937946
373.0928904,8690923,9410167,6616794,4900527,5477867,5829281
459.1296696,6179801,7547056,4047672,4927803,5084140,4622309
353.087805,10993380,11018434,7930164,4942872,4809080,5735526
519.1507988,4123796,5784868,3079685,4948339,3542145,3741971
533.1664488,3639375,5401357,1982240,4989070,3688403,3249450
485.2028342,3575711,4277723,1850336,4993105,4166352,4203454
381.0827196,16179298,17592782,12532931,5013191,5947601,7047724
493.1351488,5464210,7789422,3921308,5022318,4468589,4689819
443.134755,5681413,6095879,3989770,5036572,4334336,3935749
431.0983696,8505666,10903175,5645894,5060818,4855631,4755671
465.124978,3817199,4541489,2494024,5079971,4089202,3603592
392.1827082,5350915,5844855,3388519,5113302,5837331,4905968
361.2020466,4501217,3621035,3390804,5122093,5466335,5347452
357.119105,8742081,6581914,5515809,5123581,5476112,5993041
503.1558842,4155772,5806520,2405858,5126725,4470061,4228164
371.1500112,5541378,5062553,3526742,5127082,5210923,5730228
445.1140196,7543877,9333644,5161003,5135957,5327606,4768145
363.072155,13266360,14321530,9649602,5155599,5557135,5877592
399.1813112,5002369,4857394,3350974,5196195,5742778,5731983
455.1558842,5778648,6719825,4438092,5217301,4251478,4834301
359.1136258,7467963,7267725,5983398,5230845,5326307,6223184
339.1085404,6791432,6641310,4889813,5240394,4952066,5267018
413.1969612,3917568,4151770,2951717,5297113,5074123,4858229
475.1245842,6432448,8530045,3858012,5339455,4916604,4694884
399.1449258,5666938,5799466,3809720,5373338,5396659,5597831
457.1715342,4739150,4720888,2980789,5392544,4093848,4051940
385.1656612,5131720,5298989,3416424,5396639,6032898,6107037
427.1762258,4639305,5033724,2945973,5397558,4878137,5003658
559.1820988,3120275,4517642,1646311,5415780,3954906,3514256
525.1977488,3610389,4582941,2222064,5421271,3996230,3457419
405.0827196,15427667,16783972,10725541,5430999,5680383,6854277
388.1877936,3226498,3909353,2534039,5437628,5270945,5404512
489.1402342,5355543,6992537,3406004,5441361,4770069,4418981
425.1089342,12251831,13729565,8886365,5449680,4682522,6033872
507.1507988,5472669,6698661,3366059,5467466,4837196,4185567
431.1558842,5168445,4656773,3006016,5517524,3769167,3802324
361.1140196,5165759,4615305,3702583,5527562,5082303,5717081
535.1820988,4075391,6056761,2898128,5543262,4656152,4386027
413.1605758,4858622,5310936,3401765,5546964,5381320,4569459
487.1609696,4856794,5868087,1816135,5576140,5117935,4671663
539.2133988,3235270,4333436,1767955,5590742,4343939,4387913
457.2595612,3445832,3165941,2204079,5623974,5480347,4319204
347.1863966,5206733,4080289,3330188,5651457,5536170,6475833
495.1507988,5767373,7543776,3801621,5654532,5575835,5378198
549.1977488,3403050,4672419,1754553,5654952,5483764,4698653
347.1136258,7191221,5975176,4357752,5658601,5755282,6119456
393.0827196,17313523,18964589,12486960,5689069,5922564,7081188
401.1241904,8340978,8955837,6054623,5708673,6477384,6906890
347.0983696,8045232,6054019,4921972,5711844,6142349,6082587
521.1664488,4509734,5797245,2788876,5748387,4659496,4079952
531.1871842,3335442,4832987,2164581,5749685,4937603,4154713
471.166055,3570344,4649017,3063326,5790418,4344754,4401673
517.1715342,4207853,4976839,2193391,5794875,4735948,3670209
455.2075258,3359957,4172110,2617416,5795865,5594968,4998140
483.1871842,4817766,5411204,3184510,5858003,5476782,4883149
485.181705,4518815,5166554,1924831,5860429,5351117,4303804
335.1500112,5852363,4614705,3592606,5863960,5950391,6226421
523.1820988,3973030,5521873,2489861,5900228,4974015,4975992
427.2126112,3792455,3826427,2338226,5902392,5130042,4689289
365.087805,15104203,15022723,10428517,5908017,6626935,7282287
511.1820988,3317129,4518796,2456914,5917751,4512070,4520770
383.0983696,15500057,16397440,10977050,5927347,6670188,6899944
501.1766196,3748189,5093698,2256757,5959869,5089299,5016423
469.2231758,3047087,3747881,1994264,6019513,5678823,4750712
419.0983696,12708705,14214901,8509888,6030904,6257237,6359580
403.103455,11358011,12835111,7892954,6063424,6714295,7433567
441.1918758,4085185,3974271,2437097,6065640,5533455,5002875
483.2388258,2989928,4228486,1666432,6154972,5405110,4461267
337.1292758,7285470,6172766,4337967,6220837,6352339,7219221
437.1089342,11949893,13348204,7846845,6223233,5528370,6029179
389.087805,14682769,15502330,9715070,6328812,7241387,7544947
453.1402342,8968563,10457525,6163703,6341534,5667623,5789741
431.2439112,4378935,4034177,2368055,6360279,6163279,5714128
443.2439112,3743482,4557825,2188542,6360607,6146816,5483006
537.1977488,3524262,4954974,2548854,6360608,4898899,4786336
449.1089342,11227853,14166680,7851644,6417121,6681336,6653124
377.087805,15817413,15789119,11401194,6419665,7456632,7956613
415.1398404,7486273,7743061,5069347,6424763,7309670,6289866
469.1715342,6091440,7301161,3740184,6531506,4812514,5247348
551.2133988,3188792,4500372,2553135,6558232,5186807,4443548
477.1402342,7472861,9486512,5096082,6559378,6170232,6238252
463.1245842,7874345,10063948,5665408,6573758,5726426,5575735
401.1453196,9387510,9895873,6393570,6606726,6352460,7318542
445.2595612,3216439,3480451,2541082,6652506,5448437,4734345
385.1140196,12443063,12158748,8632666,6665357,5615090,6530956
359.1500112,7305161,6263195,4703410,6671627,6997489,7032158
439.1245842,10725000,12127482,6294231,6697396,5585697,5720829
497.2028342,4039940,5342295,3015311,6714785,5802446,5453202
499.197355,2948404,4322508,2085124,6723378,5696244,4918913
371.0983696,12906990,10955653,8796229,6734741,4990744,6232992
417.119105,9909089,11251380,7449089,6744454,6873578,7033346
351.1085404,10064922,9090552,6961891,6888781,6392522,7490965
509.1664488,4721050,5855002,2867460,6950597,6009935,5398169
405.2282612,5411942,5415546,3714226,6958835,6626582,7103128
433.1140196,11047075,13602356,7902581,6969619,6585163,6506602
397.1140196,15192778,15656036,10138716,6975361,7730926,8370381
511.2184842,3725704,4421518,1975124,6985789,6192458,5324613
407.0983696,17549633,20044669,11835717,6989901,7558694,8562560
545.2028342,3012363,4659114,2032317,6998186,5872861,4197136
337.1656612,6393576,5235816,4520246,7008303,7725533,7815199
399.1296696,12559479,11638311,8138165,7035286,7166127,8168068
347.1500112,6676161,6113429,4543106,7055349,7514526,7828524
515.1922696,4963635,7053411,2766793,7062260,6342406,4793432
491.1558842,6441046,7885570,4300072,7151842,5659203,6225570
395.0983696,18989299,18772602,11832026,7181640,7187721,7841517
371.134755,9896444,8549267,6805585,7314340,6598437,9291694
429.2282612,4288968,4543175,2877692,7315597,6216522,6132019
461.1453196,7497590,9615477,5509839,7316978,6931544,7232512
505.1715342,5239187,7331376,3110987,7322574,6435396,5547290
495.1871842,5326030,6798306,3423767,7326731,6941857,6604954
373.1292758,10089721,10882693,7863014,7339709,8073720,8112815
563.2133988,3470046,4684435,1817012,7359439,5092541,4172432
447.1296696,8758149,10756879,5732173,7365271,6875890,6339876
431.134755,8653119,10106502,6120002,7366867,6779727,7160022
413.1453196,9396989,9438679,6852133,7390162,6180039,7258482
513.213005,3798374,4239355,2291093,7399840,6886961,5257177
415.2126112,5363523,5500505,3714595,7441603,7385452,7135693
529.2079196,3611081,5335715,1894815,7471824,5789480,5782906
465.1402342,8496879,10420273,5940808,7505829,7218547,6580361
375.1085404,12222437,12368232,8920429,7528907,7754941,9123232
339.1449258,7554322,6862505,5139165,7552596,7224332,8575572
519.1871842,4742290,6236454,3027461,7599481,6418564,5308692
525.2341342,3450643,4136479,1830895,7606491,6007368,5480843
361.0928904,12319414,13100161,8571696,7658498,8517815,9416785
509.2028342,5357978,5990172,2633990,7669452,7373908,6475420
451.1245842,11729435,14924323,7955890,7670585,6726409,6909040
429.1554904,6461901,7026377,4255491,7676043,6392650,7061815
427.1609696,8262218,10917628,6098871,7766070,7717689,7590283
411.1296696,13732499,13995316,9460227,7774920,7714824,8757492
349.1292758,9374051,8420157,6517927,7811734,7835692,8328918
467.1558842,8408775,9756710,5584422,7848097,6958625,6719731
469.2079196,5361327,6672425,3265560,7864759,7546598,6466935
367.103455,16784350,16330123,10771210,7886167,8065374,8864136
443.1711404,5371137,6750213,3952902,7916061,6990592,6458883
459.166055,6416343,7702703,4037429,8011070,7068653,7156709
373.1656612,7982342,7554707,5157618,8017612,9085445,8553149
341.1241904,8359763,6556926,5370011,8030352,7611981,8881312
543.2235696,2912246,4545442,1671477,8032283,5893319,5013376
353.1241904,10510065,9826511,8051007,8093733,8152452,9385076
475.1609696,6473408,7792766,4346460,8097093,7123328,6349671
523.2184842,4215716,6156754,2839045,8101833,6812097,6201721
489.1766196,5808153,7869083,3422390,8228696,7901467,7329194
401.1969612,7077375,6551499,4249322,8240018,8366678,8393751
481.1715342,6704946,8313140,4109092,8249693,7500947,7401954
445.150405,7314498,8881034,5399591,8260183,7111414,7028111
457.1867904,5177421,6576376,3343284,8311969,7320473,6513636
417.2282612,5762914,5108408,3816958,8336785,8468976,6961668
479.1558842,7720707,9058542,4532949,8349681,7682945,7004418
493.1715342,5952659,8231792,3677599,8370805,6611826,6496159
503.1770134,5546365,8928697,1953252,8393289,9468208,3851334
455.1922696,6443222,7426383,3515465,8397848,7781207,7672829
533.2028342,4603980,5719822,2265887,8410258,6933460,5777705
387.1813112,8063052,7530929,4686735,8442723,8807539,9827879
409.1140196,16984576,18160748,11942329,8466845,8400680,9203791
507.1871842,6220189,6712999,3555501,8533329,7373649,6516194
387.1449258,9343040,9501094,6499205,8555351,8569960,8715803
425.1453196,11635381,11740957,7467099,8667090,7545627,8362447
379.103455,17898915,18759445,13679204,8673242,9202226,10562408
349.1656612,8098159,7050058,5734577,8682146,9144376,9703139
359.0983696,7702453,5912967,4898977,8720631,4686302,6504778
471.2024404,4993704,6130745,2532894,8743640,8095670,7292428
537.2341342,4174498,5849951,1918580,8787492,7351379,5528735
521.2028342,4951076,6764927,3568140,8877736,7272747,6611281
561.2341342,3827632,4995794,2363979,8958880,7165132,5274380
551.2497842,3256371,4837268,2075436,9013785,7761143,6122906
369.119105,12871408,12497041,9295279,9027710,8807492,9792669
361.1292758,11481796,11048079,7803708,9049104,9363653,10799199
423.1296696,14412553,15761192,10010858,9160541,8950508,9464320
355.1398404,9593305,8141750,7294894,9222928,8292428,9863011
503.1922696,5388669,7730618,3449828,9243212,7938354,7347272
457.2231758,5184587,5552374,3264433,9258148,8692634,6999012
415.1762258,7689026,9039447,5591587,9262271,9611625,8376780
499.2701258,3500342,4379856,2209032,9297728,8058623,6691466
563.2861696,2918102,4183696,1694127,9302993,7748796,5913228
351.1813112,8156212,6501906,5619449,9327974,9579235,9757103
401.1605758,8902136,9404356,6250213,9407369,9589327,10120209
391.2126112,7691511,6988391,4315014,9414819,9152777,9976544
385.150405,11224515,10303272,7145828,9423002,8915454,10245016
403.2126112,7679820,6631737,4281318,9518424,9210826,8883569
487.197355,5652443,7588408,4003913,9530835,8642549,7740595
449.1453196,9980618,11627157,6864504,9552611,8921848,8674498
485.2544758,4626337,5867998,2338787,9557083,8568536,6798277
563.2497842,3700442,5606033,1958322,9618384,7109820,6029966
473.181705,5994158,7970902,3724854,9647111,8259732,7345841
405.119105,15775832,15989354,10549416,9674462,8824069,9477770
435.1296696,13295607,14519764,8359067,9683277,8747841,8574964
535.2184842,4628347,6849338,2718927,9698657,7216153,6459626
523.2548696,3558305,5462483,2554885,9715662,7662020,6646137
485.2180904,4849568,5739996,3059681,9776212,8677074,7195584
381.119105,15736943,15348186,11361486,9816789,9604318,11150904
389.1241904,13443740,13396997,8988039,9829880,10131126,10791038
495.2235696,5219535,6366180,3005977,9835538,8651942,7874719
443.2075258,5933310,6818819,4084994,9863710,8999680,8037888
421.1140196,15911747,17833755,11188578,9971413,8970923,9155098
471.2388258,4837032,5232698,2936863,9982685,8581050,6876687
475.2701258,4572866,4814976,2704479,10026327,8120717,7128946
467.1922696,6861510,8554534,4867621,10053798,8932901,8916213
351.1449258,11140135,9948677,7475950,10079578,11125463,11753890
389.1969612,8516273,8258586,5415321,10100240,11292363,11190419
543.259955,3423217,4277154,2054451,10115102,7804103,6483838
453.1766196,8620400,9654707,5452020,10122144,8856360,8991788
383.134755,13738789,13083788,9635620,10149313,10143607,12077300
429.1918758,6432202,6816456,4086528,10166412,8850250,8251701
419.134755,12559201,14024438,8540607,10176059,10099286,9630236
547.2184842,3815961,5639082,2661949,10180912,7576812,6432408
513.2493904,3278182,5249021,2436502,10207654,8142389,6655963
509.2392196,4551066,5957406,3335431,10227411,8332376,7483039
481.2079196,6393650,7207222,3017510,10269027,8631448,8620519
399.166055,12156030,10696239,7597499,10447263,9767095,11465356
559.2548696,3790987,4807432,2098914,10517351,8400089,6341516
391.103455,19381464,20819528,13907820,10541184,10100970,12382913
365.1241904,14764249,14123665,9527409,10588736,11591300,11882110
439.1609696,10823301,11832568,6861523,10592693,9052960,9694970
549.2341342,3906854,5874595,2379191,10615210,8469748,7237147
461.2544758,5379953,6199411,3414218,10667517,10943583,9139203
499.2337404,4857141,6016206,2779398,10680121,10073849,7938693
477.1766196,7988958,9230513,4525715,10698392,8995453,8466480
517.2079196,5398764,7143624,3794415,10701888,9545680,7364803
463.1609696,8855336,10940491,6171263,10712770,9286876,9466936
361.1656612,10220243,9440413,7235400,10779679,11075794,11524205
465.1766196,8529646,10049585,5473863,10915753,9725302,9753739
451.1609696,10017304,11637281,7339439,11012922,10390281,9837679
375.1813112,9965569,9146755,7323013,11078120,11269335,11978172
417.1554904,11436897,12648117,7901696,11091338,11299308,11092483
377.1969612,8985325,8127591,6255629,11128059,11874206,11452589
403.1398404,14161729,13893933,9555934,11154760,11439037,11050341
479.1922696,7405316,9531631,4610774,11202552,9577350,9408774
363.1085404,15762886,14407560,10108366,11204382,11023261,13198182
545.2392196,3764998,5723050,2699451,11245741,8948957,7663374
473.2544758,5198511,6395991,2943543,11256850,9928860,8226488
529.2806904,3796418,5141157,2342301,11260633,9421611,6766970
447.2388258,6043514,6506249,3621697,11270811,9964274,10202399
507.259955,5087645,6256299,3137200,11355487,10783579,8951273
453.213005,7586157,8167857,4266224,11400098,10691369,10148907
529.244305,4549062,6318756,2778526,11420372,9655081,7625082
561.2705196,3431340,5094096,1513545,11656097,8770763,6560522
487.2701258,4980702,6144572,2776141,11695585,10104831,8033468
433.150405,11258016,12072498,7806321,11763988,10619723,10526824
377.1241904,15686355,14425164,11700214,11783391,12318596,13551762
505.2079196,6730131,7824946,3844173,11822037,10218056,9166110
515.3014258,4013360,4755561,2163660,11827974,10307346,7524446
491.1922696,6891607,9155332,4454698,11831529,9648713,9019047
491.2650404,5555289,6619912,3312942,11854071,10252884,8541872
447.166055,10005377,11399949,6434633,11868824,10984178,11279650
353.1605758,12089086,10703069,8347978,11972658,12502417,12899457
431.1711404,9421116,10638980,6147647,11981013,11723599,10856660
375.1449258,13004787,11526517,9135481,12034521,12201162,12264878
549.2705196,4199714,5561251,2205108,12052909,8948980,7630361
445.1867904,8027198,9419656,5016610,12061272,11330294,10937741
531.2235696,5159182,6914780,2930020,12198841,9773957,7797081
445.2231758,7134267,7492485,4170782,12300889,10455798,10005899
501.213005,5311837,7238980,3159927,12316868,10149913,8584043
459.2388258,6137811,7864492,3811121,12330308,10662897,9284581
493.244305,5431446,6964084,3291043,12335748,10023805,9330600
439.197355,8887937,9651446,6363855,12399030,10857248,10864376
501.2857758,4586847,5422408,2672508,12452051,10154019,7746419
493.2079196,6224020,8512370,4479393,12491389,10656632,8984484
389.1605758,14023335,12909584,8125840,12504580,14579392,14190728
461.181705,8376180,10336372,5831373,12543478,11537498,10595329
545.275605,4316930,5551018,2478265,12675247,10267869,8029964
521.2392196,5240866,6822273,3235340,12693165,10350894,8339794
437.1453196,14366529,16538986,9245625,12714370,11590450,12169081
507.2235696,6070685,7175849,3626159,12772696,10046294,9022950
531.2963404,4544775,5769950,2223969,12821442,11357064,8149335
417.1918758,10216290,9993911,6238719,12823949,12945902,12507651
463.2337404,7223077,8245322,4743805,12850890,12266722,10861627
535.2548696,5264248,6773563,2793677,12903781,10615834,9162985
433.2231758,8018074,8154671,4712810,12923158,11342667,10782820
397.150405,15426259,15103084,9641059,12951435,12920566,13373654
369.1554904,14696190,13527200,9498043,13023372,13882449,14734508
519.2235696,5672080,7893287,3423750,13049214,10696839,8825110
459.2024404,7276501,8902830,5281587,13063489,11348975,10644453
477.2493904,5832415,7434419,3715733,13094564,11436679,9982007
395.134755,17547516,17887875,11225825,13139282,13210898,14937846
367.1398404,16047084,14212505,9978646,13159781,13388140,14295446
473.2180904,6336174,7991382,4465206,13184012,11886744,10524341
547.291255,4098576,4911018,2390072,13306165,9962732,8552084
437.2180904,8458043,8838502,4982705,13308292,11787057,11413364
479.228655,7018245,7475440,4159192,13320190,11301771,10172682
393.119105,19681021,20054134,12998968,13323000,13867790,14216430
489.213005,6203418,9020061,3812536,13420383,11720992,10642862
363.1813112,11662818,10272676,7218662,13510459,13978551,14791554
497.1148072,3923202,6427730,2924170,13524367,15879617,12018055
419.2075258,10277728,10843896,6471100,13545025,13797978,12788252
411.166055,14486165,14023991,9495044,13613773,12621835,13764855
431.2075258,8857913,9211523,5230139,13656278,12528463,12187858
515.228655,5485874,6989925,3864010,13667066,11945738,8788058
363.1449258,13802964,11978646,9162202,13733676,14136234,15295348
475.197355,8400577,9705598,5132893,13794635,12226948,10305387
515.2650404,5029169,6535271,3393995,13826816,11904782,9484380
407.2075258,10862924,10886027,7217485,13865056,13620789,13957005
465.213005,8476397,9762865,4901446,14018478,12275065,11846796
407.134755,18504005,19037058,12587336,14075987,14325291,14845828
423.2024404,11002630,10809128,7313637,14217057,13452014,13609471
533.2392196,5928008,8354575,3299614,14292118,11328469,9062696
547.2548696,5199380,6482858,2721339,14326067,10755308,8824470
391.1398404,18644195,17702482,11335540,14342284,15485173,16583372
451.197355,9277972,10658335,6561195,14394172,13163273,13177965
421.150405,14576450,16211740,9902432,14409432,13757100,13384218
463.197355,9072422,10664011,5890686,14415558,13462751,12870713
487.2337404,6698973,8665658,3496011,14419418,12855290,10210488
403.1762258,12814150,12978483,8222690,14447952,15115204,15275371
533.275605,5061700,7115536,2566428,14660762,12049367,9238823
435.166055,12859380,14204370,7761047,14799182,13355841,14256114
503.228655,6703485,8801724,4015078,14819923,13050167,10773580
449.2180904,9069251,10324625,5506673,14869222,14719736,12825791
501.2493904,5964126,8258886,3799929,14950604,13750302,10804079
491.228655,7708760,9462534,4246828,15218928,12663374,11435691
409.150405,18622979,20774000,13038011,15219106,15513389,17000531
423.166055,13449991,14126888,8745191,15224671,14531309,14592511
517.2806904,5414121,6721740,3185136,15244364,12666838,9855174
437.181705,11964222,12840296,7498677,15356291,13515569,13580150
475.2337404,7663297,9441407,4391518,15465809,14033289,11896686
531.259955,5465355,7619293,3073379,15545278,12516230,9924952
441.1766196,10634691,12080256,6902251,15557096,14269199,12238460
461.2180904,8456051,9904243,5756619,15562234,13327453,13128706
405.1554904,15566941,16329327,10199212,15574757,15754506,15832719
379.1398404,17403312,16768802,12843632,15579111,17144383,17398645
367.1762258,15797243,11826599,8827682,15639924,15264121,17013156
489.2493904,6639643,8006303,3856570,15652711,12949798,11423155
365.1605758,16541927,13621919,10121341,15737422,16574098,16750220
449.181705,11031239,11940499,6977140,15790820,13105912,12432577
383.1711404,15549233,13397144,9834287,15801806,16248707,17731841
477.213005,9234142,10530994,6097556,15867550,13730434,13719604
505.244305,6875539,8762932,4168783,15991772,13206093,11124001
409.1867904,14207494,14720116,16499132,16038312,16299825,27109462
415.1609696,13581121,11722327,11946531,16047293,13625704,22976971
519.259955,6553743,7991593,3680774,16067972,14018698,10115351
447.2024404,10017662,11045643,6684485,16355994,14142194,13100320
381.1554904,17490044,17326567,12035289,16378595,16633066,18173509
419.1711404,14764897,15810295,9378237,16522814,15690328,16329244
377.1605758,16210656,14548057,11915265,16700653,18175889,18503840
503.2650404,6420862,7620031,3449832,16716378,14885180,11187280
435.2024404,11151345,11562449,7214227,16785743,14797632,14440432
393.1918758,14970640,13353098,8622408,16849679,16796449,18640129
391.1762258,15453421,15224412,9635709,17148056,18143487,18959062
433.1867904,11282589,12187185,7304558,17232149,15403851,14559334
405.1918758,13740130,13650549,8984751,17270508,16532752,16631443
517.244305,6899947,8474826,4103664,17521734,14809043,11929796
425.181705,14109363,13432604,22999128,17592276,15498011,41146830
379.1762258,16231870,15154991,11838075,18204661,19655243,20843394
421.1867904,14170945,14819100,9642334,18435802,17242797,17447450
407.1711404,17258824,17513350,11317578,18499674,18638384,19113865
395.1711404,18505989,17474189,16980712,19590493,19791131,27131647
393.1554904,19562246,19169408,11856192,19593988,19082007,20741368
439.0551841,19568271,11039998,9407199,43008434,17406753,23709441
409.0446195,46897658,20622436,19321270,57342354,27350816,39827529
389.1453196,4066978,3612683,2163596,2371583,2575548,2450564
391.197355,3938547,5927522,3136386,4157598,6017285,5656284
389.2544758,3359939,3325484,2046888,4255267,4363996,4611237
403.1609696,6244164,4786480,3617760,4316493,3843009,3878248
361.1867904,3837659,3273893,3000143,4349991,4383962,5435510
391.1609696,4185321,3099224,2112377,4455571,3571962,3223762
433.2079196,3572891,3755568,2235755,4522262,4088651,4124773
359.134755,6364099,5632405,3768493,4552965,5310955,5352792
395.2439112,4228374,3049631,2300151,4580722,4361517,4957969
375.2752112,3560484,3572133,2752419,4689421,5182712,5443039
419.2650404,3776352,3426041,2354617,5082694,5331549,4427293
445.1715342,4190272,3678089,2425380,5144151,3109622,3722638
383.2439112,3819338,2758833,2709316,5206505,5600155,4918553
345.1918758,4624446,3913224,2811005,5215604,5723946,6163872
375.166055,5040123,4263293,3407232,5243362,4586706,4676022
325.1656612,3605382,3388493,2793704,5247234,5037586,5508215
417.1766196,5311330,4204214,2839551,5381516,3917293,4045315
363.166055,5148124,6786974,4091361,5650229,7842738,7067516
459.1871842,5095382,5775534,2948404,5652800,5792750,4917221
405.213005,4340836,3546744,2771633,5671664,4375827,4772502
391.2337404,3845885,3265133,2450315,5686442,5471503,6726374
327.1449258,4896053,3974687,2946584,5725862,5685210,6173233
371.2439112,4058662,2999740,2932341,5735375,5882701,5779416
419.2439112,4105056,3933945,2257850,5745220,5473884,5008925
377.2180904,6531829,6666350,5343251,5824771,6667173,6359221
351.2176966,4778049,3931679,2804995,6073715,6578928,6156733
343.1398404,6294966,5826418,6002298,6084336,6332588,9770766
405.1766196,5498976,4762226,3017902,6086377,4123918,4740753
373.150405,7146753,6065805,4743917,6273734,5230080,5694135
407.1922696,3594571,3653513,2715980,6384733,5330483,4970379
431.1922696,6762810,5108355,4102716,6398165,4974415,4896979
361.150405,6353613,5472407,6752067,6420505,6075596,11935848
467.2650404,3432133,3882022,2127396,6424752,5910059,4761850
441.2493904,3800508,3924603,2207202,6435306,6347534,5654136
429.2493904,3549638,3447494,2398458,6506638,6022986,5519666
349.2020466,6076796,5351254,3931324,6665903,7835716,8115952
381.2282612,5494933,4004352,3247343,6809342,7096578,6943327
457.244305,2814537,4161782,2460080,6821029,6247323,5999588
327.2176966,5615942,4986417,3448868,6894262,7675883,7416386
433.244305,3802264,4063790,2347367,6895895,6749003,6094946
423.2388258,5311237,4912936,3109091,6922084,6718191,7068158
477.2857758,3606239,3694772,1624214,6932139,5788299,4530235
339.1813112,6628637,5972660,4388581,6950494,8284183,7880287
369.2282612,5260058,4070587,3627988,6987945,6603884,7242952
457.2079196,5022796,5801207,3088307,7068834,6736793,5632996
485.2392196,3092385,3730909,1914338,7119960,5574358,5368771
471.2235696,3433640,5057594,2546206,7158491,6019000,6140429
393.1766196,5418764,2810502,2112325,7248650,3956509,5111037
429.1766196,6664651,7306952,4331265,7331979,6153034,6273334
453.2493904,4021610,4184495,2568941,7494564,6918954,6280234
449.2544758,3954368,4527759,2397805,7518951,6990585,6297789
343.1762258,6301122,6069118,4200067,7536379,8018103,8212250
393.2282612,5185306,4813972,3276112,7537434,6615850,6874379
445.244305,3523641,2946436,2451484,7551577,5798645,5936522
355.2126112,5793268,4197329,4022725,7598891,7372901,8406910
353.1969612,6844172,4799722,4528469,7669824,7774622,8176783
417.2493904,5039970,4649657,2699773,7687571,6953458,6446597
469.244305,3637935,4829225,2440216,7872956,7442153,6960506
461.2028342,10983283,7733364,5509836,7886328,6297692,5972993
473.2028342,3861166,4317270,3141174,7887882,5757078,7153331
403.2337404,6196047,5294397,3936233,7931228,7474126,7583092
497.2392196,3903749,4384857,2923665,7947688,7075283,6099350
411.2388258,5063322,4363581,3234309,7957207,7355411,7146748
395.1922696,4981002,3248786,2693869,7984483,5528864,5817092
511.2548696,3259784,4059024,2038101,8024132,6755663,5629767
483.2235696,4379495,5235077,2964351,8080089,6604211,6826705
411.2058111,4226712,4988219,2963973,8217299,6493200,4183290
389.181705,8573613,7541782,5110166,8248843,8527558,8644751
417.213005,6389602,6353592,4383230,8316303,8112623,7553540
485.3272466,3465123,3723745,1728998,8430697,7298786,5631950
443.228655,4367612,5268481,3049728,8776223,7559936,7253503
387.2388258,5923934,5786051,3939230,8788855,8881284,10516025
357.1554904,8635599,7866023,6713901,8926731,8741662,9441887
479.2650404,4035334,4550897,2087129,8949765,7603088,6096141
435.2388258,5611501,6475215,3921039,8989008,8878912,8112109
495.259955,3428560,4781030,2353179,9040922,7216300,6768803
379.2126112,6893003,5771068,4808326,9056259,9298520,9429903
455.228655,4681939,5686605,3461190,9096218,8147800,7713788
465.2493904,4746988,5139504,3058757,9148338,9092476,7603342
403.197355,7958345,7477559,5056485,9172308,8786888,8705390
481.244305,4466483,6000951,2907943,9214314,8395933,7584235
341.1969612,7937897,7237908,5327020,9285798,9975395,9596086
329.1605758,6452992,8206348,4448096,9434214,14186940,11280391
489.2857758,3908636,5142176,2246332,9465710,8585515,6272439
537.2705196,3666590,4736863,2038387,9467431,7785556,6303901
439.2337404,5433982,5640436,3333835,9585079,8807200,8257270
415.197355,8213314,7745113,5754403,9620673,8884587,9216461
363.2388258,8410617,8270778,5690873,9631569,11383757,10593177
347.1711404,7361224,6544540,4565640,9631740,9102757,10548275
359.1711404,6734801,6155683,5521593,9672979,8193528,10491238
427.2337404,5226054,5738235,4015025,9754681,8037178,8454536
339.1999381,7120162,4370105,3789545,9959011,8694812,7616100
387.166055,10655815,8804780,6734731,10029918,8569966,11030050
409.2231758,7096841,7441528,4580798,10127790,10850101,10213465
357.2282612,6129899,4778691,4320836,10169895,9462584,9771643
375.2024404,9492488,9869706,7343500,10183152,11465951,11230660
341.1605758,7204702,6097161,5540003,10223771,8922712,10073259
503.3014258,4027774,4550081,2098666,10451553,8980801,6237268
535.291255,3618676,5047099,1824972,10466664,8401948,6990056
389.2180904,8573624,7681057,5298591,10470935,10397393,11860122
467.228655,4934342,6408230,3663397,10547371,9485864,9008376
401.181705,10509820,9676744,6319847,10662798,10302035,10576917
533.3119904,3456065,4641553,2146587,10687645,8575960,6805798
441.213005,6698431,7173245,4784615,10711529,9177871,9301626
451.2337404,5948945,6904349,3826088,10722110,9968394,9548908
429.213005,7027145,7120583,4794110,10899597,9579338,9412916
367.2126112,8838153,8269237,6220591,11062658,12294535,12626354
415.2337404,8180547,7564891,4769314,11560133,11862381,11622862
431.228655,6260024,6559362,4471353,11604183,10257231,9257169
425.2180904,8028849,7845660,5254229,11624406,11139868,10392013
487.3428966,3834848,4719167,2733649,11636208,9463818,7638213
475.2184842,5355201,4682879,3987038,11640143,7324039,10526573
413.181705,10863359,10298841,6726181,11652055,10995914,11295092
521.275605,4446240,5757314,2352140,11706035,9531696,7485779
441.2527611,2476988,3193979,3074530,11788778,4985614,2978424
397.2231758,9306851,7738493,4891760,11884446,11738887,12742886
329.2333466,8968977,7971870,5720940,11889783,12456397,11786265
427.197355,9298504,9055995,6105012,12056631,11010874,11856265
519.2963404,3832973,5323051,2615302,12152201,10346637,7960856
505.2806904,4137364,5506615,2961489,12399587,10562130,8441125
385.2231758,8877531,8415040,6410616,12662964,12593685,13964208
401.2180904,9129474,9338831,6713068,12843927,11807322,12829723
331.1762258,10071262,8988171,7025850,12938811,16096174,16531953
375.2388258,8116246,6048152,5090712,13007358,11844844,13657553
413.2180904,9515777,9092572,6220326,13276123,12892365,13119862
395.2075258,11100430,10271382,6520560,13278567,13630756,14683912
381.2316319,4646038,4737537,5703920,13445887,10386691,8701536
517.3170758,4455656,5650638,2284529,13876306,12220378,8702152
371.1711404,14217738,11973537,9810013,13980594,14589746,13971388
365.1969612,11852021,11078317,7108745,14109277,14716575,15394458
459.2235696,7585748,6250669,5334834,14251331,10216432,14009317
373.2231758,10120476,8341160,7185157,14257891,14234138,16552659
361.2231758,14506729,13499571,8514395,14294069,16826599,15929476
411.2024404,11162264,11738426,7655941,14342866,14059535,15554809
461.2392196,6666098,6768755,6378186,14374396,11455582,17376258
399.2388258,11250829,6202942,4191687,14438834,9832647,10324635
355.1762258,12009959,11017155,8182713,14439198,14712921,15286128
445.2079196,16131132,13122438,9394208,14504536,11420406,13763980
369.1918758,12277516,10129581,8226247,14510235,14920799,15940794
359.2439112,7874541,4837822,3883216,14772528,12516883,16309634
495.2963404,5642449,12610536,2184221,14818337,23080113,6152360
385.1867904,12783055,11943732,9079150,14917799,15294985,17560484
373.1867904,12641550,12369562,9190137,15105748,14516749,15119045
357.1918758,12920029,11611829,9733688,15238681,15489835,16788077
399.2024404,12215430,11331127,7699905,15389097,15651007,15172243
383.2075258,11291454,11082917,8425273,15437275,16138127,16916749
371.2075258,10988056,9001902,7839849,15858625,15986496,16830410
387.2024404,12755026,11909560,7719828,16143211,16635001,17917485
337.1326465,11213535,1533023,1472815,16305190,3202004,12220438
353.2003319,5111565,4629739,5810518,16502849,9104799,6368400
345.1554904,11303987,11113980,16316531,16520553,16567070,32958868
343.2126112,15018445,12475273,9004684,16663302,19876034,17057573
397.1867904,16057051,15316085,9944169,17158036,17579774,18198750
381.1918758,14987400,14369267,11533540,17545968,19516662,19992146
447.2235696,31478652,18967306,17258307,18457242,16022258,20055327
443.1922696,11214079,9772036,7696644,18522654,11930368,15099393
477.2341342,9047775,7508147,5900948,18607778,12739205,20338742
503.3378112,5986687,7175619,3574764,18633320,16867654,12420184
311.1686381,7529840,9927976,5528073,19527518,17826579,11620902
359.2075258,17256415,17101233,12691653,19646753,22572550,21630324
345.2282612,19692618,17542676,10733702,19690880,22580021,21227948
347.2439112,15998689,14168245,10551964,19970069,22957501,20585548
501.3221612,7293279,9387339,4112254,20459738,17993768,13456248
397.2265465,5791460,6284414,6339697,20844447,10307336,7311591
463.2184842,51621670,28989514,24744573,21108425,14220512,21779514
331.2489966,27630832,23604765,15795398,32536140,35732416,31046148
325.1842881,14944138,16001105,9752811,34418950,32028182,20604027
479.3014258,16535302,34330866,3336410,38350859,66929556,10311953
421.2265465,45873984,15105821,3045724,1755053789,22436527,274004506
457.156278,3398735,3732729,2867126,1743519,1835415,2337765
441.124978,3228104,3935363,2300913,2190055,2909967,2294912
508.1784104,3373469,4120289,2131162,2444813,3038162,2284608
427.109328,4022861,3069181,2938811,2469939,3152697,2895245
375.1296696,4161517,3804528,3046260,2902995,3038405,3086248
383.1194988,4572960,3479687,2898720,3376059,3913586,3729647
397.1351488,3609807,3462761,2561120,3383174,3985138,3741906
377.1453196,3416283,3554388,2554364,3465959,4327308,2618522
465.1279687,2713839,4078641,2307144,3785636,4260210,3387528
517.1410218,4365551,4029637,2253806,3797046,3931081,3303615
425.1300634,4440758,5115677,3255388,4005841,4144922,3901903
381.1766196,3930243,3116014,2957535,4057835,4919537,5214797
423.1144134,4815625,3916584,2864363,4409180,4488939,3570176
411.1144134,6025874,6098226,4895234,4607686,5037062,4467955
471.1355426,8904360,7743545,5531166,4783822,6285231,5580294
469.156278,4136624,3414057,2617880,5296560,5000929,4528499
381.1038488,4607082,5392853,3792073,5314255,5914840,6285875
515.1617572,4519220,3950690,2537417,5556975,4970243,4329558
417.1072195,3731297,3443891,2330625,5596549,7145961,6285826
413.0759195,3413754,3371474,2273317,5620682,5298369,6840686
380.1562186,4394780,2194570,2218921,5743978,3371929,3424483
333.119105,4381375,3077641,2745370,5818388,4789662,6363102
379.1609696,4897208,4141865,3438710,5946352,6392390,5071741
453.1613634,3716465,3354548,2046197,6328224,5285672,5021740
409.1351488,5126658,4558958,3298746,6365600,6037291,6139985
371.1017403,4679151,3952518,3095622,6475670,6401817,8077217
677.2145802,3967390,6610515,2050853,6505870,6707210,4175662
508.1354999,3842462,4731614,2099928,6919685,7521228,5609020
492.1834958,3034230,3964730,2258276,6939055,6499038,5210915
617.193451,4323483,6278024,2605581,7112786,6462821,4301465
453.124978,6397300,6656438,4222200,7203742,7539495,6620205
585.1672364,3086569,4028843,2172331,7232419,5950596,4440887
413.1300634,9257725,6500821,7449125,7283664,9490630,10355057
499.1668426,5347635,5204170,3316482,7305004,6045424,7084669
467.140628,4963015,5254182,3086886,7487647,6661664,6030578
441.1279687,4733384,2508163,2887152,7598567,7744271,5848703
587.1828864,4401325,6300941,2586418,7836534,5706894,4655900
441.1613634,4596164,4786305,3364333,7936488,7973647,6911613
499.1304572,5208371,6472904,3174144,8068900,7730922,6656633
483.1355426,5605221,6611330,2836347,8481481,8627623,7197382
543.1566718,5347326,7236513,3576633,8732694,7857350,6285187
439.1457134,6170246,5662969,4085461,9064885,8977184,8759035
545.1723218,9531150,9628586,6346431,9078952,11828444,10139410
589.162151,2757756,4689006,1961662,9560902,9796762,5744391
559.1515864,4383894,5554955,2226921,10277731,8803546,6183826
603.177801,7522326,8366033,4087806,10324404,8957192,7167706
385.1173903,6878649,6629150,3986779,11042958,10979827,15192973
501.1461072,6580572,6524224,3682164,11067575,11874319,9634660
451.1123187,4480540,6224419,3872179,11309880,11268872,10906736
509.1511926,7250330,8367897,4319492,11638466,9194573,8015512
411.1330403,8151699,4596020,4466179,11688649,7489544,11376884
659.2040156,4046733,7059280,2344291,11946825,8162059,5279098
643.1727156,2824386,6281104,1762498,13228280,14490808,9370250
444.1181185,6532261,8338378,5059739,13636152,14551802,12430795
661.1832802,4910939,6412106,2296200,13687702,11877061,7908553
513.1461072,7915880,9637880,5443987,13941140,12609065,10907604
657.224751,4300733,5398357,1841986,20429563,11942733,8918568
485.1511926,16080798,14059993,8694749,21472327,20162249,17550264
541.1774072,9435365,15311762,6326186,24270716,21724328,16730091
647.2040156,9869447,13188977,4744403,25786750,19733603,15997284
455.140628,17023193,16771410,11396173,26158100,25000790,21672958
645.1883656,8208550,13705086,4388040,28989753,20774031,15366650
405.1514676,21723228,13167215,13222059,29808356,29086986,33527438
631.209101,10201355,15577235,5147897,30095358,24542549,16252212
495.171928,11968717,12549089,7364118,30923784,22203551,21659800
395.1194988,34484472,29274752,22067934,43437390,45665550,48369394
673.2196656,10196497,19713726,5400236,47398191,37247183,23908492
608.2308396,8712248,10098222,3465011,50837795,32455984,22298323
527.1617572,22269561,26239586,13584846,61993429,47176379,37652876
346.1619728,5611898,4562761,3620218,1586607,2237023,3082464
372.1412374,3503999,3768080,2982815,2000437,2175635,2681139
374.1568874,3701887,2969606,2598967,2145364,2809706,2554424
403.1834364,5184327,5106996,3463139,2650961,2869701,2734444
360.1776228,4148564,4349731,3278850,3137179,4127592,4053741
388.1725374,3770749,3959524,2685587,3165367,2864029,3144540
417.1990864,4631394,4734647,3582463,3217294,4175343,3592708
413.1677864,3621630,4163032,2346533,3610581,3493577,3235187
380.1827082,3689253,4309139,2593713,3650932,4491170,4314348
401.1677864,3942906,4128710,2082534,3676043,3979856,4285458
403.2198218,2974541,3597626,2216423,3803481,4884427,4384114
397.1728718,3451608,3442802,2335847,3814289,3614459,3856603
400.1725374,4452675,4988673,2941015,3827355,4760969,4485974
411.1885218,3339415,4013369,2555396,3845840,4571150,4398328
414.1881874,3433253,3933725,2109480,3901520,3874078,3874212
386.1568874,4204296,4559981,3316346,3920382,3736376,4148448
355.1623072,3849698,3659710,3035061,3966744,5290068,5685099
384.1524708,4040827,3417568,3108938,4124467,6026432,6451789
358.1619728,3717710,3432484,2490225,4138893,4079754,4909025
398.1932728,3435957,2988890,2352410,4153507,3907555,4728254
431.2147364,3873081,4768387,2844218,4158678,3939151,3443921
373.1728718,5906697,5247637,4230900,4191951,3910152,4339392
371.1572218,4132869,4233115,3299416,4493229,4193069,4469687
427.1834364,2989129,4331260,2341813,4503607,4534073,4022666
389.2041718,3510964,3918877,2907547,4522515,4212429,4526230
474.1729312,2922166,3998824,1906247,4551844,4310281,4238091
459.2460364,2951123,3752108,2308913,4710725,4599793,4492261
383.1936072,3839801,4172960,2760501,4741590,5812107,4460808
455.2147364,3437780,3507534,2397255,4752409,4629336,4383740
359.1936072,4069337,3955115,3113664,4900124,5557761,6134127
328.1514082,4401176,4114195,2886330,4980611,5436617,5071641
387.1885218,5744718,5919155,3931025,5076838,6322293,6662697
378.2034436,3102814,3188179,3000139,5114496,5216508,5306912
415.1834364,4775746,4987480,3637795,5174464,5709162,5389772
356.255479,3296123,3186518,2611470,5417140,5375450,6225160
338.1721436,3585535,3239819,2264842,5442883,5826295,5672252
445.2303864,4893754,5332869,3679262,5450329,4207350,4513163
457.2303864,2932810,3843318,2360753,5494948,4805530,4655076
372.1776228,4525965,4486430,3177899,5507395,5565600,5285185
442.2307208,2897245,3734591,2163570,5537284,5075719,4777532
417.2354718,3423586,4057784,2745854,5579153,5512689,5975556
415.2562072,2959684,3617372,2357282,5595336,5048687,4792783
400.2089228,3509066,3855624,2061404,5614244,5082513,5178205
384.1776228,3963011,4197865,3273297,5784380,5551304,6137429
343.1986926,4002249,4160389,3591816,5940994,6719678,6403873
472.2412854,3314346,4344903,2199080,5968757,5048361,4197984
414.2358062,3724071,4361760,3031592,5995605,6498594,6209959
385.2456426,3672546,3601223,2647423,6038716,6222364,6662072
383.2299926,3893061,4326572,2633024,6065636,6427542,6798613
431.2511218,3244854,3537537,2023479,6074583,5733199,5088463
386.1932728,4945684,5118073,3590788,6085131,6441795,6322412
340.224179,4100170,3235308,2791373,6272905,6460740,6854546
371.1936072,4655635,4861865,3736676,6536123,6344507,6253509
399.2249072,4709514,4513339,2830789,6736302,7170244,6101656
397.2092572,5756640,5657722,3464301,6760347,7073540,7276771
364.1877936,4624235,5019944,3419447,6787274,7257387,6934798
369.1779572,5762822,5389480,4100547,6934677,7887962,7830708
429.1990864,5506506,5503688,3433215,7004300,6519626,5993780
413.2405572,4001538,4853213,3139110,7226334,6944975,6734199
443.2147364,5057789,5718018,3278081,7254558,6374144,5791232
399.2612926,4630673,4676163,2952138,7349688,7364811,7015071
370.1619728,6045828,6181408,4478732,7361055,7474626,7426612
356.1463228,7199570,7099693,5435627,7473291,7657907,7901407
373.2092572,5258519,5534371,4084480,7526109,7561749,7115470
385.1728718,6448587,6938416,4754794,7610530,8038917,7617440
401.2041718,7622144,8589261,5702378,7633811,8706647,8162329
342.1670582,6809740,6675008,5248399,7636423,7949188,8005087
344.2190936,4136712,4238539,3249029,7692351,7299577,6811749
455.2511218,3944657,4925772,2759237,7914523,6785881,6110204
344.1827082,10179324,10413248,7402364,8035380,9400813,9896025
444.2463708,4379801,5031874,3379340,8057404,6687482,6536643
397.2456426,4812520,5251203,3120756,8136613,7974668,7745771
411.2249072,5119641,6181180,3504645,8227541,8345617,7729403
370.1983582,6456466,5786158,3869464,8327725,9201103,8785474
427.2562072,4252228,5067514,2940335,8337466,8342330,7592327
385.2092572,6581719,6623035,4809076,8431791,9101840,8612780
429.2354718,5714375,6266566,3949308,8667278,8285002,8284467
399.1885218,7722115,8144436,4614591,8755621,9144508,8422032
413.2041718,6902528,8193499,4891174,8872922,9373900,9222517
340.1877936,7018047,6583265,4510661,9031550,8906042,8670087
441.2354718,5739965,6118524,3595748,9109993,8788750,7833209
427.2198218,5609031,6557435,4531122,9209912,8219450,8409480
342.239829,5751970,5470807,4038049,9613789,9093018,9620981
356.1827082,7656288,7411002,5467383,9739417,9392576,9193709
354.2034436,6914174,6325851,4859530,9814451,10157824,10038788
415.2198218,9657155,10905178,6659619,10464452,10686828,9687501
401.2405572,6312454,6614996,4526831,10820508,11360862,9843743
372.2140082,9659291,9456940,7578039,11429202,11737261,12106063
371.2299926,7936545,7252919,5824625,11580362,12676936,12089299
330.2034436,7197685,6686994,5437456,11883862,11526843,12132610
387.2249072,8826969,9363903,6490010,12958578,13993088,13268533
374.2449144,13686432,6692903,9933908,13047927,13157257,15840345
357.2143426,9790694,9914046,7872063,14665249,15588147,16263798
358.1983582,17399388,17702961,13934460,17786779,19848343,20212719
,,,,,,
,,,,,,
351.0568988,2276360,3141605,2174164,5811514,7085753,6282627
323.0983696,3027414,2006647,1876155,3474783,3227717,3224252
355.0881988,1800646,1716642,1631134,0,0,0
341.1089342,1766991,2130169,1471639,1439884,1781833,1447579
327.0357696,1812765,2011909,1504775,0,0,0
329.0514196,2195174,1844977,1424717,0,0,0
365.0725488,2102981,3010173,2054240,7331371,9881201,8470121
315.1197738,2171900,1994754,1488063,0,0,0
353.1089342,1777132,1996490,1720379,0,0,0
403.0915695,2293049,2033445,1606361,2762046,3616693,4202845
321.025205,3135544,2682546,2434718,0,0,0
353.0150342,2805449,3027624,2410782,0,0,0
373.0412488,2198743,2369636,1605321,0,0,0
311.0772404,2497377,2367511,1743104,0,0,0
313.0928904,2605223,2110085,1643738,0,0,0
331.103455,2475213,2272760,1729197,1902122,1447836,1464031
363.0932842,3322816,2844034,2445257,2924824,3092375,3156832
342.1306728,3157633,3126837,2168711,2936252,3133818,3004372
358.1255874,1840448,1764374,1649253,1648511,1556604,1782995
365.1089342,3392723,2480779,2479212,5312058,3977855,3368568
345.1303384,3275306,2460148,2073709,3102561,2871574,3223948
364.1249186,1774163,1644047,1511714,0,0,0
312.1564936,1420814,1574617,1369203,2256626,1863619,2181575
367.1245842,2894311,2415507,2176785,3134303,2923366,2805648
359.1572218,2489803,2484638,2133940,1691662,1547251,1797729
330.1670582,3404268,2590729,2179082,3318606,3138738,3372281
433.1021341,2274467,2043956,1559415,3422483,4034379,4121707
345.1779572,3422266,2633731,2272889,2962800,3080485,3498908
316.1877936,2086582,1910994,1563196,3400820,3774645,3824508
331.009555,1720502,2185696,1486236,0,0,0
381.0099488,2712137,2832820,2304685,0,0,0
319.0459404,3166909,3245841,2184859,0,0,0
399.0205134,1956961,1651728,1551012,0,0,0
403.0518134,2024243,2335006,1924052,0,0,0
354.083054,1742673,1575215,1768037,0,0,0
311.1136258,3010407,2412830,1822468,2872918,2531081,3086877
391.0881988,2194644,2231875,2022248,0,0,0
354.1306728,2085987,1934912,1650036,0,0,0
313.1292758,2484397,2171531,1669598,2836615,2482804,2786664
345.119105,3236391,2659824,2313578,1929565,2360595,2234760
377.1089342,2854093,2833990,2088433,2053849,2036351,2309773
393.1038488,3390713,3170930,2059573,2832116,3100937,2210538
340.1514082,2087477,1935830,1426109,2086004,2551087,2570108
315.1449258,2898433,1824775,1479874,2955720,2921452,2756291
331.1398404,2762453,2599937,1975987,2478386,2145189,3282408
347.134755,2259644,1929872,1478270,1805296,1878937,2359335
379.1245842,2709419,2466588,1742443,2449378,2674234,2990960
343.1510738,2389434,2308982,1691773,2131443,2178991,2650386
359.1459884,1739463,1946777,1565104,1801482,1822191,1723229
387.1521364,2693698,2541992,1777031,2558297,2483306,2129950
326.1721436,2335327,2061624,1802881,2990037,2924280,3164501
365.1453196,2415841,1793433,1584504,2941512,3053708,3463814
381.1402342,2862710,2313698,2322644,3212509,3796197,3820096
341.1830426,2897253,1929488,1644456,3317921,3815007,3587762
357.1779572,2397400,1809584,1770036,3231251,2695974,2914920
328.1877936,2683424,2934556,2027199,4295563,4182225,4130594
372.1888562,1846161,1859362,1504943,1885768,1887908,2775366
335.1711404,2927824,2766902,1942947,3199517,2757053,3085819
399.1330403,4130936,2571816,1945526,9353623,7803056,11805317
431.1228695,2859840,3017350,1655875,4537555,4448079,4079830
375.1885218,2407427,2508165,1901959,1804778,2246874,2721726
314.208529,2208353,2161493,1677142,4500273,4228412,4493344
343.009555,2594190,2753865,2248282,0,0,0
374.9993842,2524092,2204479,1626954,0,0,0
329.0302904,2542818,2454507,1973578,0,0,0
411.0205134,3355276,2674474,2069504,0,0,0
362.051754,2273835,2127857,1572718,0,0,0
317.0666758,2571090,2243199,1537189,1396489,1744736,1595164
348.0724894,1879032,1874383,1665919,0,0,0
364.067404,2969916,2577145,2216719,0,0,0
380.0623186,2823930,2563689,1636493,0,0,0
319.0823258,3231940,3139352,1979296,1491562,1715700,1703830
350.0881394,2349233,2212749,1974201,0,0,0
366.083054,3360336,2802690,1885107,0,0,0
382.0779686,2766780,2896165,1985517,0,0,0
365.0990384,2097359,1684103,1557096,0,0,0
352.1037894,2389375,1842013,1474827,0,0,0
384.0936186,2972775,2414541,2099257,0,0,0
352.1514082,2407056,2385262,1486361,2831043,2264114,3041551
368.1463228,2740085,2428700,1800808,2095864,2071775,2977569
384.1412374,2352247,2756061,1669703,2400047,2353341,2746441
400.136152,2385724,2250489,1945169,0,0,0
311.1500112,2153837,1415972,1558279,2954075,2789647,2781731
407.1194988,3156291,2552704,2023751,1780817,2074665,2339715
387.140903,1958975,1690020,1747076,1868117,1782630,2256922
383.1572218,2421037,2921620,2025771,2754505,3090815,3717372
399.1521364,3160187,3005996,1759673,2907036,2538164,3164809
354.1670582,2987120,2763854,2221183,3786149,4499187,3995126
402.151802,2526883,2782334,2170727,1871470,1802251,1693889
313.1656612,2996915,2059154,1652450,3438221,4276347,4049774
393.1402342,2946818,3440764,2102589,2923775,4040467,3069684
357.1667238,2613460,2644652,2278448,2861071,2771234,3669091
315.1813112,2801671,2637326,1879750,4702670,3920371,4837065
427.1457134,3372107,2774268,2036152,4119605,3368761,4160907
355.1986926,3051503,2753995,2575296,5225254,5119073,5426041
326.208529,3283047,2804032,2390662,5582301,6028032,5286237
349.1867904,2242423,2091345,1603767,2840234,2892351,2896106
365.181705,2077423,2323623,1922692,3328087,3599001,3470484
328.224179,3490344,3028773,1991877,5246867,6031578,5422890
376.1911643,2435962,2019063,1687755,3319155,3358269,3958583
337.2054173,2091507,2114676,2808382,6480954,5042665,4005930
341.0302904,2562359,3287265,2129285,0,0,0
327.0510258,1935648,1956105,1495562,0,0,0
329.0666758,2879210,3247093,2006864,0,0,0
441.031078,2266065,2597001,1534460,0,0,0
360.0724894,2782508,2439419,1582816,0,0,0
392.0623186,2965986,3040086,2347595,0,0,0
362.0881394,2849849,2540543,1556090,0,0,0
410.0728832,2333771,2141392,1548257,0,0,0
364.1037894,2622282,1817607,1825051,0,0,0
396.0936186,3228641,2506097,1853342,0,0,0
319.1187112,3037899,2045216,1753508,1982577,1969660,2057117
395.109603,2129654,1817469,1640924,0,0,0
366.1194394,2191454,1871376,1483711,0,0,0
398.1092686,2910628,2071368,1713932,0,0,0
414.1041832,1933090,1859608,1666089,0,0,0
378.1306728,1910339,2119608,1681716,0,0,0
433.0987634,2024100,2407477,1742711,0,0,0
349.1405092,1653095,1702977,1447338,1890969,1703216,1691098
384.130004,2232947,2127321,1819715,2603819,1968825,1913157
380.1463228,3212056,2557574,2298790,2170214,1924502,2074079
396.1412374,1836524,2152316,1556391,0,0,0
419.1194988,2556257,2616566,1965503,1707066,1765206,2053660
395.1572218,1884929,2345609,1696997,0,0,0
334.177229,1785805,2107430,2060513,3367198,3091124,3186930
350.1721436,2468047,2660523,1770962,3189761,3943307,3259462
366.1670582,3127409,3056675,2161103,3204064,3364357,3226648
382.1619728,3168729,2858306,2011398,2405978,2697272,3008421
309.1707466,1948730,1693386,1657914,4519486,4273079,4184300
405.1402342,2065243,2025837,1731498,0,0,0
421.1351488,2462019,3057948,1788257,2723543,2869932,2642458
437.1300634,2531651,3084139,1915835,3527042,2979634,2514810
469.1198926,2341552,3196969,2011672,2226091,3046621,2569585
368.1827082,2302851,2790698,2050933,4013319,3543276,4208431
416.167452,3204950,3069578,1970709,2348584,2720686,2520043
412.1837708,1643216,2100109,1688601,2562391,2724976,2326331
327.1813112,3501885,2966056,2098718,4852398,5115875,5702201
423.1507988,2794248,2193704,2200808,4413278,4568812,3779072
402.1881874,2700457,2430085,1630828,3436662,3156754,3351751
430.1943354,2260356,2406055,1568928,0,0,0
329.1969612,3550472,3133973,1929830,5384302,4884421,5528592
377.181705,3255016,2457697,2089480,3393269,3492249,3803304
369.2143426,2967317,2602678,2640847,4280484,4628583,4452547
400.2201562,3026764,2998538,1999966,4598439,4650387,4722527
416.2150708,2828631,2984588,2008084,2721069,3979697,3070444
331.2126112,2527463,2290196,1961664,4101188,3846071,4807163
347.2075258,2601684,1884840,1865106,2843656,3167665,3351104
383.0044696,1895161,2819168,1654526,0,0,0
398.9993842,2094173,2914315,2132384,0,0,0
353.0302904,2532047,2634413,2107171,0,0,0
433.0048634,2214059,2708537,1874305,0,0,0
339.0510258,1834488,2123405,1803464,0,0,0
451.015428,1771044,2210345,1702845,0,0,0
386.051754,1997543,1959499,1534557,0,0,0
402.0466686,2011281,2264171,1660250,0,0,0
341.0666758,3213122,2985196,1824910,0,0,0
453.031078,2969980,3541435,2103040,0,0,0
372.0724894,2134372,2451190,1719688,0,0,0
388.067404,3492189,3076804,2107512,0,0,0
404.0623186,3153865,3276230,1662786,0,0,0
327.0874112,2351913,2051857,1504271,0,0,0
374.0881394,2794085,2224108,1937441,0,0,0
329.1030612,2424562,2691070,1475414,0,0,0
376.1037894,2809689,2702039,2252463,0,0,0
392.098704,3685868,2942304,2034259,0,0,0
424.0885332,2131684,1993509,1795752,0,0,0
394.114354,2962430,2431870,1963023,0,0,0
410.1092686,2957390,2813139,1709538,0,0,0
317.1394466,1701471,1585550,1407790,1764117,1675119,1982505
461.093678,2425208,2505847,1639633,0,0,0
377.1354238,2024151,1931856,1587449,0,0,0
376.1514082,2761067,3151592,2512574,3327332,3294767,2799912
392.1463228,2762745,3101037,2174558,0,0,0
463.109328,2776873,3614796,1774209,0,0,0
363.1561592,1778137,1647514,1803742,2320689,2072750,2436473
394.1619728,2980362,2887050,2165785,0,0,0
321.1707466,2729044,2138833,1515953,2456555,3251878,2739504
433.1351488,2796193,2858547,1986931,0,0,0
412.1725374,3136719,3474828,2069017,2832726,3121262,2942266
323.1863966,2762728,1523851,1610696,2598769,3121240,3159246
419.1558842,2006369,2403062,1658814,0,0,0
382.1983582,2833893,2656078,2635281,3666535,3912260,4537266
430.183102,2231173,2548392,1717409,2279602,2415950,2559238
442.1943354,2860384,3176513,1923958,3751427,3520263,3041854
325.2020466,3261838,2366293,2116846,3465993,3930138,3549311
437.1664488,2185535,2662249,1839543,4804995,3580722,3344759
384.2140082,3102351,3255285,2202203,4800330,4878548,5141089
412.2201562,2569938,2134416,1617178,2968924,3609715,3503421
428.2150708,2821642,2885347,1557338,4623460,4455235,3804000
444.2099854,2333340,2574788,1663120,3704378,3110650,2485701
423.1871842,3926791,2366760,1674982,4717409,3035885,3047423
455.1770134,2955479,3511632,2183242,6657047,6245207,5551101
471.171928,3211944,3169337,1957918,2397907,2922419,2542089
503.1617572,2612605,2805176,2012131,0,0,0
430.2307208,2899329,2884262,2058396,4957363,5251918,4024579
393.213005,2029846,1929360,1714509,3121429,2630438,2471175
283.2642528,3375622,1616913,1613036,3046059,2971362,2284073
379.2337404,2486738,2658627,2050189,2631691,3470943,3070871
365.0302904,2497204,2327660,2217553,0,0,0
381.025205,2878542,3463610,2156210,0,0,0
353.0666758,2249948,2557115,1929518,0,0,0
400.067404,2264367,2417387,1622087,0,0,0
386.0881394,2140402,2622551,1992807,0,0,0
402.083054,2665623,2792562,2330463,0,0,0
418.0779686,2525029,3128535,1621477,0,0,0
341.1030612,2434381,2778359,1468310,0,0,0
485.0572926,2522011,3822037,1518809,0,0,0
388.1037894,2560360,2825935,2254978,0,0,0
404.098704,2979278,2876876,2046534,0,0,0
420.0936186,3288918,2619659,2093461,0,0,0
487.0729426,2975704,3328562,1671234,0,0,0
390.1194394,2477504,2719531,1558143,0,0,0
406.114354,2882259,2582265,1853181,0,0,0
422.1092686,2850090,2596133,1820458,0,0,0
329.1394466,2614523,1886471,1742428,1662305,1970615,2390018
473.093678,2770094,3635284,2286132,0,0,0
331.1550966,3414233,2692101,2217142,2658358,2733481,2712044
406.1619728,1828312,2365184,1817345,2485156,2110882,1847569
335.1863966,3674836,2906171,2038438,3687969,3584449,4742655
447.1507988,2738051,2246926,1737547,0,0,0
394.1983582,2590739,3039124,2477600,3354687,2933798,3588105
497.1511926,2581763,3081300,2021004,4077975,3436998,3166603
477.1725968,2535133,3562673,1980563,5370519,6134397,3518511
425.2041718,3258034,3463964,1945686,4855765,4581148,3996109
441.1990864,3085761,3319934,1997288,4799977,4299535,4668027
396.2140082,2513405,3136398,2326453,4032647,4320793,4438012
456.2099854,2775182,3492129,1860091,4223067,4106102,3586029
483.171928,2952038,2896259,1561981,5207760,4980140,3947211
458.2256354,2407949,3377360,2266991,4406513,3694530,3536865
485.187578,1656735,1748955,1649119,2788430,1900750,2299325
428.2514562,3341832,3091682,1828183,5340262,4620100,4834654
395.2472819,1708055,2036896,2306808,6336883,5383470,3641105
393.025205,2397412,2338397,1804580,0,0,0
409.0201196,2094584,2969186,2185140,0,0,0
425.0150342,2393787,2842398,1625700,0,0,0
441.0099488,2415059,2799242,1562110,0,0,0
363.0510258,1567152,1983858,1630139,0,0,0
379.0459404,2844559,3569408,2264147,1655236,1733151,2251091
365.0666758,2312387,2414714,1785438,0,0,0
495.0416426,2357450,3800026,2211342,0,0,0
414.083054,2033186,2145814,1581097,0,0,0
353.1030612,1761257,1506760,1594425,0,0,0
448.0885332,1821739,2445013,1745126,0,0,0
355.1187112,3187665,3090862,2325927,2120456,1856580,2841435
434.1092686,2445903,2243590,1895690,0,0,0
343.1550966,3108795,2212983,1781374,2596596,2849968,2490643
487.109328,2675673,3576372,2052676,0,0,0
486.1253124,3201467,3181062,1704976,0,0,0
473.1300634,3113646,3435605,2143285,0,0,0
525.1461072,2573081,3859996,1906161,3888336,3274307,2813323
541.1410218,2112233,3230610,1553836,4857721,4467880,3140589
421.2092572,1998657,2540317,1767261,0,0,0
376.224179,2799494,2373379,2238678,4936576,4549192,4625219
439.2198218,3080831,3047668,2002636,4706742,4455200,5068535
470.2256354,2604714,3588144,2124313,5192264,4886350,3471808
513.1824926,2210663,3364858,1614740,7066011,6276653,4100055
425.2405572,2675376,3162908,1738323,4667351,4142876,4019660
456.2463708,2026891,2452767,1629688,3903582,3364727,3475437
419.228655,2768736,3026680,1996219,3793475,3582555,4370973
411.2612926,2518171,2822975,1840646,4375259,4000789,4175101
443.2511218,3130105,3546112,1944317,5491231,5207808,4307454
458.2620208,3073035,3373262,1821036,6661363,5753796,5010401
373.2595612,2753322,2071734,1539089,3460849,3509799,4391649
405.2493904,2307689,2270333,2039476,2970871,3094809,3202715
413.2769426,2749699,2816480,2088998,4893667,4808914,4235641
429.2718572,3002821,2955973,2177784,5717135,5289802,4707633
425.2578465,2155695,2572572,3557458,8294360,6013725,4576716
391.0459404,2504392,2937399,1681502,0,0,0
407.040855,2493243,3033973,1864513,0,0,0
423.0357696,2400268,3260200,2299632,0,0,0
439.0306842,2858641,3502335,1638626,0,0,0
455.0255988,2426082,3222359,1975895,0,0,0
471.0205134,1985192,2901047,1561629,0,0,0
377.0666758,1838270,2033207,1544163,0,0,0
379.0823258,2415516,2355469,2157662,0,0,0
507.0416426,2464157,4115102,1848486,0,0,0
381.0979758,2430055,3164627,2051784,2122445,1653974,1921585
428.098704,1977873,2238182,1768804,0,0,0
367.1187112,2271204,1930129,1559311,0,0,0
527.0678572,1616001,2639455,1608656,0,0,0
369.1343612,3317494,3060375,2039220,2462852,2394186,2754211
513.0885926,2954089,3727348,1607570,0,0,0
355.1550966,2597343,1719227,1664947,2113302,2355281,2593640
487.1457134,3106266,3336758,1562950,0,0,0
363.2176966,3663345,2208178,2477554,4727625,3939269,4071313
523.1668426,2240423,3236304,1611781,6059970,4499902,4176248
435.2249072,2161135,2485711,1577616,4155727,3670848,3631086
557.1723218,2889080,3228473,1643902,4801312,3785958,2717204
469.2303864,1778351,2545193,1585176,4218298,3905256,3529081
486.2569354,2278847,2872844,1669655,5225756,4550506,3760191
401.2544758,3130889,3316182,2049265,5768095,5367393,5840930
457.2667718,2280264,3314421,2072494,4620455,3967900,3727332
435.259955,1716459,1710542,1575308,3548496,2903872,2875884
419.040855,1758562,1847027,1574338,0,0,0
405.0615904,2145361,2579553,1994915,0,0,0
421.056505,2671428,2949915,2133349,1721041,1917097,1840155
437.0514196,2813258,3406191,1989060,2285440,2240307,2368894
501.031078,2150746,2933049,1525101,0,0,0
407.0772404,2445630,2907002,1763140,0,0,0
393.0979758,1777399,2190449,1553716,0,0,0
409.0928904,2486782,3596394,2301368,0,0,0
395.1136258,2417911,2521214,2061533,0,0,0
539.0678572,2628054,3255162,1515546,0,0,0
383.1500112,2781994,3070609,2177321,2805190,3137404,3144953
527.1042426,2757758,3740256,1701840,0,0,0
369.1707466,2615044,2249893,1774528,2617490,2559575,2922673
513.124978,2951528,3887094,1767827,0,0,0
499.1457134,2716467,3407049,1735937,0,0,0
487.1820988,2738651,3243576,1633352,3348944,2829298,3003569
489.1977488,2470425,3634844,1817783,3930972,5605662,3914156
491.2133988,2200152,4074246,1760043,5738733,5896780,5052073
571.1879718,2212339,2989376,1433435,6059057,4126853,3467479
413.2544758,3136258,2474974,2000422,4920288,5353680,5293432
493.2290488,2961557,2931060,1911202,6808193,5258107,4554662
481.0412488,1788206,2894128,1535519,0,0,0
435.072155,2044924,2583511,1671329,0,0,0
451.0670696,2250272,3220518,1912248,1769270,2310920,2072178
467.0619842,2626248,3778598,1618471,1779349,2547225,2787566
515.046728,2511672,4093020,1790406,1845467,2167031,1790031
531.0416426,2218272,3357400,1498986,0,0,0
437.087805,2203975,3229037,1690048,0,0,0
549.0522072,2355004,3857316,1807811,0,0,0
439.103455,2688138,3583227,2160345,2173875,2480929,1792766
551.0678572,2821193,3612565,1670969,0,0,0
409.1292758,2144257,2009454,1729978,0,0,0
425.1241904,2575030,3620637,1991260,2334160,2532122,2610128
553.0835072,1739608,3449727,1691306,0,0,0
395.1500112,1867008,2252423,1607396,0,0,0
411.1449258,3042964,3159349,2191875,2863306,3031561,2742517
539.1042426,2874834,3904379,1709081,0,0,0
397.1656612,3233494,2538608,1709158,2973583,3258618,3372249
541.1198926,2125548,3130258,1832877,0,0,0
527.140628,2456699,3409505,1664975,0,0,0
385.2020466,3178452,2761017,2306930,3921068,3436046,4106153
499.1820988,3111220,3503307,1513987,3199279,3005170,2743935
389.2333466,3024572,2695205,1586083,2839580,3847893,3585694
407.2439112,3380048,2744720,2007887,4623462,4255290,4242321
487.2184842,1946588,3307065,1632330,4877783,4249592,3655862
583.1879718,2240815,4266561,1502245,7807946,5813372,4068184
425.2544758,3035824,2569500,2043986,4793303,4701981,4015564
633.1883656,2201867,3500113,1454309,2699796,2289988,1973979
459.259955,2035154,2494636,1632560,4683078,4370418,3500005
603.2141864,1775126,1987022,1510397,3683763,3464456,2684634
479.0619842,1786113,2312426,1508050,0,0,0
495.0568988,1619146,3036123,1749007,0,0,0
481.0776342,2019631,3099441,1734432,2270028,1771398,2213336
545.0572926,2514204,4169641,1666246,2066592,1792219,1635609
561.0522072,2368964,3582679,1589337,0,0,0
467.0983696,2378952,3315750,1766438,0,0,0
563.0678572,2355949,3537560,1482688,0,0,0
453.119105,2763125,3356598,1817337,2337693,2157351,2555437
469.1140196,2977456,3739688,1774104,2530730,2776284,2398577
425.1605758,2038452,2772253,1940569,3206610,2582811,2915791
553.1198926,2771795,3718015,1621159,0,0,0
411.1813112,2498710,3176760,2155012,2841295,3320845,2858232
539.140628,3307982,3621755,1778711,1796304,1742977,1656909
399.2176966,3027081,3086906,1989572,3747245,3707074,3032214
513.1977488,2367847,2767866,1820053,3343773,3013167,2857944
403.2489966,2682193,2480959,2045930,2447199,3518417,2569078
499.2184842,2434357,3854541,1741573,6254390,4421367,4211331
515.2133988,1956147,2156645,1553866,3603191,2599689,2021977
421.2595612,2611520,2063133,1559130,3245280,3392688,2815001
437.2544758,2679607,3153764,1941421,5623173,5834545,4878194
471.259955,2797224,2629178,1648159,5375712,4973500,3933712
367.3581528,3792962,2178541,2326368,3712445,3497404,2888171
511.0881988,2480522,3229575,1890127,2224166,2241339,2139962
527.0831134,2560128,3539551,1988560,2532299,2091191,1962380
543.078028,2935815,3708833,1717566,2001424,2060485,1964935
559.0729426,2311327,3720973,1566959,2154337,1926875,1919895
513.1038488,2641769,4006901,2049426,2150797,2560548,1802193
499.1245842,2975026,4155592,1562880,3019555,2639593,2662008
563.1042426,2394857,4234902,1572285,0,0,0
565.1198926,2280987,3124814,1745187,0,0,0
439.1762258,2411651,2334455,1602257,3093941,2892576,2125049
551.140628,2478656,4250517,1979188,2138644,2216695,1993633
541.1926634,2516195,2668434,1454505,4129661,3347625,2605034
415.2489966,2386756,2003035,1592866,2832583,3319150,2942414
451.2701258,1787918,1883162,1603492,4392767,4090634,3644523
499.2548696,2456885,2797776,1784583,6352701,5316349,4799112
523.0881988,1705388,2305485,1505286,0,0,0
555.078028,1733227,2364769,1565209,2480846,2077424,1746591
541.0987634,2175214,3027857,1752495,0,0,0
511.1245842,2356617,3161993,1885520,2260012,2674495,2390845
543.1144134,2887683,3611553,1837884,2746387,3030214,2177414
559.109328,2557595,4034316,1439981,2995042,2583770,1967509
497.1453196,2471683,2947667,1552523,2193301,2489797,2165131
513.1402342,2688360,3363319,1794707,2743699,3136040,2480084
561.124978,2222524,3682005,2145876,2667421,2545868,2109203
577.1198926,2574420,3727336,1553333,1938975,2085491,1734126
467.1711404,2130118,2347046,1918502,1943203,2653219,2390772
499.1609696,2428723,3375306,2327298,3351338,3543791,3330685
565.156278,2551319,3967565,1772320,2552821,2240686,2231323
463.2701258,3064612,3656777,1836923,6823630,5692644,4956220
527.2497842,2334322,3083877,1522125,5552608,5350080,3887499
481.2806904,2649908,2733369,1554217,5057905,4708514,4210159
497.275605,2405638,3380315,1760403,7134640,6458841,5310875
513.2705196,2555749,2859006,1826199,7455146,6301239,5430237
529.2654342,1967556,3140261,1531293,5199575,4012842,3712378
543.1507988,2392062,3629985,1763130,2814998,2753734,2353028
575.140628,2694864,3812451,1558590,2875437,2412661,2130993
497.181705,2353412,2860629,1709965,3565981,2761675,2516879
513.1766196,2510183,3600377,1524628,3809690,3384876,3008470
561.1613634,2643896,3818196,1613905,3557278,3310796,2733841
467.2075258,1995462,2090022,1699877,2953896,3196454,2401014
565.1926634,3025428,3597899,2018590,4682741,3645614,3032601
455.2439112,2985170,2698573,1877573,4489243,4208473,3667964
553.2290488,2387782,3223421,1643679,5980796,4594933,3746073
459.2752112,2833361,2586795,1720111,5719367,4829171,4450278
539.2497842,2976194,3991421,1485329,7063257,5723267,4668488
493.2806904,2775703,3724151,1884581,7543435,6605699,5705645
509.275605,3027354,3907360,1746697,7685850,6984797,5304994
525.2705196,2311952,3295776,1556975,6918368,5907018,4761996
735.2200594,2654238,3868377,1540396,0,0,0
571.1457134,2306039,3254594,1503070,3178545,2274949,2115801
573.1613634,2271578,4131030,1512139,3873843,3050619,2461823
543.1871842,1979898,3475362,1971511,5013529,4280518,3664770
561.1977488,2681780,3998419,2022990,5692319,4310220,3549966
579.2083134,1850849,3038045,1522471,3880969,3678323,3463089
471.2752112,2813608,3906618,1651231,5767906,5138366,4597265
473.2908612,2390191,3158104,1585975,5880856,4966561,4127419
553.2654342,2528066,3657597,1522333,7553661,5367029,4314390
539.2861696,2064318,2971517,1596431,6510301,5188740,3912774
585.1613634,2020585,3439019,1598891,3450787,3187844,2172215
587.1770134,2072749,4007182,1653810,4351862,3374222,2555164
525.213005,1864468,2713630,1598448,3775705,3134023,2632587
527.228655,2860660,3837540,1771981,6611421,5411519,4960652
497.2544758,2003205,3364954,1549714,6018475,4838869,4384152
485.2908612,2693026,2892255,1906661,6296674,5262045,4752329
487.3065112,2693087,3108414,1645647,6811113,5474309,4549825
551.2861696,3120175,3412883,1533225,8536603,7034103,5277080
505.3170758,2217364,4560441,1722451,7691242,9112151,5311785
521.3119904,2435613,3113348,1715724,6981304,7082291,4048212
486.2203529,2067390,2764298,1537557,4029717,3470181,3421243
587.2133988,1801388,3004683,1423152,4685686,3287182,2805531
527.2650404,3150449,3163750,1539532,7944674,6441665,4589963
575.2497842,2663112,3740765,1652278,8369197,6720629,4753453
513.2857758,2478949,3297279,1580951,7991725,6295097,4591582
499.3065112,2915639,3566803,1767690,9021256,7694084,5671566
519.3327258,2989195,3472684,1541126,8813967,8130705,5523738
535.3276404,1766768,2788668,1507530,5576044,5575709,3819750
500.2360029,2647370,2632970,1661760,4548610,4245388,3091195