mass,PreSW4.csv,PreSW5.csv,PreSW6.csv,PreSWGt16.csv,PreSWGt17.csv,PreSWGt18.csv
357.025205,3557230,3513249,3953911,0,0,0
373.0201196,5054705,5359361,5002174,0,0,0
369.025205,3288851,3367101,3960615,0,0,0
385.0201196,3943746,3892944,3734605,0,0,0
401.0150342,4697231,4060740,3594229,0,0,0
417.0099488,3706969,3302019,2879778,0,0,0
367.0459404,3288612,2589335,3008725,0,0,0
395.040855,3117573,2811581,3244156,0,0,0
411.0357696,3926080,3491776,3237610,0,0,0
337.0201196,3404075,3405764,3133803,0,0,0
333.025205,3117443,2946653,3399103,0,0,0
349.0201196,4771470,4616488,4309956,0,0,0
365.0150342,4629791,4674143,5160560,0,0,0
335.040855,4726608,5133327,5528979,0,0,0
345.025205,3871660,3859754,3680111,0,0,0
361.0201196,5431096,5687806,5494194,0,0,0
377.0150342,4948646,5126947,5164074,0,0,0
393.0099488,3004448,3411793,3760908,0,0,0
331.0459404,3672534,3808959,3610624,0,0,0
347.040855,6538261,6062887,6298007,0,0,0
363.0357696,8984112,8932404,9336855,0,0,0
379.0306842,9452913,8385832,9192017,0,0,0
389.0150342,4798964,4663868,4797408,0,0,0
405.0099488,4050591,3738630,4339089,0,0,0
343.0459404,3917161,3572547,4122974,0,0,0
375.0357696,9332697,8816924,9373183,0,0,0
391.0306842,9161761,8361942,8168839,0,0,0
407.0255988,7087963,6920376,6823464,0,0,0
423.0205134,3300150,3147390,3165806,0,0,0
355.0459404,2987171,3163518,3779237,0,0,0
371.040855,6111756,5592296,5759356,0,0,0
387.0357696,7698351,6552724,6670886,0,0,0
403.0306842,7988660,8212280,7533784,0,0,0
419.0255988,5711895,5499542,5921534,0,0,0
435.0205134,3173993,3147976,3530510,0,0,0
357.0615904,5098876,4849067,5003522,0,0,0
405.0463342,11550371,11315210,10958228,0,0,0
383.040855,4273860,4168961,3988070,0,0,0
399.0357696,5506876,4985142,5579505,0,0,0
415.0306842,5546103,5110363,5288748,0,0,0
431.0255988,4639816,3978634,3960935,0,0,0
447.0205134,3119149,2963961,2905698,0,0,0
369.0615904,4496161,4681415,4644657,0,0,0
385.056505,6610253,6384344,6250581,0,0,0
401.0514196,8682644,8349257,8813561,0,0,0
417.0463342,8112216,8288900,8005410,0,0,0
433.0412488,7232349,6507821,7011263,0,0,0
449.0361634,5211944,4841853,4841878,0,0,0
387.1115311,4832198,4536484,4037176,0,0,0
427.0306842,3933673,3067936,3150220,0,0,0
443.0255988,3240516,3097330,2971644,0,0,0
381.0615904,3657775,3143459,3121771,0,0,0
397.056505,5188027,5013514,4134346,0,0,0
413.0514196,5566576,5038619,4956954,0,0,0
429.0463342,5897504,5463515,5334271,0,0,0
445.0412488,5606708,5197428,4780845,0,0,0
461.0361634,4202037,3930911,4112746,0,0,0
415.0670696,7471223,6523484,6858540,0,0,0
431.0619842,7980100,7797129,7521380,0,0,0
409.056505,2963430,3048780,3460763,0,0,0
425.0514196,4098713,3904087,3710469,0,0,0
441.0463342,3748688,3521388,3334342,0,0,0
457.0412488,3595153,3738565,3634852,0,0,0
473.0361634,3345459,2832950,2507002,0,0,0
395.0772404,3379213,2935491,3112579,0,0,0
411.072155,4720705,4405698,4175595,0,0,0
427.0670696,5061093,4744735,5107081,0,0,0
443.0619842,4901439,4587247,4999160,0,0,0
459.0568988,5742294,5139307,5227007,0,0,0
475.0518134,5146656,4551217,4803259,0,0,0
407.0772404,2748255,3218620,2715179,0,0,0
423.072155,3425074,2778749,2941548,0,0,0
439.0670696,3910746,2941923,3658124,0,0,0
455.0619842,3430493,3341351,3723090,0,0,0
471.0568988,4138070,3674692,3433282,0,0,0
487.0518134,3694822,2996391,3411476,0,0,0
425.087805,3483286,3426902,3729923,0,0,0
441.0827196,4038475,3591018,4591810,0,0,0
457.0776342,5298061,4742083,5246625,0,0,0
469.0776342,3594379,3482203,3466134,0,0,0
485.0725488,3777703,2968197,3230234,0,0,0
501.0674634,3629955,3078134,3024549,0,0,0
331.0670696,2823130,3245252,3575301,0,0,0
323.040855,3351004,3510435,3502452,0,0,0
339.0357696,4127015,4361102,5111131,0,0,0
355.0306842,3782813,3921786,3432097,0,0,0
325.056505,4354880,3850269,4354311,0,0,0
341.0514196,4495678,4510053,4323160,0,0,0
357.0463342,3565942,3762599,4216062,0,0,0
343.0670696,4104047,4291400,4650340,0,0,0
359.0619842,4807772,4769753,4492127,0,0,0
345.0827196,2871741,2921784,2854270,0,0,0
351.0357696,7064877,7675710,7721480,0,0,0
367.0306842,7189534,7620755,7654609,0,0,0
383.0255988,4362943,4103422,4195938,0,0,0
321.0615904,4031120,3297083,3918324,0,0,0
353.0514196,8333282,9378141,9395285,0,0,0
369.0463342,8738587,8833731,8867629,0,0,0
385.0412488,5026121,4783828,4569170,0,0,0
371.0619842,8684052,8680685,8083842,0,0,0
387.0568988,4741046,4689048,4787755,0,0,0
373.0776342,6666502,6706961,6470606,0,0,0
389.0725488,2820612,3170888,2578412,0,0,0
375.0932842,3318766,3354923,3438096,0,0,0
393.0860903,3369523,3148639,2740506,0,0,0
395.0255988,6506497,6488762,5636218,0,0,0
381.0463342,11468841,11890463,11457640,0,0,0
397.0412488,8319416,8549384,7426504,0,0,0
413.0361634,3628144,3267610,3809050,0,0,0
383.0619842,11657931,10836230,11243115,0,0,0
399.0568988,8248128,8457529,8190708,0,0,0
415.0518134,3890295,3791451,3496748,0,0,0
401.0725488,6088856,6033996,6339580,0,0,0
403.0881988,4173244,4337470,4200670,0,0,0
405.1038488,2645673,2958863,2962841,0,0,0
393.0463342,13633065,12024152,12396307,0,0,0
409.0412488,9783269,9441611,9121435,0,0,0
425.0361634,4798106,4604503,4612614,0,0,0
411.0568988,10260545,9685441,9535211,0,0,0
427.0518134,5577191,4827680,4942218,0,0,0
413.0725488,9474160,8483356,8032027,0,0,0
429.0674634,4537629,4338138,4211966,0,0,0
415.0881988,6754422,6414940,6156076,0,0,0
431.0831134,3371073,3061640,2832482,0,0,0
417.1038488,4618326,4600452,4067105,0,0,0
354.1558248,4606310,4679306,3747740,0,0,0
421.0412488,8202164,8635027,7689920,0,0,0
437.0361634,5906790,5823577,4948562,0,0,0
423.0568988,10383155,9853566,9457260,0,0,0
439.0518134,6328412,5574628,5624205,0,0,0
455.046728,3131998,3074088,2540884,0,0,0
425.0725488,10606231,9710166,9610756,0,0,0
441.0674634,5657421,5676907,5369028,0,0,0
427.0881988,8431075,8063519,7576968,0,0,0
443.0831134,4777532,4862702,4043766,0,0,0
429.1038488,5897498,5721561,5916923,0,0,0
445.0987634,2845997,2962032,2908455,0,0,0
431.1194988,4871229,4579718,4078687,0,0,0
381.1312068,11183174,11790132,12201086,0,0,0
465.031078,3201333,2613415,2872423,0,0,0
435.0568988,8983140,8466630,8413963,0,0,0
451.0518134,6240811,6069509,6190285,0,0,0
467.046728,3804374,3366012,3343353,0,0,0
453.0674634,6461755,6175890,6041611,0,0,0
469.062378,4242572,3918427,3775383,0,0,0
439.0881988,8390743,8460258,8741258,0,0,0
455.0831134,6000730,5210150,4735824,0,0,0
471.078028,3460182,3282500,3313473,0,0,0
457.0987634,4249483,4230082,3745440,0,0,0
459.1144134,3689169,2773865,2799611,0,0,0
445.1351488,3235112,2593902,2720036,0,0,0
477.124978,3101727,2974260,3373702,0,0,0
447.0568988,7353385,6433270,6375007,0,0,0
463.0518134,6123945,5822173,5668065,0,0,0
479.046728,3957804,3798591,4031071,0,0,0
449.0725488,7920419,8322427,7497106,0,0,0
465.0674634,6520116,6165158,5743717,0,0,0
481.062378,4499528,4050512,3522111,0,0,0
451.0881988,8350247,8537347,7716042,0,0,0
467.0831134,6823125,6402683,6330359,0,0,0
483.078028,3959922,3951208,3111464,0,0,0
469.0987634,5183627,4795994,5058453,0,0,0
485.093678,3211431,2939013,2898970,0,0,0
471.1144134,4001877,3708484,3927872,0,0,0
491.046728,3642755,3339000,3546655,0,0,0
461.0725488,6882866,6654749,6160744,0,0,0
477.0674634,5836831,5382708,5777031,0,0,0
493.062378,4463071,4063015,3679791,0,0,0
463.0881988,7515558,7473883,6758622,0,0,0
479.0831134,6130733,6089279,5313118,0,0,0
495.078028,4092481,3480408,3724868,0,0,0
481.0987634,5609545,4851280,4618814,0,0,0
497.093678,3781289,3410828,3318368,0,0,0
483.1144134,4963443,3956328,3822120,0,0,0
469.1351488,5574794,4992602,4200340,0,0,0
485.1300634,3128488,2998918,2885146,0,0,0
473.0725488,5070898,5194294,4717305,0,0,0
489.0674634,4717873,4680398,4266518,0,0,0
505.062378,4004967,2920547,3291898,0,0,0
475.0881988,6530080,5966385,5461690,0,0,0
491.0831134,5057925,4937465,4216351,0,0,0
507.078028,4186332,4282521,3526442,0,0,0
477.1038488,6882335,6238772,6022791,0,0,0
493.0987634,5033440,4716328,4969007,0,0,0
509.093678,3874127,3198158,3321692,0,0,0
495.1144134,5087811,4386649,4362821,0,0,0
497.1300634,4108971,3889037,3442272,0,0,0
517.062378,3370748,3453318,3077172,0,0,0
455.0983696,3865689,3413029,3318607,0,0,0
471.0932842,4548693,4021828,3911489,0,0,0
487.0881988,4518119,3551912,4169236,0,0,0
503.0831134,4774901,4464685,3535566,0,0,0
519.078028,3816283,3418540,2946156,0,0,0
489.1038488,5206322,4826831,4189718,0,0,0
505.0987634,4608105,4159588,4002555,0,0,0
521.093678,3428277,3447245,3014307,0,0,0
507.1144134,4031710,3982490,3897131,0,0,0
523.109328,3220488,3342826,2699482,0,0,0
509.1300634,3725649,3935438,3608413,0,0,0
421.2231758,6526890,7070354,6115002,0,0,0
499.0881988,3660564,2923457,3050112,0,0,0
515.0831134,3396248,2849117,3140605,0,0,0
531.078028,3302674,2777650,2763174,0,0,0
469.1140196,3140746,3248730,2565013,0,0,0
485.1089342,3182760,3594885,3533338,0,0,0
501.1038488,3724165,3554295,3816101,0,0,0
517.0987634,4016893,3571079,3589173,0,0,0
533.093678,3693893,3477049,3015124,0,0,0
487.1245842,4381929,3784360,3498516,0,0,0
519.1144134,3968861,4028844,3631213,0,0,0
535.109328,3479920,2868795,3026431,0,0,0
457.150405,3704710,3900352,3950235,0,0,0
521.1300634,3896247,3475918,3343524,0,0,0
523.1457134,4179978,3153387,3569883,0,0,0
513.1038488,3346991,2459440,2858951,0,0,0
499.1245842,3190038,2705858,2923649,0,0,0
515.1194988,3194522,3158366,3022846,0,0,0
531.1144134,3691795,3313202,3389862,0,0,0
517.1351488,3565311,3298695,3447862,0,0,0
533.1300634,4012358,3917369,3448276,0,0,0
549.124978,3452378,3199426,2778811,0,0,0
535.1457134,3435889,3422779,3128831,0,0,0
537.1613634,3562902,3629624,3719719,0,0,0
529.1351488,3223771,2835495,2678647,0,0,0
528.1511332,4372669,3768864,3806558,0,0,0
531.1507988,2834708,3018290,2979239,0,0,0
547.1457134,3357153,2796002,2686639,0,0,0
549.1613634,3330522,2843074,2549947,0,0,0
551.1770134,3279308,3136924,2130113,0,0,0
557.1664488,3354994,2735885,2886318,0,0,0
317.1064319,5380650,5182088,5112600,0,0,0
381.3738028,3467929,3074927,2476733,0,0,0
429.124978,4419863,4404696,4114682,0,0,0
441.124978,3617093,4317031,3742910,0,0,0
561.1672364,2894095,4226194,3411581,0,0,0
617.193451,4050474,3854288,3000626,0,0,0
633.1883656,3499731,3578181,2737764,0,0,0
349.1646291,3322558,3334478,3287021,0,0,0
336.3271872,13933698,5116202,2625220,0,0,0
,,,,,,
,,,,,,
,,,,,,
,,,,,,
,,,,,,
,,,,,,
,,,,,,
,,,,,,
,,,,,,
355.0823258,3823280,3073416,3545776,1946207,1814676,1959350
345.0615904,5665206,5008691,5743480,1953997,1862320,1822861
359.040855,5930068,6074323,6978393,1956638,1613855,1686599
383.0772404,4460240,3940618,4343407,1980503,1576681,1799950
413.087805,5833840,5846556,5295899,2350369,2420231,2308000
369.0979758,4091695,3749585,3937596,2404128,2529481,2504132
399.072155,6845251,6692155,6185718,2420442,1956065,2451223
343.0823258,4146036,3920716,3964264,2518180,2453936,2654840
397.0928904,4522434,4881424,4566480,2547635,1806755,1955366
373.056505,9284862,8560395,9219016,2647984,2329926,2294297
389.0514196,10922494,9879107,10435560,2931660,1847672,2347781
371.0772404,6884890,6184177,6541702,3265388,2612491,2914292
387.072155,8695738,8535196,8432175,3436564,2711989,3035513
361.056505,9651013,9353736,10311101,3532171,2481014,2379931
545.1288342,5068256,4457982,4181661,5994668,6388219,5076868
511.1457134,3770819,3130625,3173266,1594201,1544824,1733162
315.072155,8896774,9570611,9098673,1668141,1867198,2322128
503.1194988,4368375,4321326,4258511,1686290,1669725,1731194
455.134755,3186773,2854435,2583372,1728533,1583163,1770428
501.1402342,3716999,3135480,2486438,1798327,1916173,1918464
519.1507988,3735391,3160493,3470446,1852205,2297642,1871154
445.0776342,6653232,6159986,6752042,1857238,1851481,2040125
437.0725488,10127713,10176599,9218638,1910099,1782839,1729175
473.1089342,5409842,5036598,5105399,1946267,1954118,1955885
389.1089342,3902990,4365903,4439028,1952472,2176389,1947408
383.1136258,3137756,3692819,2975352,2020960,2002930,2091030
447.1144134,3453985,3254259,2930265,2031159,1991647,2057839
471.1296696,3965012,3449411,3923775,2040457,2233135,2176522
453.1038488,8065335,7543952,7545863,2045071,2088601,2288212
327.072155,4361911,3994529,4137639,2047724,1563248,1661001
349.056505,8514202,9205042,8558543,2075470,2118628,1957093
467.1194988,7042259,6736506,5849077,2117260,2080034,2025465
337.056505,7051572,6731213,7309172,2119772,1611504,1504872
457.1140196,4776842,4306882,4277918,2169258,2143722,2350906
471.1507988,3606612,3332675,3341119,2175113,2279728,1984523
411.1085404,3802179,3306436,2936044,2183914,1693611,1952429
525.1613634,3328087,3024387,2583313,2199404,2406742,2193771
355.0670696,8714922,8835972,8898220,2200666,2009232,1976241
461.1300634,2994222,3452699,2936164,2201347,2524526,1789557
443.1194988,5794360,5291756,5467123,2202481,1674959,2060298
397.1292758,3261898,3137558,3431382,2225593,2303913,2685483
505.1351488,4980844,4441189,4580092,2255723,1941931,2119922
441.1038488,6750024,6858600,7037120,2298387,2266441,1824482
323.0772404,5002210,4549802,4768635,2300028,2576991,2355956
485.1453196,2948777,2880134,2777626,2305505,1569667,1621524
465.1038488,11894066,10502821,11462755,2320548,1797934,2377741
387.0932842,6660033,6123680,6134324,2325017,2157498,2007421
417.1402342,3988565,4126341,3960608,2336573,2112628,2282797
355.1187112,4115645,4310930,4491963,2364010,2223263,2308032
429.0827196,6432028,5938650,6182141,2387849,1649088,2429394
455.1194988,6637655,5708836,5552973,2398229,2223675,2172861
559.1820988,3589444,3043538,2701465,2401184,1944473,2317999
491.1194988,5183878,4660986,3976735,2416351,1727338,1832314
377.0514196,12516020,12456749,12535861,2443294,2031531,2560068
461.1089342,7407151,7041820,7024997,2463492,2793839,2721909
441.119105,3524422,3865447,3559614,2474002,2255176,1816800
533.1664488,2978118,3170873,2958805,2485592,2165024,1954068
385.0776342,9885012,9274077,9470043,2508865,2083289,1977296
457.1351488,3822472,4697025,3579548,2515369,2199017,2078009
433.0776342,10005336,9244971,8631227,2523775,2151693,2028610
511.1820988,3320261,3444994,2933651,2546778,2718329,3092524
507.1507988,4525280,4372635,3831596,2552769,2428405,2269027
427.103455,4321762,4222494,4667783,2569723,2104839,1941129
365.0514196,11962669,12402281,12515963,2583126,2110491,2570035
459.0932842,6162131,6073194,6146556,2590543,1880486,2170573
339.072155,6949681,7035799,6533476,2612842,2538446,2718307
517.1715342,3259137,3024264,2712631,2616582,2188043,2391301
485.1664488,3254442,3004550,2946586,2653666,2468995,2698773
503.1558842,3832826,3925039,3813071,2702100,2138463,2616444
333.0615904,5657995,6089317,6013895,2702448,2146915,2672286
359.0983696,4492394,4266979,4610922,2712367,2595632,2522200
487.1609696,3717354,3781289,2727956,2716210,3028685,2361479
521.1664488,3925944,2906062,3607717,2735434,2253121,1980754
398.1568874,3240087,3509428,3331698,2812501,3368530,3174060
443.0983696,5801530,4691693,4836341,2814835,2137296,2281996
447.0932842,8905764,8166900,7560795,2817593,2396129,2453105
493.1351488,5210594,4993833,5235247,2822461,2107838,2021371
331.0823258,4435422,4480199,4971017,2832017,2796724,2945232
479.1194988,6237229,6406719,6039133,2837781,2043843,2167020
357.0827196,6994307,7270833,7388424,2842307,2516189,2605059
335.0772404,6552408,6342679,6259099,2842725,2536999,2997378
523.1820988,3400715,3491307,3384540,2896223,2907984,2323813
407.0619842,13598558,13840571,13923882,2904091,1827989,2631526
395.0619842,15349770,14977728,14430336,2904675,2272574,2224395
427.1398404,3583454,3074077,3438980,2906617,3232774,3002501
509.1664488,3886420,3847375,3602270,2909201,3030586,2329548
483.1507988,4897907,4165225,3813927,2939798,2285629,2212777
367.0670696,14193707,12988573,14011612,2966716,2359921,3394429
471.166055,3462228,3313219,3330878,2985609,3339568,2940939
403.0670696,11648441,11300668,11093212,3005636,2497792,2741901
459.1296696,5426895,5648232,5340666,3046734,3010468,2782923
399.0932842,12163911,11593022,11502329,3072733,3052772,3428633
465.124978,2660657,3328677,2908770,3078308,2997038,2733069
419.0619842,11024405,11301526,10098429,3120423,2123397,1901266
401.1089342,9184413,8797776,8989696,3145702,2464775,2611177
501.1766196,3272585,3305465,2961063,3147449,2934031,2523138
343.1187112,3468670,3712852,3942769,3190447,3309498,3524225
321.0979758,3636886,3486529,3490299,3235290,2884331,2807902
397.0776342,15321535,14404622,13717965,3237808,3019169,2838564
497.1664488,4274861,3331470,3180129,3250683,2237544,2509057
403.1245842,4780480,4666178,5144802,3262666,3291911,3123857
489.1402342,4872500,4326096,4555286,3316871,2781466,2820862
357.0979758,5186953,5267893,4932877,3321544,3239650,2749448
485.181705,3213482,3004039,2875930,3352546,3362436,2721302
539.2133988,3209652,2681392,3010124,3358992,3307177,2488428
421.0776342,12722098,11250323,11843263,3364089,2228353,2929755
385.0928904,5600601,6489824,5652574,3366981,3312093,2830291
417.0827196,10688599,9554564,10235681,3390270,3046515,3048239
351.072155,10558777,10737479,10377746,3393443,2952214,3353894
505.1715342,3968110,4437094,4287228,3400557,3329452,3169012
475.1245842,6174752,6019633,5595833,3409593,3135847,2891871
333.0979758,4374420,4679789,4551631,3454585,3989611,3890343
481.1351488,6173770,5332561,5679678,3483474,2227197,2504005
429.1402342,5630230,5494231,5745912,3484549,3805117,3865548
423.0932842,12377905,12427901,11781739,3488950,3278954,3152337
435.0932842,12335711,10774724,10697480,3517931,2807972,3072877
379.0670696,15893886,15449393,15544923,3523652,2714065,3662407
547.2184842,2978273,2981345,2728623,3528836,3977649,2665253
341.087805,6113608,6539629,6841185,3530372,2226619,2728042
413.1241904,4857969,4604446,4497179,3534114,3142665,3115936
331.1187112,3144165,3315406,3396113,3562650,3710652,3699928
431.0983696,8971328,8800647,9081953,3569416,3114859,3248908
525.1977488,5720152,5505540,6035730,3574124,3520342,2961771
535.1820988,4259186,4345403,4002304,3578181,2699519,2599141
477.1402342,6896671,6591029,6336134,3598051,3974546,3831968
409.0776342,15519719,15282510,14718620,3608723,3072815,2978203
401.087805,9784474,9258574,9307134,3619299,3276292,3707367
473.1453196,4899889,4725302,4485878,3620507,3667271,2487853
443.134755,4974133,4964075,4297713,3647344,3299534,3530248
533.2028342,3209543,2943545,2803158,3722584,3828511,2788627
415.1245842,6637686,6867549,6668076,3725629,3711051,3004788
549.1977488,3320282,3366337,3276475,3739742,3214693,2708166
391.0670696,14996523,14092253,13778319,3749746,3238700,4076669
359.0772404,8001634,7782365,8020836,3787561,3305258,3774033
413.1089342,10369137,9914909,9660187,3788066,2927112,3598240
325.0928904,4798278,4311588,4524815,3805490,3870694,3909532
399.1085404,6187849,5628224,5982971,3820767,3142374,3697947
519.1871842,3626848,3658158,3380335,3845421,3101483,2495282
443.1558842,5154355,4965098,3927023,3847022,3272909,3066374
375.072155,12460006,12955942,12875274,3857907,3638659,3595835
445.1140196,7253291,6532719,6590246,3874515,3733590,3587385
347.0772404,7952416,7292721,7432610,3907341,3168200,3583161
515.1922696,4500125,4626783,4793344,3939542,3402467,2881738
495.1507988,5198404,4903770,4821573,3943836,3208211,2791038
345.0979758,5760449,5452092,5619586,3970264,4150201,3886231
567.2083134,3343420,3551152,3127797,3982130,4052440,3823329
404.1827082,2891331,3110836,2549577,4030259,5295487,4877017
321.1343612,3572892,3684680,3695618,4047842,5340914,4800102
343.1550966,2816393,2467677,3339643,4054713,5042627,4355723
517.2079196,3753731,3835273,3788856,4070663,4336396,3883269
411.0932842,13504578,13160899,12388076,4102378,3384234,4288429
343.103455,5554042,5602129,5214573,4113066,3108278,3975805
357.1343612,3717526,3872703,4085016,4115155,4459757,3834899
313.1292758,3006460,3646455,3319397,4128195,4241786,4210798
361.1140196,3865435,4583960,4362702,4168604,4778375,4462252
563.2133988,3566800,3473483,2933336,4190049,3837632,3020744
429.119105,6055192,6347224,5943546,4192135,3305406,3118542
441.1402342,6633283,6211430,5500092,4222992,3603783,3700446
455.1558842,5225555,5604386,5285706,4241427,3587642,3848635
463.1245842,8682916,7793370,7153884,4244171,3583303,3427382
413.1969612,3172978,3423776,3128092,4263203,5350412,4735902
521.2028342,4805562,4416975,4287654,4288843,4984642,4456786
369.0827196,12541737,13146829,12418872,4294939,3873476,3718080
329.087805,4914754,4943664,5095508,4337851,5351695,5005577
371.1136258,6597160,6512891,6382993,4355959,4339990,4302334
549.2341342,3740122,3471809,3012283,4359261,4348260,3549893
399.1449258,5011280,4959558,4677376,4384996,4705004,4609311
437.1089342,11182429,11116629,10136139,4422993,3414581,4090004
371.0983696,11516450,11554039,11379085,4427635,3754257,3862010
507.1871842,5459170,4671644,3990317,4435906,4530678,3621733
427.1762258,3593691,2958876,2703746,4450295,4113412,3296898
471.1871842,4526163,3961411,3880765,4465289,4163888,4120587
345.119105,4294088,4457793,4045704,4477150,4736959,4282525
491.1558842,6169992,5049083,5342752,4493537,3758956,3542908
503.1922696,4255740,4421680,3437264,4496149,4203872,3868287
453.1402342,9777459,8770702,8846340,4504717,3986071,4111953
311.1136258,3217654,3056312,3628312,4520024,4176434,4182794
551.2497842,3709387,3034523,2997953,4530229,4928785,3734111
425.1089342,11175572,11139669,10702337,4531296,3550784,4119860
373.1140196,8080660,7178011,6980569,4543937,4185943,4373544
413.1605758,4100209,4194847,3778332,4547875,4830218,4720543
457.2231758,3365759,3498940,3034773,4565925,5817830,4701492
509.2028342,4266326,4564176,3559263,4602898,4688443,3677134
363.072155,13903422,13462590,13746210,4606455,3939278,4956398
387.1296696,6981580,6577320,6187580,4614177,4395458,4475269
429.2282612,2839820,2936276,3200242,4618112,5449658,4264900
415.103455,8239222,8104541,8603436,4628797,3846218,3958645
371.1500112,4586037,4799749,4315548,4635522,5472544,4645384
485.2028342,3930283,3365511,2736666,4642787,4321925,3858967
373.2020466,2958644,2998578,3593714,4647386,5761904,5325889
427.1245842,8300000,8442398,7389573,4651002,4044806,4199559
419.0983696,13078548,11424406,12707580,4679974,4522117,5044944
447.1296696,8420383,8515058,7765591,4681270,5245918,4400237
511.2184842,4032967,3409155,3577748,4688987,4489851,4351021
493.1715342,5032420,4387626,4624944,4695358,4185023,3799037
323.1136258,4280297,4552369,4211074,4704132,5346406,4730875
561.2705196,3164428,2911375,2483323,4709246,4445995,3552312
431.2439112,2981935,3384705,2867797,4721406,5395300,4173565
469.1715342,5641353,5216857,5198738,4740739,4134179,3998713
547.2548696,3396065,3375585,3068591,4767875,5538224,3827492
353.087805,10342382,10467687,11768928,4769281,4692052,5121390
439.1245842,9248850,8703968,8132998,4784306,4080063,4210616
537.2341342,3658135,3444280,2821673,4809004,4936407,3461291
373.0928904,9549068,8961813,9976787,4848058,4789073,4463651
531.2963404,2856216,3149363,2597803,4862310,5962551,3706167
483.1871842,4356212,4441705,4089383,4878231,4822591,4433323
515.228655,3681951,2947936,3544065,4883671,5418724,4600011
485.2180904,3580075,2886791,2788377,4888548,6473349,4516376
349.0928904,8469158,9327931,9172953,4917592,4857838,4966639
471.2388258,3011666,3432002,2793275,4920969,5730608,4998156
443.1711404,4150833,3932905,3781613,4926317,5259468,4382212
399.1813112,3950423,3444043,3833605,4931817,5427954,4459811
337.0928904,6630717,6993365,6678397,4934758,4731896,4662385
331.1550966,3492333,3010262,3929625,4961955,6069956,5275360
329.1241904,4022345,4264248,4342875,4967619,4781334,4725521
467.1558842,7961810,7373434,7204851,4983436,4882722,4826105
501.213005,3602315,3858426,3810983,4987579,5393680,4174340
457.1867904,3509123,4363198,3419800,4991911,4998631,3924278
475.2701258,3081248,2789937,3028661,5015228,5817706,5087331
473.1887185,3110961,2553910,3026677,5021340,5734727,4900910
517.2806904,3573510,3121546,3127354,5029129,5290765,4474119
489.1766196,4791605,4389584,4169239,5031048,4560668,3919616
523.2184842,5009421,4467180,4088029,5044576,5305168,4247909
535.2184842,4219251,3190331,3077633,5048644,4611838,3891428
385.1364864,4156775,3657450,3212905,5065295,5531624,4390877
405.0827196,16957095,15134733,16020887,5097347,3911133,5104398
471.2024404,3009619,3569219,3521341,5117577,4260144,4214795
475.1609696,6143008,5314097,5165752,5145274,4725096,4330592
381.0827196,17205302,15929128,16516209,5151321,4205544,4906039
549.2705196,3149274,2884032,2987707,5162076,4707682,4056771
495.1871842,4946502,5617499,4019782,5220765,4331540,4489344
393.0827196,17462834,16935262,15925018,5245180,4757190,5328343
375.2176966,2734107,3693900,3312179,5257244,5901740,5518946
359.1863966,3269771,3420668,3037061,5347658,6448970,5429362
465.1402342,8822064,8207013,8271969,5349027,4897070,4708365
327.1085404,4751550,5478824,4730543,5386996,4604280,4790097
429.1554904,5200148,5400023,4966647,5387140,5500861,5414859
385.1656612,4004208,3960561,3725424,5390934,5815279,5106659
531.2235696,3616022,3528243,2980265,5392742,5260088,4070712
415.1398404,6690934,7285341,6219564,5409085,5882955,5271412
487.197355,4350187,3520170,3504660,5437492,6196943,4465289
459.166055,5030604,4996967,5117431,5453644,5213603,4845770
461.1453196,7149100,6714139,7024994,5458691,5341550,4922484
473.181705,5081137,4545078,4755189,5489308,5933383,4498478
449.1089342,10732318,10388856,10282382,5493154,4295532,3991471
525.2341342,3244121,4069892,3112211,5547372,5231446,4187499
433.1140196,11058004,10506537,10843064,5571196,5279499,5132862
479.1558842,7466029,6470207,6522461,5602070,4814276,5294318
451.1245842,12333603,11257088,10757318,5602579,5338878,5024505
531.259955,3720471,3055667,3464618,5681510,6220600,4769080
385.1292758,4963684,5492457,4813927,5702221,4459494,4019163
487.2701258,3271918,3061419,2749460,5762103,5493457,4637325
387.1085404,9473989,8012964,8753719,5891100,6090174,5452160
443.2075258,3812908,4479718,4435946,5941098,6447306,5562880
505.2079196,5453936,4680807,4370173,5947247,6410670,4928246
473.2544758,3694640,4141622,2985715,5990045,6544712,5814320
401.1241904,8840352,8572498,8262658,6016488,6425609,5720555
359.1136258,7050351,7176167,7455599,6020404,6581045,6117468
461.2544758,3754532,3974935,3236187,6065919,7171435,5849200
335.1136258,5650273,5878815,5714340,6080110,5583407,5419658
523.2548696,4420622,3526124,3568862,6082912,6147920,5246309
445.150405,6608166,6505069,5723938,6121168,5588052,4991285
519.2235696,4272994,4681134,4052080,6150446,5844779,5201203
533.275605,3289417,3137081,3125720,6150487,6644510,5323026
383.0983696,15690455,14487823,15443572,6202460,4965870,6175251
521.2392196,4386747,4412879,3770535,6240587,6488898,5409107
459.2388258,4001478,4221796,4355569,6241097,7452065,7676102
491.1922696,5840265,6030076,5218848,6264035,6106989,4934526
497.2028342,3999407,3847055,3890785,6274557,5869673,4708611
501.2493904,3798925,3731451,3595944,6284988,6678802,5185031
339.1085404,7589690,6797215,7184749,6353523,5917143,6557292
377.087805,14557889,15018806,15450175,6367784,5672885,6376526
457.1715342,4872068,4967359,4640409,6394791,6529512,5328183
389.087805,14090760,13559371,14703600,6396372,5535616,6289164
507.259955,4218086,4367518,3946286,6404037,6883833,5580649
509.2392196,4140376,4381905,4090720,6418451,6904381,5399504
333.1343612,4494748,4944501,4437976,6457474,5884020,5424304
477.1766196,5813279,6040117,5551749,6466275,6591891,5219489
491.2650404,4110733,4377341,3220000,6485222,7243632,5484419
503.2650404,4447232,3945522,4072146,6489881,7309667,6555267
473.2180904,4552752,4238902,4116212,6496924,7015752,5848111
507.2235696,4620516,5072029,4509485,6500292,7088632,5637991
431.134755,8102972,7491973,6825054,6570758,6311785,5587721
415.2126112,3993718,4223583,3818284,6620477,6937677,5689202
415.1762258,5485686,5783134,5695276,6636861,8256588,6993779
417.119105,10917974,10766981,11015969,6759741,7130228,6253358
329.175832,3807828,4429634,3833959,6773968,7871777,6325532
503.228655,4521982,4824113,4186833,6817559,7162209,6013569
323.1500112,4071919,4508855,4537737,6852492,7269485,6135811
403.103455,13589950,13152064,13190368,6855368,6012164,6313616
535.2548696,3912051,4184635,3756546,6877508,7271166,5234915
401.1969612,5064875,4641372,4694027,6896113,7600147,6466033
533.2392196,4202824,4236857,3616215,6898008,6783774,4967698
429.1918758,4503824,4327893,4436213,6935426,7537595,6433735
407.0983696,19144545,17744062,18867757,6941725,6323864,6484839
449.1453196,8612634,8127862,8220043,6999455,6342506,6591404
495.2235696,4975176,4568924,4527686,7015839,6936598,5577858
493.2079196,5714405,5208874,5005872,7064896,7104449,6425599
405.2282612,4959926,5009435,4432291,7078800,8268268,7231253
399.1296696,11344717,10724675,10117886,7082210,7053034,6894878
325.1292758,4888397,4995627,4794646,7121210,7152109,7122340
385.1140196,12027231,11459301,11135075,7151178,5671906,6003672
417.2282612,4760659,4886150,5081887,7206205,7842933,6066985
463.1609696,7507362,7346905,6912218,7224010,6866247,6522933
517.244305,4267781,4485513,4484153,7270664,7623436,6099206
395.0983696,18020370,17889991,16932998,7296617,6463557,6474513
445.2231758,4906268,5263976,4375323,7304906,8702032,7353646
333.1707466,4750756,4071548,4380128,7349387,8362108,6666424
365.087805,15237435,14737012,15921798,7350369,6271526,6096702
481.1715342,6796362,6300241,5862973,7424851,6329854,5919047
455.1922696,6225999,5890080,5729094,7437329,7315000,6427064
489.213005,5056823,5008081,4615703,7462026,8095517,6208259
447.2388258,4360209,4932075,4509260,7517742,8334296,6764643
482.1667832,7228509,6879836,6266417,7545716,10010141,6658423
355.103455,9673399,9667470,9619126,7550053,7124634,7637948
465.1766196,7261486,7408292,6375519,7555747,7468334,7577612
461.181705,6741546,6935321,6005088,7568130,7798125,7084147
373.1656612,6554919,6399785,6430696,7636432,8988518,8818743
421.1140196,14839728,14152339,14620350,7638264,7120001,7388761
453.1766196,7549231,7312524,7037952,7646347,7726741,6298191
479.1922696,6687790,6076992,6174300,7697175,8146373,6803695
496.1824332,5355129,5565300,5283411,7732685,8974398,7136449
475.197355,6687776,6418993,5600951,7740090,8332649,6940769
487.2337404,3846381,4203178,3987988,7756853,7823056,6716043
361.2020466,4311420,4086321,3856873,7769015,7866785,6751942
489.2493904,4387128,5495506,4680215,7785612,8982303,6466309
445.1867904,5500193,6082155,5449502,7788237,8380498,7646513
345.1343612,6030796,6272325,6656908,7819490,7717827,7200929
469.2079196,5489799,5273177,4917136,7828099,7877923,7184377
493.244305,4968935,5409579,4729392,7882050,8857538,6517762
459.2024404,5838537,5645157,5308916,7902027,8711586,6807752
467.1922696,6671568,6670969,6469617,7932555,9254178,8075256
413.1453196,9678961,9407006,8992540,7933218,7316490,7179167
519.259955,4714340,4794799,4004977,7991598,8332076,6471988
423.1296696,13606702,12055165,12932713,7996596,7720041,7206350
419.134755,13305874,14889622,14522107,8016165,8854661,8292046
505.244305,5351538,5188712,4730622,8023920,8829359,6971128
335.1500112,5555049,6166567,6041004,8117879,9367096,8713875
357.119105,9086353,7947707,8464659,8124110,7974120,8031758
451.1609696,8411678,8555774,7675075,8154384,7218940,6769398
435.1296696,12931675,12492994,12149508,8237544,7830178,7711081
431.1558842,6933561,6662532,6247516,8284932,7531368,7500550
481.2079196,5999691,5543505,5611069,8328020,8607231,7741769
351.1085404,10177861,10084177,10506781,8341422,8361505,8253232
375.1085404,12408819,11802928,12514836,8367101,7688590,8159812
447.166055,7863322,7112176,7155283,8369715,8204252,7705706
387.1449258,7312336,7523500,6779455,8382501,8338886,8164744
475.2337404,5922848,5859889,4938422,8446651,9184617,7860322
397.1140196,14461383,14076947,13857235,8454070,7331239,7572521
373.1292758,13063449,14210847,13528029,8479173,9152347,8325165
347.1136258,6369324,6329146,6132140,8604439,9497042,8831683
477.2493904,5683231,4982325,4987523,8610533,9516436,8353956
439.1609696,9371725,8896478,8692098,8632495,8352189,7509940
403.2126112,4857292,5121868,4908267,8680147,9306385,7761560
359.1500112,7072893,7610353,7521146,8716607,10116928,9306215
409.1140196,16195562,15831376,15398558,8735893,8147762,8300444
491.228655,5744011,5723901,5128736,8817892,8965999,7273345
347.0983696,9396263,9573174,8157607,8854291,9529805,8925886
427.1609696,9051612,8958492,8328579,8877048,7453701,7574659
415.1609696,8489078,8542814,7917356,8936765,8385612,7544691
361.0928904,12082003,12034578,13143496,8967062,8395137,9351846
425.1453196,11406993,10498644,9817599,9002079,8334399,8039729
387.1813112,5672923,5639348,5985864,9003053,10466767,7721360
401.1605758,7789734,7669335,7566343,9056748,10457102,8623598
337.1292758,7008582,8208861,7652230,9139311,9635841,8727674
431.1711404,7369783,6788484,7205979,9140995,9788264,8049413
335.1863966,5164914,5683247,5291445,9176704,10092096,8928924
477.213005,6923295,6211125,6635140,9251556,10128787,7852195
433.150405,9997135,9261351,8758197,9337466,8932105,8702522
479.228655,5889070,5645888,5665371,9374488,10061254,8265969
389.1241904,12489235,12639826,12196855,9619932,9461640,9279251
411.1296696,12349507,12396997,12562157,9655531,8225708,8179629
379.103455,18568587,16358714,18178661,9754702,8977883,8676944
349.1292758,9200306,8845637,8681443,9756003,11283448,10433786
463.2337404,6116765,6216407,5732565,9800392,9776453,8947763
461.2180904,6297127,6464280,6443357,9800448,10394988,8106097
405.119105,18001579,18235408,17048986,10101638,9023969,9527056
401.1453196,11234467,11314773,11602949,10111466,9476108,9014765
431.2075258,6188083,6396290,6077528,10117889,10566502,8620801
391.103455,19747892,19257316,19275158,10140537,10232115,10051716
463.197355,8201631,8047320,7565527,10146505,10210630,9205812
367.103455,15402041,14893223,15684839,10185415,9271420,9224584
417.1918758,7555156,7699078,7057184,10255677,11506805,9686827
433.2231758,6607687,6502692,6550447,10408565,10943238,9331250
417.1554904,9599061,9222789,9514784,10485053,10800244,8722220
347.1500112,7224375,7512899,7601590,10580770,12339675,10744525
453.213005,7420203,6720650,6644733,10656904,11783828,9249356
449.181705,8010517,7845236,7998855,10739101,10731368,9372584
381.119105,15218754,14970673,14718074,10869347,11214833,10668096
447.2024404,7515157,7650797,6792784,11058737,12117978,9665638
341.1241904,8806738,8701302,8865643,11080846,12188612,12024948
465.213005,7275820,6904483,7010397,11317922,10954029,9402379
353.1241904,10321915,11071856,10691691,11330060,11038814,10670456
433.1867904,8518475,8675622,8465330,11465335,12622599,11031094
337.1656612,6746447,7512549,7159695,11530360,14221321,11417731
437.1453196,13613400,12843091,13009479,11604302,10277426,9627792
339.1449258,7888708,8585127,8637814,11653757,11907552,11487861
331.191482,6577141,6912221,7362081,11690668,14379724,11016937
369.119105,12861239,12886743,12920642,11736358,10668751,11400139
451.197355,8858138,7912700,7732415,11803918,11869946,10494707
391.2126112,7261265,6889465,6514092,11844495,13250890,11612311
419.2075258,8581135,7834262,7960313,11926820,13069445,10962634
371.134755,11409968,11162881,11665815,11982717,11246876,12254724
449.2180904,7279377,7703922,6731139,11984282,12410726,10208165
421.150405,12328878,12006035,12191420,12012790,12203137,11173463
435.166055,10555990,10115264,9882369,12016102,11758240,10258789
345.1707466,7082455,7603534,8002454,12067052,14063565,13066411
439.197355,8804424,7940060,8118655,12171436,11663803,9729969
361.1292758,11410273,11575836,11314643,12235681,12849547,11967153
389.1969612,6845991,7464546,6872071,12294635,12558232,11480865
355.1398404,9700036,9931672,9531073,12428400,12595877,11666375
375.1813112,8290318,8442179,8373801,12598289,13103522,12802648
491.1992831,6272394,6032124,5574176,12721379,14405486,10447743
385.150405,11228523,10441453,11309164,12895826,11637739,11496416
437.181705,10488147,9605201,8856132,12921163,13070896,12030092
437.2180904,7713102,8374351,7428672,13082952,12845614,10760328
393.119105,19031611,17033573,17846049,13475075,13167309,11975133
435.2024404,9212498,9132222,9183998,13529571,14238366,12265825
383.134755,13165283,12831000,13274749,13673573,12087799,11909659
365.1241904,13740361,13651582,13546129,13686892,13987377,13539144
403.1762258,10091975,10186568,10321127,14041808,15446285,13979285
419.1711404,11544593,11268758,11476730,14140709,15533189,13958860
423.166055,12967723,11915900,11148903,14275763,13780073,12617163
389.1605758,10097181,10520154,10290175,14383587,15636368,13342490
375.1449258,12898305,12425529,12621342,14509063,15063448,13632078
377.1241904,15606478,15461184,16502857,14577202,15068095,13765719
349.1656612,10316478,10239310,10489838,14984558,18185218,15191300
399.166055,13544276,12682569,12763907,14995687,15466223,14773538
351.1449258,11130194,11198299,11336231,15007673,16432683,14993210
425.181705,11230862,11752020,10214909,15455325,14795838,12967214
363.1085404,16703051,17394760,17313837,15699458,15207385,14671097
395.134755,17033242,16853709,16859277,15896175,15223884,15002390
405.1554904,13848239,13643796,13534622,16089994,16159205,15490834
377.1969612,9634536,9841490,9097309,16125510,16411603,14662762
423.2024404,10401577,10885755,9848421,16221362,16798824,13991369
407.134755,19517284,19935425,19633711,16237600,16220827,15216488
403.1398404,17276354,18063172,18306275,16372428,16494857,15552146
421.1867904,11702188,11981458,11593403,16680181,17773697,15470164
407.2075258,10755946,10424519,10057268,16819237,17797793,14929771
397.150405,15350222,15707161,14860761,16916412,16522669,17288238
405.1918758,11110066,11886615,11474337,17789837,19837416,16006932
411.166055,16126020,16343495,15804142,18064620,19289006,16330669
409.150405,20512748,20586834,19895968,18527382,19071796,17633180
361.1656612,11750254,13521446,13116894,18787244,21838230,18107068
367.1398404,15639623,14848177,15234290,18821842,19083399,17731986
353.1605758,11448328,12855674,13061237,18948631,19877993,17338755
347.1863966,11196482,11922253,11371968,18971436,22964709,18217687
391.1398404,16360510,16426987,15367581,19135361,18692411,18053258
369.1554904,15404868,15749857,14380877,19379505,20239065,19313621
363.1449258,14263897,15461458,14901304,19459597,21736420,18779396
379.1398404,17757592,17538372,17797743,19767384,21143012,19611225
351.1813112,11908446,12765028,12059186,19939268,21147189,18640709
407.1711404,15425383,15757508,14718514,20018210,22106782,18939754
409.1867904,14987246,15577429,14341793,20649112,21533495,19922845
391.1762258,12948552,13004786,12199333,20867976,21354819,18401425
393.1918758,13186637,14408051,13328174,22867217,24341211,21641705
383.1711404,16767727,17191200,16402055,23012462,24363520,22323748
381.1554904,18475087,18341690,18457732,23372396,23814139,21999689
377.1605758,18076379,19295049,19357779,25669180,28322761,25246817
365.1605758,17088854,17747592,17371804,26447991,28999228,25300819
393.1554904,19904068,19913068,18845479,28654858,28277460,26081763
367.1762258,17990741,18735291,17327357,28893917,30474386,27214237
395.1711404,22210594,23628499,21872787,31546998,33274962,29506332
391.1428311,19887167,18450412,20524446,31964033,29571388,29849739
363.1813112,20979303,20765788,20545603,34618905,39017454,32750862
379.1762258,23434660,24714573,24392312,36221025,38981102,33418850
441.1766196,30771006,27893604,29270201,51134477,47038789,46044890
389.1271811,31793684,29824595,32660472,52451804,48576393,47798036
403.2489966,3811792,3417424,3351791,2903255,3473686,3144346
283.2642528,4850208,4134056,3731742,3233218,3535825,3295305
389.1453196,3654169,3305047,3193340,3298784,2643341,3162903
445.1715342,3242275,3317356,3302688,3535566,3222611,3311923
331.1398404,3323882,3348179,3232277,4141727,3905217,3667677
419.1922696,3607568,2896534,3395833,4244772,3911301,4159179
315.1449258,3390224,3347263,2685117,4419899,4302027,3882462
373.2595612,3044170,3227458,2871811,4424171,5852033,4868176
499.2184842,3534620,3615684,2583170,4598365,4850878,4373894
411.2058111,2875974,2694089,3125999,4619502,6808496,3454894
367.3581528,8203418,7309550,5417267,4736788,3251912,2906065
391.1609696,3756100,3897327,4059554,4759429,4660543,3970190
405.1766196,4566705,4340758,4113823,4899723,5060071,4663059
403.1609696,5957061,5846854,5156070,4904654,4679947,4784788
407.2439112,3300205,3164873,2940982,4941863,6170276,5379948
473.2028342,4182065,3585590,3186420,4972188,4889928,4250671
435.2235696,3317327,2793149,2892540,5054945,4658845,3786079
379.2337404,3913145,4183387,3964552,5106801,6616574,5577329
393.1766196,2977353,2934128,2756907,5168398,5431000,4878822
419.2439112,3312654,3511958,3005688,5420323,6759557,5214920
347.2075258,2376265,3082066,3125702,5431091,5981675,4993757
441.2527611,3525428,2770783,2517681,5452807,5483840,3299026
471.259955,2962514,3292738,2273594,5506698,5201201,4762636
467.2650404,3669197,3052152,3110381,5516939,6016290,4985848
473.2392196,3166256,3029558,2982643,5522076,5965128,4415535
425.2544758,3231368,3620434,2660345,5591129,6434876,4950312
437.2544758,3480906,3393613,2915901,5666117,6691372,5131396
325.2020466,3031898,3686968,3550501,5743946,7356923,5604788
481.1844207,3737674,3600977,3037245,5894995,9444863,10633544
479.2650404,3945519,3769920,3237467,5903129,7163335,5045490
309.1707466,3214341,3499917,2861537,5949702,8800000,5937598
417.1766196,5466197,5752453,5528352,5962045,6884468,5605163
405.213005,3866293,4745241,3977634,6100878,6078955,5972757
485.2392196,3435692,4045448,2762265,6112228,6241926,4707865
375.2752112,3694128,4214108,4344387,6123564,9591229,6546033
425.2578465,3757704,3075666,2467833,6125657,5508156,4298023
401.2544758,2746548,3818083,2543122,6127096,6799387,6368759
377.181705,3893986,4067151,3706969,6179394,6822863,6047846
471.2235696,4256850,4009539,3872572,6290057,6622512,5941260
537.2705196,3594648,3518008,3241513,6371628,6154966,4616362
495.259955,3865162,4116317,3726919,6389153,7159831,5297285
449.2544758,3279628,3642736,3116416,6398359,6909796,5648289
407.1922696,3920744,4257989,4330035,6429732,6559392,5736298
363.2024404,2845807,3369058,2560586,6457887,7425013,5240085
413.2544758,3144818,3474978,3240733,6480165,6151182,5632926
505.2806904,3645556,3617897,3369727,6510450,6889905,5597946
419.2650404,3645453,4069015,4246263,6523171,8774790,6083271
405.2493904,4111032,5400605,4617637,6534033,9214446,6488855
497.2392196,4046513,4119440,3644002,6534655,7178347,5184774
313.1656612,3931649,4426237,3743851,6610890,7626112,6310005
483.259955,3702902,3163242,3405350,6624154,6522433,5657006
457.244305,3603325,3450811,3533459,6710180,6419941,5827890
391.2701258,3889249,3935237,3980728,6729627,9443670,6245537
475.2184842,4313120,4234801,3787447,6798011,6051177,5719138
511.2548696,3854793,3784964,3467157,6799453,7545468,5716015
391.2337404,3881047,4050942,4016560,6812564,7758159,6578331
329.1969612,3642968,4101958,3791467,6966484,7825701,6867233
395.1922696,3086375,2736855,3152535,6973049,6937686,7077663
431.1922696,4794421,5305731,4738137,7013122,6225767,6212355
383.2439112,3489543,3932466,3452569,7027840,7006739,5943860
441.2493904,3756340,3616607,3450033,7071751,6483264,5966546
457.2079196,4748161,5456829,4710038,7162790,7337446,6392117
389.2544758,3761720,4291182,3758099,7178744,8390565,6069036
365.181705,4421982,4177550,5093026,7246974,8185410,6935385
395.2472819,3583028,3109088,1907872,7276163,3351136,4622119
469.244305,3959942,4675160,3960719,7277187,8148259,6514681
521.275605,4584381,4109776,3825832,7356748,8438594,5616979
419.228655,3819534,4974230,4465400,7376164,8420485,7038665
429.2493904,3865866,3669459,3318000,7420799,6677433,5917634
345.1918758,3896285,4658516,4284316,7466226,7367634,6656177
359.134755,7073911,7620589,7469941,7553338,7598907,7739491
335.1711404,4649838,5514283,4773297,7563900,10483261,6975128
483.2235696,4738165,4252266,3970599,7592857,7337536,5505452
373.150405,7548193,7388964,7326691,7612875,7339873,7567410
315.1813112,4038933,4900165,4326340,7683394,8685265,8045029
325.1656612,5242708,4691505,4753693,7694658,8452596,7125420
327.1813112,3897548,4465590,3724478,7776005,8071047,7548769
513.2705196,3248696,3259188,2982347,7776415,8852148,7104644
429.1766196,7009554,6924758,5958902,7801731,7013308,6826953
417.2493904,4193363,4912774,4622111,7910717,8594549,7501608
371.2439112,3510361,4477215,4578743,7946142,9141563,7689763
529.2654342,3076319,3623464,2569594,8030575,8940361,6578516
459.2235696,4519623,4502372,4766194,8039242,8005026,7542983
377.2180904,6644463,6725464,6223971,8128076,10984409,7939184
375.166055,6053896,5805375,5913124,8129549,7692702,7799380
453.2493904,4304167,4611208,4184058,8223878,8275602,6662729
465.2493904,4575530,4908706,4293723,8293026,8461613,6989835
319.2126112,4570985,5290995,5212312,8312920,10959250,8055014
481.244305,5088331,4928082,4683324,8328021,8603136,7059786
537.2552634,5868951,6346296,5679657,8501548,11313878,7850155
361.1867904,5333878,5072428,4858341,8534963,8116636,8002242
493.2290488,5083622,4490027,5126704,8717633,8153026,7896065
395.2439112,4325427,5059295,4530336,8726146,8606815,8688422
333.1554904,5409184,6328953,5896157,8873095,9364600,9213109
455.228655,4789323,5077022,4738883,8911887,9215543,7627189
423.2388258,4661030,5316219,4643428,8967344,9565287,7855558
327.2176966,4510419,6568381,5624517,9060109,13121422,9153385
477.2341342,5911583,5259829,5373572,9312997,8887700,8577187
327.1449258,5986501,6432175,6152886,9330429,9567103,9030489
363.166055,5977697,6507608,7015486,9391636,10658794,9391370
349.1867904,5581509,6035796,6250484,9450868,12354568,10630410
363.2176966,4098677,4467815,3726414,9479716,8560633,8545561
403.2337404,5397966,6005582,5553389,9532117,10281236,8234649
461.2392196,4306469,5004055,5878108,9532160,10280300,8890481
435.2388258,5965389,5599420,4655866,9572832,9769628,8182109
467.228655,6116559,6197880,5467119,9648779,9489698,7948280
443.228655,5207593,4680421,4934631,9809769,8722632,7978494
439.2337404,5406788,5923801,5249403,9910441,10545593,8681389
443.1922696,6860334,7304935,6707179,9926508,9167051,8173058
403.197355,6712778,7739210,6898921,10040018,9394448,10426007
335.2075258,5491575,6186035,5618106,10067590,12320325,9324193
337.2020466,5174616,6107629,5429143,10250370,11819026,9818252
353.2003319,5921814,5598597,4706433,10353187,10117236,6342031
451.2337404,6654485,6376698,6515899,10433803,10675960,9018096
483.2000707,5811317,6326889,6063655,10460056,16440895,16462251
445.244305,4589849,3982951,4304664,10903241,11712591,8527148
393.2282612,5367382,5652857,4947765,10966296,12294882,10740207
355.2126112,5043934,6634412,5970647,11048071,11971258,10933212
491.2133988,5797258,5122812,6452768,11056356,10121070,9257856
343.1762258,6413199,6748002,5888385,11206334,11384264,10219153
441.213005,6680377,7225186,6430901,11304970,10856771,9164502
411.2388258,5870663,7016906,5562096,11359471,11852722,9709486
343.1398404,8278916,8738650,8673655,11439796,11822527,11464327
417.213005,6959188,7842438,6741791,11498813,12076149,10506026
427.2337404,5875157,5854746,5691774,11564020,10517506,9651325
381.2316319,6143080,5247820,4335768,11625088,10328079,7663707
333.207132,6637996,7671428,6875112,11689108,14931076,11486401
339.1999381,6083410,5241780,6489475,11840139,15888877,12051075
357.2282612,4754872,5778906,5594420,11855600,11656456,11929134
397.2265465,8131038,6959141,5382629,11921352,12021178,7023672
389.181705,8905251,8959582,8367108,11940328,11915157,9996062
387.2388258,6081516,6056128,5471829,11948090,12914140,10593691
359.1711404,7305349,8609783,8135552,12069190,13125446,9662573
433.2079196,8592200,8200485,8328112,12147318,11535110,10750516
339.1813112,7138125,7784368,7671167,12198535,14354921,11428479
433.244305,7056196,7323939,6219693,12243571,14934789,11186736
381.2282612,5539943,6669132,6132887,12540543,12611598,10557530
387.166055,9676759,9868464,9400900,12816425,12860875,10497420
415.197355,9091190,10377823,8679212,12907837,12864589,11358066
357.1554904,9469342,9901509,9064734,13117146,11830515,11783705
401.181705,10073257,9690714,8965129,13263343,12621841,11963888
459.1871842,8597194,8549222,8874485,13351755,12791203,11026633
369.2282612,7386976,7860981,7747427,13393223,15373039,12600298
409.2231758,7649264,8671575,8062627,13675674,15389497,12095389
341.1969612,8171878,9579911,8427389,13706401,17171414,13585542
341.1605758,8151388,9278846,8474484,13937815,14887885,12635261
429.213005,8826126,8643029,8039667,13955969,15102907,13024197
461.2028342,10223144,9829145,9916766,14428929,14724461,12886130
425.2180904,8564363,8776275,7630331,14488667,14521405,11801899
427.197355,9575897,9849371,9430401,14644214,14345220,12424320
329.2333466,7474783,8108878,8552563,14889181,21342509,15845673
359.2439112,4517024,5011468,5054358,15214940,11394907,17844355
363.2388258,9287293,9407597,9523285,15427114,19135488,13255967
375.2388258,6737955,7465298,7140921,15629346,15063474,18197095
399.2388258,8254305,8795475,8612621,15720689,16240378,14282026
389.2180904,8188461,9541222,8098828,15809008,15464349,14997285
413.181705,13113458,12870176,12316444,16188707,16249867,14483359
379.2126112,8713649,9102678,9128578,16285803,16670200,15887980
353.1969612,9701397,10568068,10298496,16704034,19382387,16105870
361.150405,10576745,11412002,11122137,16841640,20089234,17275575
415.2337404,9209973,9865824,10043180,16852286,17462350,15572849
401.2180904,9405615,10012254,8872974,16921075,16433174,14933491
391.197355,11949133,12273654,11761065,17075084,21276999,17307796
431.228655,8981553,8329601,8299606,18047743,19600229,15612671
373.1867904,13081903,14620462,13491182,18500054,20825964,18458684
385.2231758,9502082,9896702,9568381,18613860,19551229,15873008
413.2180904,11243634,11874849,11124509,19354916,19854349,17637278
463.2184842,13184414,12315352,14350550,19360457,18152774,17342515
355.1762258,12544721,13806498,13397708,19805308,24449712,19538897
397.2231758,11039197,11072549,10473956,19898311,21413305,19151927
375.2024404,13359126,15558984,14741039,20085783,22927784,18807390
371.1711404,14260797,14329099,14100898,20445064,21157158,18617870
311.1686381,7463677,6942401,8354593,21191266,31312955,27056916
357.1918758,13163947,14290383,13068585,21194469,25367805,20579876
385.1867904,13716854,13628150,12841077,21304923,22111220,19444712
373.2231758,10894652,11466552,10339320,21608928,19801974,23427142
411.2024404,12853318,13562313,12938991,21701869,21054384,18702254
361.2231758,13955972,14766647,14130672,21744574,29366695,20265677
347.2439112,12316756,14449499,13290960,22285117,31877621,22579943
343.2126112,13329305,14487403,13840778,22300361,29558225,22611610
371.2075258,12020299,12823829,12257709,22517651,23528753,21964312
395.2075258,12830763,13216473,12290201,23285372,23551065,21138209
399.2024404,15981403,16571726,14979848,23621868,25181941,22211878
351.2176966,13798762,14690158,13793852,24727503,29146688,23105359
369.1918758,15345490,16442091,15021912,25064764,26514148,23647199
347.1711404,13461566,15338313,15443388,25422632,27023841,26454739
331.2489966,14428161,16757993,17397294,27069113,39746264,27273974
359.2075258,17275026,19408898,18430859,27195729,36886353,26527864
367.1527269,14019660,13000885,16127222,27308758,41509003,50348438
345.2282612,16537064,18794845,18987942,27535612,39561180,27297979
387.2024404,14909409,15496376,15780428,30160946,28743123,27727252
445.2079196,20276510,21401193,20143900,30891723,34086993,27931951
397.1867904,21453270,21908511,20861407,31072194,32751027,28605491
383.2075258,20757243,22839593,19859088,34010231,38212106,29823532
349.2020466,21097162,23276888,21438456,36179321,46099468,35171598
325.1842881,13153111,13500469,15182113,37844294,75912696,55760304
381.1918758,26785883,27639619,26379405,40161910,45453316,37908562
329.1605758,21415504,21179199,24095843,46708940,46962974,47479065
447.2235696,31786003,35339756,34086478,49946159,55943129,45347940
367.2126112,28787811,31768774,27456776,51372776,60588189,46883239
345.1554904,28915155,27998538,29789074,52152552,60032969,53405863
331.1762258,26601457,28421338,31333917,52894376,55286473,54737637
365.1969612,33063268,35618450,31810215,56770690,66272838,51887966
421.2265465,23359401,2924178,39102138,366994676,20247680,317578834
427.109328,3301345,4135454,3305862,2018811,1563143,1607816
383.1194988,3225822,3605780,3712634,2347617,2813427,2313240
659.2040156,3622320,3145966,3138239,2820430,2322815,1882034
543.1566718,4057561,3499539,2996870,2899152,2517563,2167768
423.1144134,3262255,2957949,3726954,2972853,2607210,2758095
587.1828864,6268793,5818211,5215720,2979718,2733229,1935578
517.1410218,3933951,4082055,3550262,3074310,2755338,2456836
469.156278,3013769,3114586,2579347,3099267,3158307,3060217
665.2145802,3787211,4366662,3325754,3168032,2616759,2306528
559.1515864,4281669,3690707,3290777,3195808,2635163,2140337
677.2145802,4656624,4721182,3312657,3276676,3055223,2030702
499.1668426,3698457,3109827,3310209,3281499,3434684,3223938
515.1617572,4129436,4522335,4089855,3314901,3813090,2518729
499.1304572,3472151,3856322,3572353,3385945,2836666,2670976
467.140628,4134098,3917434,3434484,3484300,3320098,3477497
645.1883656,3642831,3923107,2674177,3505795,3329425,2711959
513.1461072,4005425,3979569,3403720,3528859,3800753,2960511
381.1038488,3504189,3241261,3563638,3578463,2915821,3313212
425.1300634,4042387,4500053,4055552,3611743,3394624,3331378
377.1453196,3486933,3643205,3145807,3804728,3848133,3713117
465.1279687,3837232,4028069,3435618,3809955,4369710,3736589
411.1144134,4948035,4608452,4520685,3821802,4151212,3034541
351.166055,2814297,3198304,3074605,4153279,4668977,4429633
657.224751,3079594,2962647,2631321,4193805,3463541,2525608
501.1461072,5803911,6200312,4890278,4327095,3851534,3824128
735.2200594,4298533,4451989,3771135,4350957,4290870,3746032
541.1774072,3644874,3113508,3252843,4525298,4529781,3443750
483.1355426,4236403,3807848,3854887,4555670,4176445,3318696
471.1355426,7478356,8641091,7059263,4679305,5480751,4276234
453.124978,5246261,4987023,4363269,4802702,4765336,3782227
413.1300634,5245041,5802526,5805851,4876578,4630537,4823967
673.2196656,4204012,3532244,3171285,4948113,5131822,3794488
381.1766196,3244118,3392831,3443337,4962930,5239808,4960334
375.1296696,5736443,4718901,5590554,5215235,4289940,5507658
545.1723218,6233569,6635005,6507165,5369003,5445114,5285762
631.209101,4973340,4639099,3924631,5570202,4873904,3582457
333.119105,3105688,3701361,3872724,5767295,5560432,5036204
509.1511926,7356755,6326479,5900126,5789712,5512762,4312011
608.2308396,2659530,3374564,2945953,5927054,6748953,5311442
379.1609696,3572127,4081993,3480180,5942365,5632490,5505631
603.177801,8514148,8178478,7215395,6076522,6984798,6024303
661.1832802,5446072,5651720,4286183,6397075,6157710,4726207
369.0674634,2643235,3711689,2520371,7255319,6162112,6103996
439.1457134,4686927,5376991,5316996,7915696,7541182,7288758
413.0759195,3683440,4368924,3978011,8162593,7468039,7167904
647.2040156,8505789,8357023,6511117,8851915,8805760,6369684
455.140628,10596436,12307491,10486603,9012244,8730171,7864764
451.1123187,5039652,5256449,4578503,10761492,10344191,8553210
444.1181185,6229425,7069358,5580684,11820834,13623442,10104224
385.1173903,4198753,4539110,3586148,11992650,8256483,11736025
485.1511926,11510953,12274310,11542042,12225505,11464323,10248724
527.1617572,10267804,10288663,9314629,12763505,13329236,10576230
492.1834958,9633206,9188114,8582695,14294288,15351702,11049917
495.171928,9383494,9710427,9113158,16997789,14250004,12145791
405.1514676,10882734,12400660,11818397,19100553,18231780,17710865
395.1194988,15878167,17398474,16699530,23273069,23518281,22145812
403.1834364,4093384,3604297,3952872,2336464,2264846,2085014
416.167452,3194986,3213941,2943785,2465088,2201187,1893715
346.1619728,5129988,5327432,4728997,2489350,2207443,2191803
431.2147364,3315763,3309442,3324504,2832640,2781542,2768128
372.1412374,3522473,3447315,3276990,2928805,2811967,2594588
374.1568874,3392150,3292210,3556613,2939629,2474624,2975044
417.1990864,3417172,3567750,2749728,3098941,3284085,3439402
427.1834364,2939354,2752540,2878850,3601399,3474436,3419265
445.2303864,4206875,3456104,3225370,3645130,3979343,3494189
373.1728718,3798313,4005674,3579882,3683282,3837800,3655737
414.1881874,3531897,3741250,3490600,3722548,3692079,3524492
401.1677864,3530919,3225176,2912263,3731949,3793935,3589615
388.1725374,3225857,3069834,2628391,3873036,3897010,3064409
371.1572218,3283000,3431175,3468702,3923844,4594978,3854858
360.1776228,4346364,4261137,4397234,3952252,4463728,3698583
386.1568874,3316388,3460049,2862939,3964736,3564253,3479737
358.1619728,2900751,3225821,2756686,4398095,4750875,4464451
400.1725374,3602436,3527125,3306379,4405615,3677060,3941773
389.2041718,3281961,2612323,2843657,4508141,4773786,3458339
383.1936072,3090678,2852134,2570892,4564084,4663814,3804713
384.1524708,2710574,3144199,2926458,4643169,5288694,4601603
387.1885218,3931101,4394165,3654217,4770862,5776848,4523409
355.1623072,3001548,3232670,2625224,4875383,5825196,4425677
384.1776228,2887734,2977805,3355520,4906343,5361404,5302024
415.1834364,4189302,4079199,4296492,4930877,5364812,4390770
443.2147364,3995179,3639014,3702761,4949866,5140681,4929024
371.1936072,3596870,4150545,3152297,5148559,6180141,5417493
417.2354718,2978899,3335814,3193119,5193021,5793909,4310825
338.1721436,3101770,2934473,3033221,5342590,5981431,5064063
364.1877936,2804709,3325815,2825589,5404494,6036762,5533238
399.2249072,2999647,3186513,2979083,5518575,7112440,5405992
383.2299926,2579202,3240750,2965653,5572733,5938703,4638257
429.2354718,3954956,4027860,3797233,5697408,5838778,5018563
372.1776228,3644343,3917341,3936969,5698736,5802570,6317862
429.1990864,4436240,3962325,4095220,5886850,6088635,4450246
400.2089228,3112971,3318746,2649487,5938548,6330249,5817745
427.2562072,3184083,2972185,2646397,5981171,6524930,5341307
328.1514082,3648392,3806325,3559819,6040546,6275149,5902391
343.1986926,2818453,3353448,2968966,6041285,7181774,5596823
397.2456426,3068386,3406888,2936296,6325195,6545853,5410874
386.1932728,4221615,3820505,3438435,6956873,6931686,6681793
441.2354718,4492086,4582240,4063411,6957065,7887169,6596307
373.2092572,4899127,4301620,4525044,7010780,7882610,7072835
385.1728718,5693810,5471986,4865137,7024216,8492017,6802405
369.1779572,3986253,4409063,3821908,7111992,6947552,6711259
385.2092572,3800445,4273915,3451002,7138912,7840761,6104045
397.2092572,3854810,4139042,3976674,7139269,7744951,6634549
344.2190936,4064957,3872354,3413654,7271393,8752852,6433705
401.2041718,6909100,6759004,5978124,7326194,7511060,6853106
370.1619728,5164225,5389303,4597880,7880285,8287232,7140594
342.1670582,5780081,6191727,5759096,7927209,9041096,7571845
401.2405572,5117106,4770401,4239376,7991798,9850905,7529973
342.239829,3869830,4189824,3512459,8051133,10366171,7196056
427.2198218,4720087,4735515,4434303,8162293,8119299,6917246
413.2041718,5504114,5754401,5899037,8221988,8973324,7430046
411.2249072,5129286,5098954,4590320,8330478,8962993,8052654
474.1729312,5757990,5138995,4798165,8477353,8484183,6326341
415.2198218,7245941,7635551,7384876,8531261,9987149,7927665
356.1463228,6413359,6847661,5891055,8576420,9319371,8115439
399.1885218,6063960,5945676,5568262,8671466,9264883,8617252
370.1983582,5297359,5164033,4532355,8998504,11314187,9340157
340.1877936,5242966,5170330,5287548,9083794,10322653,8638337
371.2299926,4212307,5156123,4650419,9199514,11201847,8099359
349.2010145,6110921,6841688,6569976,9856376,12347404,9767182
356.1827082,5836860,6335672,5911546,10057135,10656725,9000186
354.2034436,5563767,5440151,5674410,10171219,12034453,9788084
372.2140082,7029700,7409191,7097043,10281147,11677268,10811185
344.1827082,9499826,10162265,9867916,10842070,12394187,10893215
387.2249072,6094824,5978301,5891666,11939895,13157849,10290584
357.2143426,6220211,6841814,6062384,12136172,14929156,11349546
330.2034436,6676262,6752274,5982534,12558785,14918137,11721222
374.2449144,15826614,16222282,17378590,18533127,13357209,14944604
358.1983582,15662877,15636200,14490201,19580954,21714470,18016077
,,,,,,
,,,,,,
,,,,,,
,,,,,,
,,,,,,
,,,,,,
,,,,,,
,,,,,,
,,,,,,
,,,,,,
,,,,,,
,,,,,,
,,,,,,
,,,,,,
,,,,,,
,,,,,,
,,,,,,
,,,,,,
351.0568988,2094388,2063171,2137102,5946271,5492242,5158689
323.0983696,2114022,2421934,2394751,2672001,1977955,1848312
339.0932842,1657910,2013595,2270569,1480559,2130387,1835624
341.1089342,1683534,1761906,1619815,NA,NA,NA
325.0201196,1783353,1671958,1596416,NA,NA,NA
327.0357696,1932976,1799834,1869983,NA,NA,NA
343.0306842,1442661,1897791,1829210,NA,NA,NA
313.056505,1607667,2094316,1556569,NA,NA,NA
329.0514196,2126907,2135593,2135628,NA,NA,NA
365.0725488,1697077,2014831,1621889,6186076,5545505,5594937
315.1197738,1555469,1654075,1801657,NA,NA,NA
353.1089342,2170870,2153068,2039910,NA,NA,NA
369.1038488,2144049,1776339,1951294,NA,NA,NA
316.1514082,1382815,1497575,1372270,NA,NA,NA
307.1398404,2348052,3020894,2834087,3833777,5052873,4194926
371.1017403,2666019,2698488,2717070,6062964,5287186,6590971
321.025205,2843786,2863924,2268653,NA,NA,NA
353.0150342,2558421,2775891,2911819,NA,NA,NA
307.0459404,1733641,1736272,1545368,NA,NA,NA
371.0255988,1919494,1733347,2004343,NA,NA,NA
309.0615904,2608888,2772861,2614736,NA,NA,NA
373.0412488,2918649,2302727,2107332,NA,NA,NA
311.0772404,2318321,2656435,2683666,1468498,1527596,1539588
375.0568988,1695200,1881890,2225157,NA,NA,NA
382.1004354,2109325,1710112,2343288,NA,NA,NA
313.0928904,2678264,2126833,2232415,2205629,2194548,2335592
361.0776342,1914701,2442254,2607043,NA,NA,NA
315.1085404,2351371,2359609,1949879,2058292,2150596,1681879
331.103455,2224098,2260171,2800141,1403030,1554105,1415892
363.0932842,2134598,2092612,1566760,NA,NA,NA
342.1306728,2337895,2687590,2341487,3188639,3046591,3163515
358.1255874,1852162,2062035,1763907,1657604,1697297,1486648
349.1140196,1461933,1464385,1604063,NA,NA,NA
365.1089342,2256195,2612345,2494092,2197095,2024492,2117444
397.0987634,2163651,2249233,2196945,1606068,1579428,1654823
345.1303384,2943435,2824516,2517387,4126945,4381634,4384928
364.1249186,1692621,2263397,1882466,NA,NA,NA
344.1463228,2106535,2131024,2185858,2663372,3065538,3021205
351.1296696,2350925,2418007,2744355,3789748,3983911,3479350
367.1245842,2112065,2350765,2350317,2396877,2090114,1893774
314.1721436,1591177,1408672,1537302,2541188,2296615,2303275
330.1670582,2572318,2554635,2701630,3242424,3164145,2756093
417.1072195,2633302,2150020,2357025,4179261,4900979,3593518
433.1021341,1865045,2136362,1658809,3540093,3839756,3385919
345.1779572,2330073,2351440,2416024,3332846,3280334,3127981
300.192879,1920040,1748110,1875139,3541891,3889123,3624519
316.1877936,2493348,2066157,2605684,3936771,5186429,3947168
317.0302904,1844255,1823867,1647882,NA,NA,NA
381.0099488,2958365,2538262,2810974,NA,NA,NA
319.0459404,2910544,2488790,3025017,NA,NA,NA
399.0205134,1982777,1711412,2307823,NA,NA,NA
401.0361634,1731730,2082375,2219255,NA,NA,NA
307.0823258,1769742,1727061,1563294,NA,NA,NA
403.0518134,1771191,1673018,1913562,NA,NA,NA
309.0979758,2317052,1897858,2524117,2479866,2621941,2042290
295.1187112,1897789,1643775,1523511,1947604,1687878,1727889
391.0881988,2052656,1605089,1857683,NA,NA,NA
354.1306728,1651037,2256515,1508757,NA,NA,NA
386.120502,2556569,2422217,2410322,NA,NA,NA
297.1343612,1369468,1348606,1885235,2641372,2650187,2360476
377.1089342,2442952,2772796,2344516,NA,NA,NA
393.1038488,2530359,2821986,2551582,2175232,1804490,1827290
409.0987634,2546665,2263375,2266781,2079892,2306865,2173339
388.136152,1599734,1648002,1942303,NA,NA,NA
347.134755,2335026,2645823,2639794,2442014,2565079,2304713
363.1296696,2074195,2281550,2092339,1814025,1933535,2122495
379.1245842,2167186,2361152,2083947,2290771,2836960,1947734
343.1510738,1926535,1884508,2402170,2945208,2881986,2238602
326.1721436,1864205,1993714,1521900,2628642,2843323,3081860
317.1605758,2215474,2292369,1878049,3729087,4230182,3188057
349.150405,2353337,2919242,2512873,3307881,4007422,3164416
365.1453196,2351697,1986948,2175127,3540595,3451959,2876751
381.1402342,1836361,2064694,2056832,2550888,3100151,2830917
397.1351488,2734539,2321943,2172886,3392953,3601322,2938412
341.1830426,1559138,1929092,1497210,3103901,3223506,2550915
389.1677864,1864223,1600092,1979905,NA,NA,NA
380.1562186,2532089,2315331,2456446,3844454,3623668,3652438
328.1877936,2242959,2255997,1954707,4057579,4178004,4075583
367.1609696,2116175,2076343,2247416,3711704,2856589,3085208
399.1330403,2658638,2934084,2240254,10316002,4899562,10773790
359.1936072,2858125,2650622,2720135,4751693,5714765,4378740
375.1885218,2508305,2093893,2525739,2415636,2513316,2237530
314.208529,2196622,1988518,1811740,3838091,4565549,3639090
343.009555,1726047,2095930,1855317,NA,NA,NA
359.0044696,2094919,2266569,2291534,NA,NA,NA
374.9993842,2273227,2338067,2429429,NA,NA,NA
329.0302904,2094646,1883429,2288199,NA,NA,NA
315.0510258,1812739,1752624,1519021,NA,NA,NA
411.0205134,2904128,2515391,2845930,NA,NA,NA
317.0666758,2738213,2133633,2572817,NA,NA,NA
364.067404,1757623,1689045,2080592,NA,NA,NA
380.0623186,1749720,1577259,1840741,NA,NA,NA
319.0823258,2784085,2557916,2759808,1626429,1472379,1996237
366.083054,1678005,2276234,2036147,NA,NA,NA
382.0779686,1705093,1894938,1774194,NA,NA,NA
417.0674634,3125335,2784900,2328353,NA,NA,NA
368.098704,1606836,1833660,1738258,NA,NA,NA
366.1306728,2014151,1664151,1800129,NA,NA,NA
309.1343612,1976577,2186888,1876187,3056384,3610362,3654072
368.1463228,2343878,1680841,1905184,2500098,2433456,2141364
384.1412374,2205738,1919492,2100087,NA,NA,NA
400.136152,1748478,2289616,1771654,NA,NA,NA
311.1500112,2904827,2798270,2674973,4431455,4394040,4162321
391.1245842,2418234,2255848,2359706,NA,NA,NA
407.1194988,2143331,2435264,2224686,NA,NA,NA
439.109328,2369620,2330593,2369928,1651123,2105280,1845690
399.1521364,2354001,2316615,2230017,3033829,2450669,2598176
354.1670582,2325866,2330253,2334623,4305736,4386187,3586729
402.151802,2705723,2826450,2463866,1914465,1815696,1704261
393.1402342,1989952,2036585,2130724,3048711,2509009,2430944
409.1351488,2737131,2577745,2424479,3551382,3665715,3691420
457.1198926,2025353,2420161,2011806,NA,NA,NA
357.1667238,2568610,2649032,1815074,2971357,3026166,3086364
395.1558842,2069535,2139344,2038416,2924147,2597967,2509081
427.1457134,1806814,2048029,1825156,2298361,2283525,2354821
443.140628,1602869,2019051,2175984,NA,NA,NA
355.1986926,2354905,2609576,2284499,3888258,4764342,3556824
326.208529,2098196,2451193,2099699,4704810,5640899,4369036
402.1994208,1701697,1792727,2044543,1573478,2312854,2152521
317.1969612,2502200,2585495,2535208,4278471,5205548,4121440
333.1918758,2743209,2667649,2800613,4490896,4809856,4302013
328.224179,2282390,2321540,2385306,5098483,6518876,5077063
376.1911643,1865597,2132045,1679173,3301678,3619517,3212132
287.222782,2243191,2702937,2536626,4135237,6872972,3847140
303.2176966,1414241,2267179,1744486,2174275,3598730,2487045
367.1795965,2646102,2633404,2190590,5490398,7577747,4037022
337.2054173,2574681,3139566,2467224,6242435,5566483,4682893
371.0044696,2086911,2264798,2408817,NA,NA,NA
386.9993842,2916772,2488972,2996254,NA,NA,NA
402.9942988,2757551,2198323,2666196,NA,NA,NA
341.0302904,2122296,2315872,1943635,NA,NA,NA
327.0510258,1599667,2123165,2103203,NA,NA,NA
329.0666758,2292286,2372140,2556495,NA,NA,NA
441.031078,1782354,1736045,1638087,NA,NA,NA
360.0724894,1628373,1664756,1743250,NA,NA,NA
376.067404,1878865,1874988,2118946,NA,NA,NA
392.0623186,2052400,2069662,2014037,NA,NA,NA
315.0874112,1995272,1508278,2007731,NA,NA,NA
443.046728,1883713,2368240,2007034,NA,NA,NA
378.083054,2271780,2498103,2177360,NA,NA,NA
394.0779686,2468132,1887251,1770706,NA,NA,NA
317.1030612,2102314,2146695,1692951,1756596,1860636,1510734
364.1037894,1648069,1688416,1672795,NA,NA,NA
380.098704,2595557,2111540,1904495,NA,NA,NA
396.0936186,1887983,2498414,1765167,NA,NA,NA
319.1187112,2352987,2824163,2516615,2820165,2611073,3075796
382.114354,1658257,2010147,1681019,NA,NA,NA
398.1092686,2858125,2804397,2357867,2054222,2320970,2240166
362.1357582,2021084,1536311,1654533,2051799,2266295,2416090
433.0987634,1849942,1942826,2188730,NA,NA,NA
380.1463228,1594869,2099264,2031739,NA,NA,NA
307.1550966,1742614,1373792,1837481,2734516,3369419,2169200
419.1194988,2015251,2551446,2578683,NA,NA,NA
435.1144134,2353245,1737923,2153734,NA,NA,NA
350.1721436,1930763,1824600,1781006,2603159,2925338,2379811
366.1670582,2236117,2126242,1676492,2897322,3268967,2447480
382.1619728,2294177,1903151,1812871,2164591,2527999,2445625
373.1326465,1969179,2584864,1911774,NA,NA,NA
405.1402342,2003117,1884691,1729436,NA,NA,NA
421.1351488,2059951,1887379,1829053,NA,NA,NA
437.1300634,2318682,2225748,1715273,NA,NA,NA
469.1198926,2792074,2777178,2805652,1566339,1758499,1755384
397.1728718,2431443,2191901,2151900,3210687,3435953,2789425
413.1677864,3042929,2586655,2543388,3030819,3620875,2634143
368.1827082,2737619,2330067,2263595,3871245,4445627,3727039
407.1558842,1803366,2158274,2034737,3050017,2908317,2524521
423.1507988,2412333,2205308,2636392,3683508,3352681,3470796
487.1304572,2262761,2148008,2207252,NA,NA,NA
431.178351,2104375,2177923,1912411,1988867,1725287,2032388
402.1881874,2600768,2006742,1867902,3258469,3382420,2886216
409.1715342,2100205,2271060,1980577,2975384,3482422,3134365
441.1613634,2038592,2525029,2416826,4011023,4293958,3285723
457.156278,2057094,2804672,2520731,NA,NA,NA
369.2143426,1827675,1925105,1636191,3487042,3500267,3004902
340.224179,2245983,2906274,2447493,5916572,7157478,5710730
400.2201562,1847821,1993691,1664401,3244405,3190667,3357074
315.2176966,1556250,1761355,1816266,2824521,3268823,3097067
331.2126112,2266361,3040994,2808358,5823153,5615312,5397230
403.2198218,2749901,2540365,2365676,4614868,4700434,3564184
367.009555,1729302,1528205,1741770,NA,NA,NA
353.0302904,1957850,1892951,1699407,NA,NA,NA
433.0048634,2040161,2030383,1659842,NA,NA,NA
341.0666758,2614082,2350440,2873180,NA,NA,NA
453.031078,2413888,2337940,2468878,NA,NA,NA
404.0623186,1944117,2042279,1862717,NA,NA,NA
327.0874112,2137786,2115236,2053034,NA,NA,NA
374.0881394,1837180,1827872,1908977,NA,NA,NA
390.083054,2339615,2335512,2156740,NA,NA,NA
406.0779686,2430729,2006632,1847270,NA,NA,NA
329.1030612,2048069,2386227,2795095,2159551,2047250,1862156
457.062378,2672527,2764740,2784419,NA,NA,NA
392.098704,2175289,2544805,2006109,NA,NA,NA
408.0936186,2324394,2302730,1762921,NA,NA,NA
315.1237966,1399053,1658940,1554618,NA,NA,NA
459.078028,2161876,2345834,2433022,NA,NA,NA
375.1197738,1769463,1687090,1924887,2185728,2030481,1897543
394.114354,2178349,1795098,1709016,NA,NA,NA
461.093678,1902128,1616156,1811814,NA,NA,NA
376.1514082,1929583,2193474,2082618,2642723,2771122,2755929
319.1550966,2161505,2051049,2141325,3504204,3631496,3217115
463.109328,2271141,2255067,2206429,NA,NA,NA
527.0889864,2066074,2048023,1653571,6402417,5327700,4216166
378.1670582,1995841,2001228,2186087,3054928,3026653,2420580
394.1619728,2129720,2394146,2397153,2423235,2104727,1819267
321.1707466,2092706,2413646,2813961,4087273,5064440,4472941
433.1351488,2244945,1955624,1977782,NA,NA,NA
449.1300634,2049308,2678135,2767244,2088352,2813803,2244013
481.1198926,1848393,2385489,1803838,NA,NA,NA
497.1148072,2247338,2748301,2580576,3590649,3320934,2757886
545.099551,1999328,2359806,1858204,4985004,3963388,3005317
380.1827082,2942722,2690633,2450821,3725677,3353339,3678044
412.1725374,3156576,3007479,2338569,2361099,2870752,2340778
323.1863966,2237429,2847934,2672017,4188051,5672052,4434954
419.1558842,1848849,2574486,1680634,NA,NA,NA
435.1507988,2029144,1988801,2362114,NA,NA,NA
515.1253718,2774682,2738014,2206206,2653396,2365153,2163911
395.1936072,2696231,2323159,2337943,3903097,4686934,4357919
411.1885218,2959941,2224072,2691823,4059373,4742063,3377069
443.178351,2128944,2306280,1968109,2009965,1861835,1664515
382.1983582,1786541,2052408,2012561,NA,NA,NA
398.1932728,2454174,2930874,2738807,4174939,4608600,3992753
430.183102,2283686,1921966,1964713,1880644,2035091,2030951
442.1943354,2188469,1970981,1809489,2390972,2369287,1969772
421.1715342,2179500,2151059,2398908,3330294,2553473,2491989
437.1664488,1726293,2070610,1741381,3648844,3880497,3114637
453.1613634,2651953,2960013,2321410,4010124,3747478,3437136
384.2140082,2499137,2341909,2873737,5263728,6003461,5216017
455.1770134,2487888,3023905,2187080,5261330,5691961,4628921
471.171928,2850388,2451011,2495806,2373257,2208048,1863947
503.1617572,2713594,2610735,2468048,NA,NA,NA
519.1566718,2487135,3006893,2932846,NA,NA,NA
414.2358062,2503801,2157636,2212648,3850548,4387889,3927947
430.2307208,1735841,1877420,1595046,2636097,2752913,2100578
409.1901611,1856494,2313557,1650338,4691096,6793015,5353373
393.213005,2141778,2658678,2092082,4265237,4930272,3540460
409.2079196,2016239,1756502,1911458,3979417,3795768,3153821
385.2456426,2173833,2605827,2715779,4721257,6176770,4354037
356.255479,2058838,2435276,2176016,4619718,4980715,3897615
365.0302904,1592101,1621091,2058868,NA,NA,NA
381.025205,2652194,2139930,2229346,NA,NA,NA
397.0201196,3210675,2742789,2285508,NA,NA,NA
413.0150342,3047023,2638873,2682138,NA,NA,NA
429.0099488,2453283,2537948,2118914,NA,NA,NA
351.0510258,1854770,1562178,1760780,NA,NA,NA
353.0666758,1956839,2385249,2902106,NA,NA,NA
339.0874112,1437493,1729434,1585767,NA,NA,NA
434.0728832,1663711,1640697,1576804,NA,NA,NA
341.1030612,2436940,2624881,2844005,1840776,1478335,1543278
485.0572926,2095270,1639557,1621530,NA,NA,NA
404.098704,1948217,2518443,1984321,NA,NA,NA
420.0936186,1700326,1964183,1625312,NA,NA,NA
406.114354,1933581,2060395,2053609,NA,NA,NA
329.1394466,2479692,2853179,2848863,3806919,3907353,3287316
473.093678,2874418,2332214,2387704,NA,NA,NA
392.1350894,1700163,1822380,1883748,NA,NA,NA
475.109328,1727008,2052657,1563834,NA,NA,NA
374.1721436,2333851,2702391,2513161,4309746,4413573,4156745
390.1670582,2743094,2742057,2667733,3827385,4046956,3604441
392.1827082,2824527,3013813,2394989,3645520,4251154,3200832
408.1776228,2046128,2017040,2392686,NA,NA,NA
447.1507988,2054684,2328560,1754197,NA,NA,NA
479.140628,2825261,1995327,2853469,2486038,2550724,1970925
378.2034436,1848910,1723477,2040177,3616602,4556007,3899757
394.1983582,2509633,2190889,1695463,3008970,3889053,3121289
433.1715342,1777485,1767206,2420659,2253432,1929992,1800248
497.1511926,2321068,2221454,2092641,2227195,1958503,1623296
529.1410218,2253531,2165287,1905527,NA,NA,NA
477.1725968,2310175,1944117,1912965,3345123,4686226,2605729
425.2041718,2769036,2144339,2354172,3907676,4076606,3606828
441.1990864,2471227,2059619,2156726,3471371,3538243,2963159
457.194001,2571138,2237374,1753240,2601894,2143207,1947445
396.2140082,1900809,2349186,2154307,3956517,3967244,3796912
412.2089228,2064481,2103288,1591306,3272460,3809762,2854314
428.2038374,2653558,2312698,2410300,3187645,3533281,2555428
508.1784104,2890011,2325174,2550085,NA,NA,NA
456.2099854,1893348,1679341,2129644,3105241,3343885,2361203
339.2176966,2155351,2303416,2179464,3831952,4778481,4911752
435.1871842,2314324,2048703,1804543,3132388,2817695,2610531
483.171928,1666676,1847401,1942567,2964375,2847294,1929642
531.1566718,1905428,1745970,1613735,NA,NA,NA
442.2307208,1903792,1767715,1586765,2941881,2948357,2464872
421.2079196,1693610,1969554,1594810,NA,NA,NA
469.1926634,1909896,1760345,1697681,3511939,3877155,2986489
413.2405572,2921586,2893858,2630429,4831524,6242317,4811678
581.1488229,1686322,1737951,1661816,2595641,3257936,3411956
444.2463708,2194335,2126502,2208127,3652375,4171915,3314067
399.2612926,2690405,2742102,2503952,5060852,6280958,4660524
415.2562072,1986677,2323040,2073900,4068670,4226126,3574128
431.2511218,2273838,2493824,2467925,4126974,4842340,3632893
379.0459404,2495351,2395436,1979477,NA,NA,NA
459.0205134,2877145,2386285,2186242,NA,NA,NA
365.0666758,2842931,2192494,2297983,NA,NA,NA
477.031078,2663967,2976308,2609288,NA,NA,NA
367.0823258,2668081,2792609,3018464,NA,NA,NA
495.0416426,2060863,1567832,1913412,NA,NA,NA
353.1030612,1943540,1524331,1941349,NA,NA,NA
497.0572926,2340519,2399115,2069599,NA,NA,NA
499.0729426,2480404,1639872,2333312,NA,NA,NA
487.109328,2151656,2238632,1952788,NA,NA,NA
473.1300634,3159090,2882102,2141431,NA,NA,NA
388.1877936,2603781,2298765,2101034,5757199,5991094,5075548
315.1965674,2132247,2736968,2243526,3672389,4105939,3830759
459.1507988,2760398,2554215,2212344,1590093,1595812,1765578
475.1457134,2088480,1825841,1899193,NA,NA,NA
406.1983582,1725204,2202227,1661679,2760669,2501193,2329412
461.1664488,2037803,2155290,2227553,1712898,1922925,1841267
493.156278,2576355,2592041,2420271,3887422,3616703,2686460
525.1461072,1822806,1628419,1833233,NA,NA,NA
335.222782,2253690,2549303,2301373,3527305,4443720,3621541
447.1871842,2125335,2542574,2279505,2648626,2182619,2204776
439.2198218,2409029,1701338,2467197,3229354,3971514,3587502
455.2147364,2297932,2298399,2143044,3519504,3468855,3316150
471.209651,1832275,1974851,1807164,2054793,2185520,2082315
495.1636853,2419781,2299739,1686085,4553116,6374419,6620286
506.1991458,2435241,2318977,1530645,7810969,4193747,8116014
470.2256354,1855594,1707084,1843044,3073669,3015976,2438144
353.2333466,1986849,2597262,2501771,4609581,4927614,4330904
449.2028342,2193682,2501491,2278789,3086235,3231591,2814886
513.1824926,2231859,1938738,2428361,3775644,3328690,2475648
529.1774072,1569500,1987111,1666424,2142575,2335562,1769813
425.2405572,1987721,2277458,2297850,3886170,4092989,3025193
457.2303864,2659710,2833340,2502292,3788708,4071909,4000051
467.2133988,2010319,2102393,1742832,2619019,3427618,2205688
443.2511218,1980966,2442980,2370021,3382119,4048071,2923004
459.2460364,2188485,2710371,2554864,2616649,2880929,2606790
407.2650404,1982830,2723019,1973816,3036713,3656358,2915693
391.0459404,1802789,2190809,1727626,NA,NA,NA
407.040855,2445148,2421433,2379817,NA,NA,NA
423.0357696,2260277,2142334,2374253,NA,NA,NA
439.0306842,1773407,1939429,2093455,NA,NA,NA
455.0255988,2111585,1972265,2118485,NA,NA,NA
393.0615904,2766893,2459994,2468118,NA,NA,NA
489.031078,2538799,2189005,2441750,NA,NA,NA
379.0823258,2489732,2217269,1821279,NA,NA,NA
507.0416426,2578138,2505880,2175273,NA,NA,NA
381.0979758,2673211,2335020,2906741,NA,NA,NA
509.0572926,2744141,2673869,2117980,NA,NA,NA
367.1187112,1695039,1762987,1929451,NA,NA,NA
511.0729426,2573759,2281216,2422160,NA,NA,NA
369.1343612,2081596,2440411,2769735,2608427,2868435,2290127
513.0885926,2268206,1993008,1956294,NA,NA,NA
499.109328,2676502,2680769,2182784,NA,NA,NA
357.1707466,2197923,2249162,2343203,2895070,3621623,2976285
487.1457134,1697769,2107049,2271764,NA,NA,NA
473.1664488,2942513,2808374,2281205,NA,NA,NA
475.1820988,2180640,2048561,2107064,NA,NA,NA
507.171928,2327265,2123931,1536300,2485697,2674166,2111844
365.2333466,2692978,2780316,2878130,5464205,5872209,5458792
477.1977488,2309151,2129973,1539716,2804452,2618771,2098850
557.1723218,2413938,2189581,2063022,NA,NA,NA
573.1672364,2478880,2405021,2218270,NA,NA,NA
589.162151,2644703,2175201,2367834,NA,NA,NA
484.2412854,1811599,1997944,1930271,2523582,2821731,2165218
479.2133988,2004014,1998912,2206300,2726168,3081670,2301168
559.1879718,1857348,1885906,1628313,2594720,2125209,1990319
455.2511218,2958408,2719261,2612033,4754446,5982774,4535732
449.2392196,2767630,2290033,2948481,4668824,5194597,3602339
465.2341342,2413355,2693794,2347099,4011682,4334893,3387403
403.2701258,1979347,1914194,1712881,3456729,3589400,3599004
435.259955,2290250,2369211,2445560,4381150,5575323,3686747
405.2857758,1607356,1626400,1740712,2999700,3371506,2438424
405.0615904,2064037,1963019,1767830,NA,NA,NA
421.056505,2226611,1957523,2315968,NA,NA,NA
437.0514196,2657636,2025048,2034256,NA,NA,NA
453.0463342,2685758,2804371,1870349,NA,NA,NA
469.0412488,2541709,2332763,2382744,NA,NA,NA
485.0361634,2345126,2157700,2169370,NA,NA,NA
501.031078,1703297,1896949,1803940,NA,NA,NA
503.046728,2913267,2633260,2667213,NA,NA,NA
519.0416426,2031962,1767339,1802859,NA,NA,NA
393.0979758,2196022,2182497,1934621,NA,NA,NA
409.0928904,2843624,2270543,2774173,NA,NA,NA
521.0572926,2870707,2548173,2274978,NA,NA,NA
395.1136258,2331157,2028745,2575497,NA,NA,NA
523.0729426,2828295,2648042,2207449,NA,NA,NA
525.0885926,2166868,1978883,2201871,NA,NA,NA
383.1500112,2131432,2671899,2325633,2070633,2644475,2477599
511.109328,3273153,2920192,2285457,NA,NA,NA
527.1042426,2386586,2526743,1744196,NA,NA,NA
369.1707466,1928522,1618661,2244946,2546997,2643678,2339801
513.124978,2345520,2135857,2195911,NA,NA,NA
371.1863966,3219011,2338063,2893735,3853197,4447531,4078098
499.1457134,2787096,2336706,2144385,NA,NA,NA
515.140628,1709723,1835358,1535487,NA,NA,NA
501.1613634,2557832,2051577,1713574,NA,NA,NA
487.1820988,2512107,2489001,2331668,3349555,3331790,2745992
377.2333466,1931509,2644316,2062439,4119120,4911069,4651124
489.1977488,2728246,2620625,2684951,3984521,3621661,3469058
585.1672364,3361809,2442213,2458739,2290537,1971514,1497397
601.162151,2021642,2372533,1775552,NA,NA,NA
507.2083134,2794723,2237596,2671405,3498947,3783159,2959718
571.1879718,1717639,2394878,1634159,2309910,2604260,1751040
397.2595612,1829348,2332202,1918442,3867597,3636671,3235900
589.1985364,1873116,2045662,1596503,NA,NA,NA
415.2701258,1943669,1790049,1853740,3884350,4335695,3331952
431.2650404,2008109,1918336,2047060,4074237,4248419,3351291
447.259955,2645518,2409450,2512458,5638700,7055319,5203041
449.275605,2685193,2986350,2290046,4564374,5927779,3677087
339.3268528,3373939,2498513,2309539,NA,NA,NA
435.072155,1773666,1818309,1829642,NA,NA,NA
451.0670696,2396202,2040580,2277068,NA,NA,NA
467.0619842,2787030,2380411,2746360,NA,NA,NA
483.0568988,3071089,2831975,2542120,NA,NA,NA
499.0518134,3002642,2255296,2900095,NA,NA,NA
515.046728,2469014,2115420,2412028,NA,NA,NA
531.0416426,1715985,1666866,1761189,NA,NA,NA
437.087805,2507615,1920086,2132045,NA,NA,NA
453.0827196,3039034,2662545,2271753,NA,NA,NA
533.0572926,2553156,2838073,2146259,NA,NA,NA
423.1085404,2299696,2097277,2105450,NA,NA,NA
439.103455,2907221,2721761,2840968,NA,NA,NA
535.0729426,3007856,2988603,2171390,NA,NA,NA
551.0678572,2336717,1965982,1694913,NA,NA,NA
425.1241904,3051667,2576469,2840065,1953376,2000960,1574194
537.0885926,3051925,2454584,2275878,NA,NA,NA
553.0835072,1768375,1831284,1524930,NA,NA,NA
411.1449258,2875460,2321350,2765037,2240747,2616749,2143149
539.1042426,2288050,1961521,1801290,NA,NA,NA
397.1656612,2592721,2041884,2342363,2808254,2774959,2630704
525.124978,3171413,2624003,1961744,NA,NA,NA
541.1198926,1761737,1729573,1878378,NA,NA,NA
527.140628,2245788,2215447,1547333,NA,NA,NA
385.2020466,2236795,1743097,2074744,2728543,3523064,2857963
513.1613634,2371634,2375474,2136520,NA,NA,NA
387.2176966,1816550,2385083,2334288,3431989,4537815,2895255
499.1820988,3059482,2525123,2341506,2520155,2148541,1694339
389.2333466,1684786,1965161,2003471,4244979,3764128,3623720
501.1977488,2170250,1973242,1647271,2313402,2022160,1762820
487.2184842,2601708,2841258,2563092,4559925,4142799,3559050
615.177801,1785529,1906752,1625524,NA,NA,NA
409.2595612,2272754,2325849,2181285,3334300,3748668,3140510
505.2290488,1938033,1932903,1593598,4203375,3099055,3068663
443.2650404,1660964,2250467,2010596,4404070,4209862,3754490
459.259955,2576068,2370403,2461679,4949832,5412256,4299973
475.2548696,1625120,2111025,1923254,4475580,4460906,3464291
491.2497842,2122636,2138365,1876000,5610725,5744496,4168578
511.0518134,1687998,1977599,1837456,NA,NA,NA
449.087805,1806113,1577850,1880977,NA,NA,NA
465.0827196,2213683,1938598,1659492,NA,NA,NA
481.0776342,2437705,2064464,1925694,NA,NA,NA
497.0725488,2240680,1959820,2074719,NA,NA,NA
513.0674634,2747949,2449711,2435526,NA,NA,NA
529.062378,2514649,2134054,2451317,NA,NA,NA
545.0572926,2086368,2339326,1714332,NA,NA,NA
451.103455,2195493,1908482,1597384,NA,NA,NA
467.0983696,2857684,2395771,2742262,NA,NA,NA
483.0932842,3032178,2658408,2490408,NA,NA,NA
547.0729426,2835937,2382819,2107566,NA,NA,NA
437.1241904,1793883,1610836,1860169,NA,NA,NA
453.119105,2171701,2209423,2075142,NA,NA,NA
549.0885926,2883035,2027459,2130619,NA,NA,NA
565.0835072,2425487,1638917,1766958,NA,NA,NA
439.1398404,2101840,2146783,1954181,NA,NA,NA
551.1042426,3065292,2132126,1757377,NA,NA,NA
425.1605758,1967248,3626580,2292223,2501214,2033727,2095407
441.1554904,2721089,2794853,2748091,2966031,2997574,2362588
537.124978,3026837,2714168,2404903,NA,NA,NA
553.1198926,2058678,1809267,1865922,NA,NA,NA
539.140628,1975219,1859121,2000459,NA,NA,NA
399.2176966,1879389,1950032,2304266,2998510,3412727,2958631
527.1770134,2166429,1925144,2041158,NA,NA,NA
401.2333466,2845873,2476640,2895887,3473909,4191256,3410421
513.1977488,2738740,3095858,2372553,3639453,3013298,3213441
515.2133988,2208414,1907552,2615297,3427543,3801827,3474634
643.1727156,2688488,2630829,2407420,6894389,6421928,4831645
501.2341342,2574732,2618875,2287272,4938428,4714769,4130310
517.2290488,1965828,1884553,2061881,3889415,4314892,3284230
629.193451,1754993,1757626,1650904,NA,NA,NA
439.2701258,1832511,1666519,1659768,3423910,4038071,3438505
455.2650404,2491463,2595868,2063168,4705293,5164597,3878323
487.2548696,2367213,2208939,2366484,5430326,6119121,3914380
503.2497842,1901567,2617906,2304721,5067544,5429602,4723330
663.1989302,2634177,2116902,1946896,NA,NA,NA
679.1938448,2441709,2583107,2783272,NA,NA,NA
473.275605,2290224,2219573,1977074,3976861,4712777,3317296
489.2705196,2285881,2149074,2077207,5478541,5961504,3875590
505.2654342,2191987,2335848,2071807,5649265,6224304,4461305
525.0674634,2116179,1669634,1608463,NA,NA,NA
541.062378,2375625,1600549,1687145,NA,NA,NA
511.0881988,2087360,1990912,2537361,NA,NA,NA
527.0831134,2314394,2280983,2043715,NA,NA,NA
543.078028,2296792,2344468,1955461,NA,NA,NA
559.0729426,2215239,2165461,1722266,NA,NA,NA
481.1140196,2696777,2022480,2182718,NA,NA,NA
497.1089342,2130090,2448268,2293856,NA,NA,NA
529.0987634,3038426,2667047,2468214,NA,NA,NA
545.093678,3375584,2331646,2357916,NA,NA,NA
561.0885926,2986257,2710677,2404990,NA,NA,NA
467.134755,1886675,1850490,2077172,NA,NA,NA
483.1296696,2306675,1871720,2728488,NA,NA,NA
547.109328,2768353,3053027,2161838,NA,NA,NA
563.1042426,2281683,2394191,2258010,NA,NA,NA
579.0991572,1662908,1684313,1728497,NA,NA,NA
469.150405,2428041,3049562,2702227,NA,NA,NA
565.1198926,2545805,2010628,2274349,NA,NA,NA
455.1711404,2775121,2740769,2455368,2474514,3130937,2059193
551.140628,2930124,2487197,2134721,NA,NA,NA
441.1918758,2619708,2493283,2875063,3848204,4605252,3221208
553.156278,2004406,1716082,1959105,NA,NA,NA
427.2126112,2552791,2200091,2268032,4056053,4556803,3926143
539.1770134,1883059,2524209,2011211,NA,NA,NA
541.1926634,2045898,2037796,1614955,NA,NA,NA
527.2133988,2263198,2417176,2355527,2564977,2625364,2467685
433.2595612,2163010,2316578,1811884,3617394,4469508,3897903
513.2341342,2626614,2515763,2742218,4452510,4322995,3380355
529.2290488,1805534,1886760,1819513,2826607,2811722,1991508
451.2701258,1789457,2146040,2067128,4003081,4706038,3438316
499.2548696,2807582,2885573,2607235,5171807,5466304,4178312
515.2497842,2311840,2176864,1619970,4318424,4657892,3793099
469.2806904,1980037,1750104,1950349,3025539,3591460,2889721
485.275605,2524333,2160520,2079769,3846118,4228743,3700251
517.2654342,2639110,2235274,2111546,7164168,6677261,6454535
487.291255,2987247,2250411,1969684,3659832,4310738,3164815
503.2861696,2004481,2547763,1778898,4053786,5206372,3640964
555.078028,1708953,1841220,1618619,NA,NA,NA
525.1038488,2664533,2029571,2108176,NA,NA,NA
541.0987634,2176969,1672741,1771114,NA,NA,NA
557.093678,2213236,2192143,1641134,NA,NA,NA
573.0885926,1666340,1887905,1796897,NA,NA,NA
495.1296696,1882691,2062682,1565253,NA,NA,NA
511.1245842,2110914,2612481,2310546,NA,NA,NA
527.1194988,2887835,2585623,2367300,NA,NA,NA
543.1144134,2999768,2412052,2172038,NA,NA,NA
559.109328,2679622,2466004,2394778,NA,NA,NA
575.1042426,2296499,2008120,1942725,NA,NA,NA
591.0991572,1941573,1922143,1708235,NA,NA,NA
497.1453196,2278060,1917325,1959521,NA,NA,NA
513.1402342,2930225,2464561,2506184,NA,NA,NA
561.124978,2714384,2489492,2636926,NA,NA,NA
577.1198926,2311738,2261962,1467999,NA,NA,NA
593.1148072,1837474,1737175,1675826,NA,NA,NA
483.166055,2164852,2133609,1812007,1809303,1915966,1840809
499.1609696,2852632,2637763,1817217,2202202,1965244,1902466
515.1558842,2484379,2510174,2627583,1859285,1909986,1840328
563.140628,2498770,2376270,2643545,NA,NA,NA
579.1355426,1657274,1672535,1592815,NA,NA,NA
469.1867904,2536072,2027097,2524049,2058883,2872099,2621433
565.156278,1767052,1832450,1541676,NA,NA,NA
455.2075258,2302029,2332703,2619205,3543056,3318328,2791351
567.171928,2213437,1873841,1725942,NA,NA,NA
441.2282612,1619767,2058593,1967795,2705929,3128130,2507988
537.1977488,3051414,2719288,2439208,3232045,2637527,2728108
553.1926634,2734517,2557297,2174657,NA,NA,NA
443.2439112,2666535,2180324,2270182,3892071,4602055,3971581
555.2083134,1869207,1711425,1572539,1593320,2128991,1650573
445.2595612,2381591,2224742,2412823,3899079,4260942,3867946
541.2290488,2542026,2042404,2250348,3477745,3269236,2834468
447.2752112,1713420,1646569,1582152,2791979,3524566,2568287
463.2701258,2290587,2637014,2479315,5038792,4352325,4040754
527.2497842,2505375,3054104,2882888,5421425,5274452,4112741
543.2446988,1823705,1887762,1763975,3732686,3630648,2545620
481.2806904,2687052,2084434,2682428,4425558,5228034,4512076
497.275605,2210739,3175313,3061347,5508609,6019181,4186376
515.2861696,1777826,2478433,2031107,5847257,5663461,4233421
531.2810842,2290968,2393651,2017706,9509222,7842615,8311096
395.3894528,2792020,3089656,2249913,1838235,1656186,1571387
539.1194988,1949107,1754161,1614410,NA,NA,NA
555.1144134,2024857,1900867,1900219,NA,NA,NA
571.109328,2186635,2167041,1704306,NA,NA,NA
525.1402342,2046550,2169347,2180881,NA,NA,NA
541.1351488,2386377,1995301,1931882,NA,NA,NA
557.1300634,2438003,2092814,2386606,NA,NA,NA
573.124978,2421538,2084511,1914656,NA,NA,NA
589.1198926,2186978,2156260,1759069,NA,NA,NA
511.1609696,2191300,1893634,1596307,NA,NA,NA
527.1558842,2245788,2116631,2131781,NA,NA,NA
543.1507988,2222041,2659347,2285190,NA,NA,NA
559.1457134,2599237,2420947,2301081,NA,NA,NA
575.140628,2139313,1783862,2216643,NA,NA,NA
591.1355426,2346562,1583197,1590984,NA,NA,NA
513.1766196,2423347,2122546,2078153,2116252,1683122,1584512
529.1715342,2986204,2795047,2006392,2550127,2414410,1498965
545.1664488,2501601,2560509,2253981,NA,NA,NA
561.1613634,2919695,2721939,2266749,NA,NA,NA
577.156278,2340408,2493896,2274397,NA,NA,NA
593.1511926,1757600,1925077,1896496,NA,NA,NA
531.1871842,3024149,2852914,2523560,2814822,2822968,2228537
547.1820988,2445793,2120162,2048175,2571397,1611186,1901351
563.1770134,2944209,2373197,1802584,NA,NA,NA
579.171928,1749431,1652565,1870317,NA,NA,NA
469.2231758,2112135,2327129,2125712,2969219,3655971,2984953
565.1926634,2152075,2373633,1803307,1642823,1794639,1737046
551.2133988,2693067,2882971,2543809,2659382,2240786,2465377
457.2595612,2334076,2546107,2179730,2858915,3225060,3492146
553.2290488,3222965,2272112,2453185,3320846,2752698,2016248
569.2239634,1525732,1519960,1656758,1980705,1780062,1985134
459.2752112,1900739,1897826,1921006,3012424,3434912,2579652
539.2497842,2317748,2670128,2590797,4460816,4527784,2836587
555.2446988,2150806,1779520,1907387,2756583,2695261,2457483
477.2857758,2401312,1789493,1879682,4089574,4263317,3167397
493.2806904,2194921,2495788,2309169,4797763,4900804,4438020
509.275605,2835802,2780370,2329953,5361685,5255742,4121553
525.2705196,3020891,2316805,3135764,4348268,4684630,3448171
541.2654342,2524106,2142244,1591660,3665136,3921523,3036194
557.2603488,1669488,1796874,1908909,2724802,3398651,2394395
527.2861696,1878177,1939481,1580360,3263857,3715924,2908517
719.2251448,2469292,2866015,2659588,NA,NA,NA
553.1351488,1680566,1916275,1567169,NA,NA,NA
555.1507988,2215832,2139458,1840827,NA,NA,NA
571.1457134,2247049,2375936,1601393,NA,NA,NA
587.140628,1906044,1651558,1654763,NA,NA,NA
573.1613634,3070752,1960093,2130718,NA,NA,NA
589.156278,2272991,1586401,1739098,NA,NA,NA
575.1770134,2266287,1890356,1939137,NA,NA,NA
497.2180904,1556656,1949071,1755746,3103230,2687082,2520324
513.213005,2167861,2540851,1971146,3171485,2895539,2547842
529.2079196,2803421,2495015,2393465,3438959,3386186,3041620
545.2028342,2502625,2379261,2286749,3142827,2924025,1970561
561.1977488,1877774,2567313,2245244,NA,NA,NA
483.2388258,1924726,1900650,1536551,3345305,3369536,2766765
499.2337404,2795292,2677701,2426499,4500062,5031103,4396423
485.2544758,2536620,2646664,2401305,4340709,5098119,3383834
565.2290488,2312329,2214400,2090026,3128135,2770509,2124627
581.2239634,2596141,2089179,2341747,3156794,3530315,3300337
567.2446988,2044986,2380206,1879028,3582769,3227094,2899679
489.2857758,2166074,2383571,2633239,4944013,4964128,4110087
553.2654342,2322356,2488688,2911937,4179981,4316345,3460598
569.2603488,2039266,2249559,1931189,3061537,2633564,2257516
473.2826185,2146352,2126901,1930994,3762845,2697545,2226736
507.2963404,1904360,2635935,2273583,4038599,4531706,3958635
523.291255,2679824,2506733,2512607,4428128,5325649,3971429
539.2861696,2279349,2406960,2062925,5171471,4755111,3502185
555.2810842,1793942,2037567,2036410,3501030,3909723,2495881
583.1457134,1995941,1796197,1785082,NA,NA,NA
569.1664488,1750503,1930587,1797560,NA,NA,NA
585.1613634,2390546,2392550,2281588,NA,NA,NA
587.1770134,2301817,2428771,2354152,NA,NA,NA
557.2028342,1787249,1827084,2092717,NA,NA,NA
573.1977488,2350366,1950363,2011421,NA,NA,NA
589.1926634,1809629,1844959,1607511,NA,NA,NA
527.228655,1868959,2098712,1770823,2354545,2884436,2436965
543.2235696,2216409,2120723,2261127,3204303,2841145,2291669
559.2184842,2220355,2221777,1982105,2490271,2517911,2013869
575.2133988,1772717,1764402,2051776,2391826,1748192,1593636
513.2493904,2097207,2170676,2001355,3741854,3148979,3526787
529.244305,2552030,2984488,2767226,4329839,4565834,3179860
545.2392196,3060193,2968060,2345630,3795114,4659703,2770815
561.2341342,2659597,2382992,2514044,3463038,3601197,2674746
577.2290488,2061876,1780164,2115673,2597146,2426714,1881274
515.2650404,2657953,2861409,2604546,4921560,5005028,3927244
563.2497842,2543823,3177546,2633303,3731296,4062909,2914758
579.2446988,1847730,1484625,1787369,2851624,2497235,1530451
501.2857758,2031503,2008572,1858729,3712702,3900691,3065865
503.3014258,1973762,1920051,2127571,3661594,4287844,2892421
519.2963404,2376037,2941359,2688114,4530479,5888812,3965236
535.291255,2392436,2491451,2698754,5263684,5960445,3786978
551.2861696,2427851,2582938,2110145,4347956,4227343,4169309
567.2810842,1610297,1707436,1931251,3713841,3693012,2562269
521.3119904,1718718,2105808,2306729,3267916,3377987,2651988
553.3018196,2147252,1875823,1619649,3208205,3922103,2893300
585.1977488,1654799,1868259,1595505,NA,NA,NA
571.2184842,1604997,1473788,1826158,NA,NA,NA
557.2392196,2043249,2203915,1524397,2791362,2352636,2225949
573.2341342,2230556,1941145,1967387,2738961,2801249,2200974
589.2290488,1704154,1997532,1586517,2066340,1943069,1917056
527.2650404,1915040,1894424,1675080,3052913,3296084,2706789
543.259955,2150873,2152466,2227848,3809486,3933752,2597844
559.2548696,2308930,2303184,1952920,3682207,3663766,3225771
575.2497842,1969323,2316849,1989822,3121939,3454942,2301730
529.2806904,2744543,2482728,2345850,4265326,5516105,3642708
545.275605,2745313,2633212,2854558,4153513,5106166,4133758
577.2654342,2438705,2104258,1826391,3617563,3139416,2285752
593.2603488,2578327,1803726,1750567,2451939,2477827,1756121
547.291255,2918881,2866656,2632368,5085315,5269934,4022050
563.2861696,2014413,2517065,2542166,4799328,4758203,3730372
501.3221612,2090897,1745405,1738922,3278528,3501333,2488843
517.3170758,2320136,2258315,2026043,3448073,4026125,2447112
533.3119904,2348874,2476601,1984984,4159831,5235485,3361041
549.306905,1892825,1822143,1732284,3787867,4512097,2959041
565.3018196,2009734,1954301,2156073,3441478,3976776,2989903
581.2967342,2079528,1694423,1682799,3068731,3050054,2167277
809.2568386,2257951,2265078,2114630,NA,NA,NA
599.2133988,1518764,1574713,1555545,NA,NA,NA
601.2290488,1511685,1450417,1710011,NA,NA,NA
,,,,,,
,,,,,,
,,,,,,
,,,,,,
,,,,,,
,,,,,,
,,,,,,
,,,,,,
,,,,,,
,,,,,,
,,,,,,
,,,,,,
,,,,,,
,,,,,,
,,,,,,
,,,,,,
,,,,,,
,,,,,,
,,,,,,
,,,,,,
,,,,,,
,,,,,,
,,,,,,
,,,,,,
,,,,,,
,,,,,,
,,,,,,
,,,,,,
,,,,,,
,,,,,,
,,,,,,
,,,,,,
,,,,,,
,,,,,,
,,,,,,
,,,,,,
,,,,,,
,,,,,,
,,,,,,
,,,,,,
,,,,,,
,,,,,,
,,,,,,
,,,,,,
,,,,,,
,,,,,,
,,,,,,
,,,,,,
,,,,,,
,,,,,,
,,,,,,
,,,,,,
,,,,,,
,,,,,,
,,,,,,
,,,,,,
,,,,,,
,,,,,,
,,,,,,
,,,,,,
,,,,,,
,,,,,,
,,,,,,
,,,,,,
,,,,,,
,,,,,,
,,,,,,
,,,,,,
,,,,,,
,,,,,,
,,,,,,
,,,,,,
,,,,,,
,,,,,,
,,,,,,
,,,,,,
,,,,,,
,,,,,,
,,,,,,
,,,,,,
,,,,,,
,,,,,,
,,,,,,
,,,,,,
,,,,,,
,,,,,,
,,,,,,
,,,,,,
,,,,,,
,,,,,,
,,,,,,
,,,,,,
,,,,,,
,,,,,,
,,,,,,
,,,,,,
,,,,,,
,,,,,,
,,,,,,
,,,,,,
,,,,,,
,,,,,,
,,,,,,
,,,,,,
,,,,,,
,,,,,,
,,,,,,
,,,,,,
,,,,,,
,,,,,,
,,,,,,
,,,,,,
,,,,,,
,,,,,,
,,,,,,
,,,,,,
,,,,,,
,,,,,,
,,,,,,
,,,,,,
,,,,,,
,,,,,,
,,,,,,
,,,,,,
,,,,,,
,,,,,,
,,,,,,
,,,,,,
,,,,,,
,,,,,,
,,,,,,
,,,,,,
,,,,,,
,,,,,,
,,,,,,
,,,,,,
,,,,,,
,,,,,,
,,,,,,
,,,,,,
,,,,,,
,,,,,,
,,,,,,
,,,,,,
,,,,,,
,,,,,,
,,,,,,
,,,,,,
,,,,,,
,,,,,,
,,,,,,
,,,,,,
,,,,,,
,,,,,,
,,,,,,
,,,,,,
,,,,,,
,,,,,,
,,,,,,
,,,,,,
,,,,,,
,,,,,,
,,,,,,
,,,,,,
,,,,,,
,,,,,,
,,,,,,
,,,,,,
,,,,,,
,,,,,,
,,,,,,
,,,,,,
,,,,,,
,,,,,,
,,,,,,
,,,,,,
,,,,,,
,,,,,,
,,,,,,
,,,,,,
,,,,,,
,,,,,,
,,,,,,
,,,,,,
,,,,,,
,,,,,,
,,,,,,
,,,,,,
,,,,,,
,,,,,,
,,,,,,
,,,,,,
,,,,,,
,,,,,,
,,,,,,
,,,,,,
,,,,,,
,,,,,,
,,,,,,
,,,,,,
,,,,,,
,,,,,,
,,,,,,