Mass,HC,OC
255.233,2,2
281.1395,1.47,1.47
281.2486,1.89,1.89
283.1551,1.6,1.6
285.1344,1.57,1.57
287.2228,2,2
293.1758,1.53,1.53
293.1792,2.14,2.14
295.1187,1.33,1.33
295.1551,1.5,1.5
297.0827,1.8,1.8
297.098,1.29,1.29
297.1344,1.47,1.47
297.1708,1.62,1.62
297.2435,1.89,1.89
298.1408,1.62,1.62
299.0772,1.23,1.23
299.1137,1.43,1.43
299.15,1.6,1.6
299.1864,1.75,1.75
299.2016,1.4,1.4
301.1293,1.57,1.57
301.1656,1.73,1.73
301.202,1.88,1.88
303.1086,1.54,1.54
303.1449,1.71,1.71
303.1813,1.87,1.87
303.2177,2,2
305.1395,1.29,1.29
305.1606,1.86,1.86
305.1758,1.44,1.44
307.1187,1.25,1.25
307.1398,1.85,1.85
307.1551,1.41,1.41
307.1949,2.13,2.13
311.1864,1.65,1.65
311.2228,1.78,1.78
311.2955,2,2
313.1769,1.73,1.73
313.1809,1.3,1.3
313.2021,1.76,1.76
313.2384,1.89,1.89
314.1358,1.62,1.62
315.1238,1.11,1.11
315.1966,1.4,1.4
315.2177,1.88,1.88
315.2541,2,2
316.1514,1.77,1.77
317.1759,1.37,1.37
319.0857,1.54,1.54
319.1762,1.87,1.87
319.1915,1.47,1.47
319.2126,2,2
321.1191,1.69,1.69
321.1555,1.86,1.86
321.2071,1.58,1.58
321.2105,2.12,2.12
322.1408,1.4,1.4
323.117,1.85,1.85
323.1534,2,2
324.1565,1.53,1.53
325.0963,1.83,1.83
325.1479,1.53,1.53
325.1691,2.14,2.14
326.1357,1.5,1.5
327.1238,1.05,1.05
327.1562,1.6,1.6
327.1601,1.2,1.2
327.1925,1.75,1.75
329.1718,1.73,1.73
332.1252,1.19,1.19
333.2071,1.5,1.5
333.2283,2,2
335.117,1.71,1.71
335.1898,2,2
335.2075,2,2
335.2228,1.6,1.6
336.1565,1.44,1.44
337.0963,1.69,1.69
337.1504,1.86,1.86
337.169,2,2
337.2385,1.7,1.7
338.1092,1.75,1.75
338.1357,1.4,1.4
339.1119,1.85,1.85
339.1483,2,2
339.1636,1.56,1.56
339.1661,2,2
339.1847,2.13,2.13
339.2541,1.8,1.8
341.1276,2,2
341.1354,1.47,1.47
341.176,1.24,1.24
341.2334,1.79,1.79
341.2697,1.9,1.9
342.2035,1.81,1.81
343.1585,1.65,1.65
343.1915,1.33,1.33
343.249,1.89,1.89
345.1093,1.06,1.06
346.1984,1.93,1.93
347.117,1.6,1.6
347.146,1.71,1.71
347.2228,1.52,1.52
348.1201,1.19,1.19
348.13,1.64,1.64
348.1565,1.35,1.35
348.1929,1.5,1.5
349.0413,1.17,1.17
349.0963,1.57,1.57
349.2054,2,2
351.112,1.71,1.71
351.1483,1.87,1.87
351.1661,1.87,1.87
351.1847,2,2
351.2025,2,2
352.125,1.77,1.77
352.1879,1.59,1.59
353.0912,1.69,1.69
353.1276,1.86,1.86
353.164,2,2
353.2334,1.7,1.7
355.1068,1.85,1.85
355.1433,2,2
355.1511,1.5,1.5
355.1585,1.56,1.56
355.1949,1.68,1.68
355.249,1.8,1.8
356.2191,1.82,1.82
357.0861,1.83,1.83
357.1377,1.53,1.53
357.1741,1.67,1.67
357.2071,1.36,1.36
357.2647,1.9,1.9
358.1062,1.47,1.47
358.2348,1.94,1.94
359.1534,1.65,1.65
359.1824,1.75,1.75
359.2228,1.45,1.45
360.1929,1.42,1.42
360.214,1.94,1.94
361.0963,1.47,1.47
361.1617,1.73,1.73
361.2384,1.55,1.55
361.2596,2,2
362.1457,1.67,1.67
362.1722,1.39,1.39
362.2086,1.53,1.53
363.1119,1.6,1.6
364.1548,1.93,1.93
365.0912,1.57,1.57
365.1276,1.73,1.73
365.164,1.88,1.88
365.2334,1.62,1.62
366.0986,1.92,1.92
367.1069,1.71,1.71
367.1432,1.87,1.87
367.1796,2,2
367.249,1.71,1.71
367.2854,1.82,1.82
368.0961,0.95,0.95
369.0861,1.69,1.69
369.1225,1.86,1.86
369.1304,1.38,1.38
369.1589,2,2
369.1742,1.58,1.58
369.2072,1.3,1.3
369.2647,1.81,1.81
370.2347,1.83,1.83
371.0654,1.67,1.67
371.1534,1.56,1.56
371.1824,1.65,1.65
371.1898,1.68,1.68
372.1712,2.36,2.36
372.1969,1.08,1.08
372.2334,1.19,1.19
373.0881,1.44,1.44
373.0963,1.38,1.38
373.0988,1.83,1.83
373.1325,1.53,1.53
373.1617,1.62,1.62
373.1691,1.67,1.67
374.1457,1.56,1.56
374.1755,1.81,1.81
374.2297,1.94,1.94
375.0754,1.33,1.33
375.1038,1.56,1.56
375.1198,1.11,1.11
375.1483,1.65,1.65
376.1613,1.69,1.69
376.1878,1.42,1.42
376.2089,1.94,1.94
377.0857,1.73,1.73
377.1276,1.62,1.62
377.1718,1.37,1.37
377.2004,1.89,1.89
377.2545,2,2
378.1341,1.79,1.79
378.1705,1.93,1.93
379.1068,1.6,1.6
379.1433,1.75,1.75
379.1796,1.88,1.88
379.1974,1.88,1.88
379.216,2,2
380.1351,1.28,1.28
380.1497,1.93,1.93
381.1225,1.73,1.73
381.1313,1.44,1.44
381.1589,1.88,1.88
381.1953,2,2
381.2647,1.73,1.73
382.0935,1.92,1.92
383.1017,1.71,1.71
383.1292,1.56,1.56
383.1381,1.87,1.87
383.1559,1.87,1.87
383.1746,2,2
383.2228,1.33,1.33
383.2803,1.82,1.82
385.081,1.69,1.69
385.1449,1.67,1.67
385.1538,2,2
385.1616,1.53,1.53
385.1691,1.58,1.58
386.2126,1.12,1.12
386.2297,1.83,1.83
387.1117,1.41,1.41
387.1484,1.56,1.56
387.2752,1.9,1.9
388.0935,2.21,2.21
388.125,1.44,1.44
388.1919,1.08,1.08
388.2089,1.82,1.82
389.1639,1.67,1.67
389.2909,2,2
390.1405,1.56,1.56
390.2035,1.45,1.45
390.2068,1.94,1.94
391.1875,1.4,1.4
391.249,1.57,1.57
391.2523,2,2
392.1351,1.21,1.21
392.1562,1.69,1.69
393.1224,1.62,1.62
393.1589,1.76,1.76
393.1953,1.89,1.89
393.2317,2,2
393.2646,1.65,1.65
394.1653,1.93,1.93
395.1012,1.24,1.24
395.1018,1.6,1.6
395.1381,1.75,1.75
395.1745,1.88,1.88
395.2109,2,2
397.1174,1.73,1.73
397.1538,1.88,1.88
397.1715,1.88,1.88
397.1902,2,2
397.2596,1.73,1.73
399.0966,1.71,1.71
399.1241,1.56,1.56
399.1427,1.93,1.93
399.2752,1.82,1.82
400.1919,1.04,1.04
401.1123,1.86,1.86
401.13,1.86,1.86
401.1487,2,2
401.1737,1.63,1.63
402.2075,1.12,1.12
402.2439,1.22,1.22
403.0986,1.47,1.47
403.1067,1.41,1.41
403.1432,1.56,1.56
403.1893,1.74,1.74
403.2701,1.9,1.9
403.3065,2,2
405.1223,1.53,1.53
405.1347,1.76,1.76
405.1436,2.14,2.14
405.1589,1.67,1.67
405.1953,1.79,1.79
405.2647,1.58,1.58
406.2347,1.57,1.57
407.1137,0.87,0.87
407.138,1.65,1.65
407.1745,1.78,1.78
407.2109,1.89,1.89
407.265,2,2
409.1174,1.62,1.62
409.1657,1.08,1.08
409.1902,1.89,1.89
409.2079,1.89,1.89
409.2266,2,2
409.2596,1.65,1.65
410.1066,0.95,0.95
410.1667,1.81,1.81
410.2218,2.06,2.06
410.2297,1.65,1.65
411.1695,1.88,1.88
411.1871,1.88,1.88
411.2752,1.74,1.74
412.1041,0.9,0.9
412.1223,1.05,1.05
412.2283,1.11,1.11
413.1123,1.73,1.73
413.122,1.8,1.8
413.1487,1.88,1.88
413.1663,1.88,1.88
414.2075,1.07,1.07
415.0915,1.71,1.71
415.128,1.87,1.87
415.1456,1.87,1.87
415.1644,2,2
416.2038,1.72,1.72
417.1686,1.63,1.63
417.2646,1.52,1.52
417.2858,1.91,1.91
418.1984,1.38,1.38
419.1672,1.65,1.65
419.2109,1.8,1.8
419.3014,2,2
420.1512,1.59,1.59
421.0811,1.38,1.38
421.1172,1.21,1.21
421.1635,1.72,1.72
421.1902,1.79,1.79
421.2443,1.9,1.9
423.1694,1.78,1.78
423.1791,1.83,1.83
423.2058,1.89,1.89
423.2752,1.67,1.67
424.209,1.55,1.55
424.2257,1.64,1.64
425.1122,1.62,1.62
425.1487,1.76,1.76
425.1762,1.62,1.62
425.1851,1.89,1.89
425.2027,1.89,1.89
425.3636,1.92,1.92
426.1196,0.95,0.95
427.128,1.75,1.75
427.2701,1.74,1.74
428.1172,1.05,1.05
428.2402,1.75,1.75
428.2595,1.21,1.21
429.2647,1.46,1.46
429.2858,1.83,1.83
430.1041,2.06,2.06
430.1578,1,1
430.2025,1.07,1.07
430.2195,1.74,1.74
430.2388,1.18,1.18
431.0962,1.79,1.79
432.1197,2.19,2.19
432.1988,1.72,1.72
433.2806,1.91,1.91
433.3323,1.7,1.7
434.1933,1.38,1.38
435.1621,1.65,1.65
435.1694,1.68,1.68
435.2058,1.8,1.8
435.2235,1.8,1.8
435.2752,1.6,1.6
435.2962,2,2
437.122,1.59,1.59
437.1487,1.67,1.67
437.1851,1.79,1.79
437.2028,1.79,1.79
437.2215,1.9,1.9
437.2391,1.9,1.9
439.1644,1.78,1.78
439.182,1.78,1.78
439.2008,1.89,1.89
439.2126,1.23,1.23
439.2701,1.67,1.67
440.1171,1,1
440.2038,1.55,1.55
441.2164,2,2
441.2647,1.41,1.41
441.2857,1.75,1.75
442.1831,1.53,1.53
442.2195,1.65,1.65
442.2388,1.14,1.14
443.2803,1.48,1.48
444.1988,1.63,1.63
445.1021,1.73,1.73
445.1199,1.73,1.73
445.2807,1.83,1.83
445.2959,1.56,1.56
447.1177,1.87,1.87
447.2599,1.82,1.82
449.1947,1.75,1.75
449.2756,1.91,1.91
449.2907,1.62,1.62
449.2909,1.62,1.62
450.1616,1.61,1.61
451.2104,1.85,1.85
451.2128,1.19,1.19
451.2184,1.8,1.8
451.2548,1.9,1.9
453.18,1.79,1.79
453.1977,1.79,1.79
453.2164,1.9,1.9
453.2857,1.68,1.68
455.0863,1.5,1.5
455.1786,2,2
455.1957,1.89,1.89
455.2803,1.43,1.43
455.3014,1.76,1.76
456.1988,1.55,1.55
457.2806,1.75,1.75
457.296,1.5,1.5
459.2963,1.83,1.83
461.2756,1.83,1.83
462.1302,2.18,2.18
462.2093,1.74,1.74
463.1035,0.8,0.8
463.1127,0.44,0.44
463.2548,1.82,1.82
463.3065,1.63,1.63
465.1191,0.88,0.88
465.1977,1.7,1.7
465.2341,1.81,1.81
465.2705,1.91,1.91
467.1958,1.8,1.8
467.2133,1.8,1.8
467.244,1.29,1.29
467.2497,1.9,1.9
467.3015,1.69,1.69
469.1846,1.84,1.84
469.1926,1.79,1.79
469.2807,1.68,1.68
469.2959,1.45,1.45
470.1277,1.04,1.04
470.1515,1.71,1.71
471.2963,1.76,1.76
471.3116,1.52,1.52
472.1494,1.82,1.82
473.2756,1.75,1.75
473.3273,1.59,1.59
474.1287,1.81,1.81
475.1128,0.43,0.43
475.2548,1.74,1.74
475.2913,1.83,1.83
475.3066,1.57,1.57
477.1283,0.49,0.49
477.1355,1.55,1.55
477.2705,1.83,1.83
479.0984,0.8,0.8
479.1348,0.92,0.92
479.2497,1.82,1.82
480.1723,1.63,1.63
481.1846,1.75,1.75
481.229,1.81,1.81
481.2596,1.31,1.31
481.2654,1.91,1.91
482.1278,1,1
482.1642,1.12,1.12
482.1668,1.32,1.32
483.1816,1.57,1.57
483.2003,1.85,1.85
483.2083,1.8,1.8
483.2963,1.69,1.69
483.2997,2.09,2.09
483.3116,1.47,1.47
484.1252,1.82,1.82
484.2048,1.07,1.07
485.1973,1,1
485.2062,1.9,1.9
485.2215,1.58,1.58
485.3121,1.77,1.77
485.3484,1.85,1.85
486.1464,1.71,1.71
487.2912,1.76,1.76
488.1886,1.55,1.55
488.1996,1.1,1.1
488.236,1.2,1.2
489.2202,1.17,1.17
489.2705,1.75,1.75
489.3069,1.84,1.84
489.3222,1.59,1.59
491.1537,1.94,1.94
491.2498,1.74,1.74
491.2861,1.83,1.83
493.1141,0.85,0.85
493.1675,1.58,1.58
493.2655,1.83,1.83
493.3171,1.64,1.64
494.188,1.65,1.65
495.1639,1.65,1.65
495.2389,1.24,1.24
495.2446,1.82,1.82
495.2811,1.91,1.91
496.1824,1.35,1.35
497.161,1.45,1.45
497.1795,1.75,1.75
497.2239,1.81,1.81
497.2909,1.4,1.4
497.312,1.7,1.7
499.1854,1.8,1.8
499.241,1.16,1.16
499.2913,1.69,1.69
501.192,1,1
501.2679,1.45,1.45
501.2705,1.68,1.68
501.3069,1.77,1.77
502.154,1.16,1.16
503.2862,1.76,1.76
505.1338,1.94,1.94
505.1693,1.03,1.03
505.1747,1.55,1.55
505.229,1.65,1.65
505.2654,1.75,1.75
505.3019,1.84,1.84
506.1202,2.06,2.06
506.1991,1.65,1.65
507.0932,0.77,0.77
507.146,0.88,0.88
507.1832,1.6,1.6
507.1904,1.64,1.64
507.2447,1.74,1.74
507.2811,1.83,1.83
507.3328,1.66,1.66
509.1454,0.96,0.96
509.2181,1.17,1.17
509.2239,1.73,1.73
509.2545,1.27,1.27
509.312,1.64,1.64
511.2395,1.82,1.82
511.2701,1.33,1.33
512.1984,1.75,1.75
512.211,1.25,1.25
512.2361,1.12,1.12
513.2188,1.81,1.81
513.3069,1.7,1.7
513.3103,2.08,2.08
513.3221,1.48,1.48
515.2708,2,2
515.2781,1.73,1.73
515.2835,1.47,1.47
515.2861,1.69,1.69
516.2309,1.16,1.16
516.2674,1.25,1.25
517.1046,1.53,1.53
517.229,1.58,1.58
517.2654,1.68,1.68
517.3018,1.77,1.77
519.2446,1.67,1.67
519.281,1.76,1.76
520.1357,2.05,2.05
521.1609,1.36,1.36
521.2238,1.65,1.65
521.2603,1.75,1.75
523.1612,1,1
523.2337,1.2,1.2
523.2395,1.74,1.74
523.325,1.45,1.45
523.3277,1.66,1.66
525.2189,1.73,1.73
525.2552,1.83,1.83
526.2518,1.15,1.15
527.19,1.76,1.76
527.2344,1.82,1.82
527.3226,1.71,1.71
528.1514,1.04,1.04
528.231,1.12,1.12
528.2674,1.21,1.21
529.2137,1.81,1.81
529.2501,1.91,1.91
529.2688,2,2
529.3018,1.7,1.7
529.3052,2.08,2.08
529.3171,1.48,1.48
529.3382,1.79,1.79
531.1486,1.74,1.74
531.2447,1.6,1.6
531.3327,1.55,1.55
533.2604,1.68,1.68
533.2968,1.77,1.77
533.3484,1.61,1.61
535.0882,0.74,0.74
535.1516,1.78,1.78
535.2033,1.57,1.57
535.2396,1.67,1.67
535.276,1.76,1.76
537.1767,1.03,1.03
537.2188,1.65,1.65
537.2553,1.75,1.75
537.3069,1.59,1.59
537.3433,1.67,1.67
539.0468,0.64,0.64
539.1923,1.1,1.1
539.2345,1.74,1.74
539.2709,1.83,1.83
539.3073,1.92,1.92
539.3226,1.66,1.66
540.1933,1.67,1.67
540.2675,1.18,1.18
541.2501,1.83,1.83
541.2807,1.35,1.35
541.3018,1.64,1.64
541.3382,1.72,1.72
541.4484,2,2
542.2466,1.15,1.15
542.2831,1.24,1.24
543.2296,1.82,1.82
543.2784,1.42,1.42
543.2811,1.63,1.63
543.2963,1.42,1.42
543.3175,1.71,1.71
544.2623,1.21,1.21
545.2604,1.62,1.62
545.2968,1.7,1.7
545.312,1.48,1.48
547.134,0.5,0.5
547.2396,1.6,1.6
547.2761,1.69,1.69
547.3125,1.78,1.78
547.3277,1.55,1.55
548.2097,1.59,1.59
549.2552,1.68,1.68
549.2917,1.77,1.77
549.3433,1.61,1.61
551.2346,1.67,1.67
551.271,1.76,1.76
551.3226,1.6,1.6
553.1352,0.93,0.93
553.1716,1.03,1.03
553.208,1.13,1.13
553.2138,1.65,1.65
553.2503,1.75,1.75
553.3383,1.67,1.67
554.2831,1.2,1.2
555.1872,1.1,1.1
555.2294,1.74,1.74
555.26,1.29,1.29
555.2659,1.83,1.83
555.3176,1.66,1.66
556.1707,0.55,0.55
556.2623,1.18,1.18
556.2988,1.26,1.26
557.2756,1.35,1.35
557.2968,1.64,1.64
557.3332,1.72,1.72
559.2242,1.82,1.82
559.2397,1.54,1.54
559.276,1.63,1.63
559.3124,1.71,1.71
559.3277,1.5,1.5
559.4861,2.09,2.09
560.183,1.75,1.75
561.1496,0.54,0.54
561.2036,1.81,1.81
561.2552,1.62,1.62
561.2916,1.7,1.7
561.3069,1.48,1.48
561.3281,1.79,1.79
563.1384,1.74,1.74
563.2709,1.69,1.69
563.3073,1.78,1.78
563.3225,1.55,1.55
565.1354,0.9,0.9
565.1445,0.55,0.55
565.2502,1.68,1.68
565.2866,1.77,1.77
565.3383,1.61,1.61
566.2203,1.68,1.68
567.1508,0.97,0.97
567.2295,1.67,1.67
567.2658,1.76,1.76
567.3175,1.6,1.6
569.0937,0.81,0.81
569.1666,1.03,1.03
569.2393,1.23,1.23
569.2451,1.75,1.75
569.2757,1.31,1.31
569.2968,1.59,1.59
569.3332,1.67,1.67
570.144,1.04,1.04
570.2038,1.68,1.68
571.2243,1.74,1.74
571.276,1.57,1.57
571.2912,1.38,1.38
571.3125,1.66,1.66
571.3488,1.73,1.73
572.1594,1.11,1.11
573.2553,1.56,1.56
573.2764,1.92,1.92
573.2917,1.64,1.64
573.3069,1.44,1.44
573.3314,2.08,2.08
573.3644,1.8,1.8
575.2346,1.54,1.54
575.271,1.63,1.63
575.3073,1.71,1.71
575.3226,1.5,1.5
577.1444,0.54,0.54
577.1808,0.62,0.62
577.2502,1.62,1.62
577.2866,1.7,1.7
577.3019,1.48,1.48
577.3383,1.56,1.56
579.149,1.31,1.31
579.16010000000006,0.59,0.59
579.2658,1.69,1.69
579.3023,1.78,1.78
579.3176,1.55,1.55
580.1569,2.05,2.05
581.2029,1.1,1.1
581.2088,1.58,1.58
581.2452,1.68,1.68
581.2815,1.77,1.77
581.2967,1.53,1.53
581.3331,1.61,1.61
581.3695,1.69,1.69
583.1185,0.51,0.51
583.1822,1.07,1.07
583.2185,1.16,1.16
583.2244,1.67,1.67
583.255,1.25,1.25
583.3125,1.6,1.6
583.3488,1.68,1.68
583.3853,1.75,1.75
585.1745,1.27,1.27
585.1978,1.13,1.13
585.2342,1.23,1.23
585.2401,1.75,1.75
585.2918,1.59,1.59
585.3282,1.67,1.67
585.3646,1.74,1.74
585.4008,1.81,1.81
586.3094,1.28,1.28
587.2709,1.57,1.57
587.2862,1.38,1.38
587.3074,1.66,1.66
588.1781,1.67,1.67
589.2502,1.56,1.56
589.2866,1.64,1.64
589.3018,1.44,1.44
591.1415,1.6,1.6
591.1965,0.65,0.65
591.2659,1.63,1.63
591.3023,1.71,1.71
591.3176,1.5,1.5
593.1646,1.33,1.33
593.1758,0.62,0.62
593.2814,1.7,1.7
593.2967,1.48,1.48
593.3332,1.56,1.56
594.1726,2.05,2.05
595.155,0.59,0.59
595.3124,1.55,1.55
595.3489,1.62,1.62
596.1518,2.05,2.05
597.1252,0.9,0.9
597.1978,1.1,1.1
597.2341,1.19,1.19
597.2402,1.68,1.68
597.2705,1.27,1.27
597.2917,1.53,1.53
597.3281,1.61,1.61
599.1043,0.86,0.86
599.2135,1.16,1.16
599.25,1.25,1.25
599.2557,1.76,1.76
599.271,1.52,1.52
599.2862,1.33,1.33
599.3074,1.6,1.6
599.3438,1.68,1.68
601.2502,1.5,1.5
601.2654,1.31,1.31
601.2867,1.59,1.59
601.3018,1.39,1.39
601.323,1.67,1.67
601.3956,1.81,1.81
601.396,1.81,1.81
602.2315,1.12,1.12
603.2659,1.57,1.57
603.281,1.38,1.38
603.3023,1.66,1.66
603.3175,1.45,1.45
603.328,1.56,1.56
605.2604,1.35,1.35
605.2816,1.64,1.64
605.2968,1.44,1.44
605.3333,1.52,1.52
607.1305,1.04,1.04
607.2761,1.42,1.42
607.297,1.71,1.71
607.3125,1.5,1.5
607.349,1.58,1.58
609.1461,1.11,1.11
609.1706,0.62,0.62
609.2917,1.48,1.48
609.3282,1.56,1.56
610.0957,0.89,0.89
611.1771,1.03,1.03
611.2194,1.6,1.6
611.3074,1.55,1.55
611.3438,1.62,1.62
613.1564,1,1
613.1694,1.3,1.3
613.1929,1.1,1.1
613.2292,1.19,1.19
613.235,1.68,1.68
613.2502,1.45,1.45
613.2655,1.27,1.27
613.2866,1.53,1.53
613.323,1.61,1.61
615.2084,1.16,1.16
615.2447,1.25,1.25
615.2506,1.76,1.76
615.2659,1.52,1.52
615.2811,1.33,1.33
615.3023,1.6,1.6
615.3177,1.41,1.41
615.3388,1.68,1.68
616.2473,1.96,1.96
617.1512,1.03,1.03
617.2241,1.23,1.23
617.2604,1.31,1.31
617.2816,1.59,1.59
617.2969,1.39,1.39
617.3028,1.92,1.92
617.3181,1.67,1.67
617.3334,1.47,1.47
617.829,1,1
619.2396,1.29,1.29
619.2761,1.38,1.38
619.3125,1.45,1.45
621.1826,1.17,1.17
621.2553,1.35,1.35
621.2917,1.44,1.44
621.3281,1.52,1.52
622.2102,1.54,1.54
623.2349,1.24,1.24
623.271,1.42,1.42
623.3074,1.5,1.5
623.344,1.58,1.58
625.0954,0.9,0.9
625.2293,1.15,1.15
625.2503,1.4,1.4
625.2655,1.24,1.24
625.2867,1.48,1.48
625.323,1.56,1.56
625.3596,1.64,1.64
627.1721,1.03,1.03
627.2086,1.12,1.12
627.2449,1.21,1.21
627.2506,1.69,1.69
627.2659,1.47,1.47
627.2813,1.29,1.29
627.3024,1.55,1.55
627.3388,1.62,1.62
629.1513,1,1
629.224,1.19,1.19
629.2606,1.27,1.27
629.2663,1.77,1.77
629.2815,1.53,1.53
629.2968,1.35,1.35
629.3179,1.61,1.61
631.167,1.07,1.07
631.2761,1.33,1.33
631.3125,1.41,1.41
631.3336,1.68,1.68
633.1827,1.13,1.13
633.2554,1.31,1.31
633.2917,1.39,1.39
633.3282,1.47,1.47
634.2119,1.09,1.09
635.2346,1.29,1.29
635.271,1.38,1.38
635.3075,1.45,1.45
635.3439,1.53,1.53
637.2115,1.87,1.87
637.2502,1.35,1.35
637.2866,1.44,1.44
637.3231,1.52,1.52
637.3596,1.59,1.59
639.266,1.42,1.42
639.3024,1.5,1.5
639.339,1.47,1.47
641.2606,1.24,1.24
641.2663,1.7,1.7
641.2814,1.48,1.48
641.2819,1.48,1.48
641.318,1.56,1.56
641.3544,1.64,1.64
643.2763,1.29,1.29
643.2818,1.78,1.78
643.2971,1.55,1.55
643.3126,1.37,1.37
644.2076,0.74,0.74
645.2554,1.27,1.27
645.2612,1.77,1.77
645.2919,1.35,1.35
645.3129,1.61,1.61
645.328,1.43,1.43
647.2348,1.25,1.25
647.2405,1.76,1.76
647.2711,1.33,1.33
647.3075,1.41,1.41
647.3285,1.68,1.68
647.3441,1.49,1.49
649.2505,1.31,1.31
649.2868,1.39,1.39
649.3231,1.47,1.47
649.3595,1.54,1.54
651.2275,1.7,1.7
651.2661,1.38,1.38
651.3025,1.45,1.45
651.339,1.53,1.53
652.1964,1.96,1.96
653.2816,1.44,1.44
653.3183,1.52,1.52
657.2555,1.24,1.24
657.2612,1.7,1.7
657.2918,1.31,1.31
657.3129,1.56,1.56
659.2769,1.78,1.78
659.3075,1.37,1.37
659.3285,1.62,1.62
660.1938,1.06,1.06
661.2561,1.77,1.77
661.323,1.43,1.43
661.3441,1.69,1.69
663.2353,1.76,1.76
663.2661,1.33,1.33
663.3026,1.41,1.41
663.3388,1.49,1.49
663.3599,1.75,1.75
665.3545,1.54,1.54
667.2973,1.45,1.45
668.1731,1,1
668.2521,1.65,1.65
669.3129,1.52,1.52
670.1888,1.06,1.06
670.2565,1.67,1.67
671.1621,1,1
671.2405,1.63,1.63
671.2769,1.71,1.71
671.3076,1.33,1.33
671.8469,0.52,0.52
673.2562,1.7,1.7
673.2867,1.31,1.31
675.2717,1.78,1.78
675.3025,1.37,1.37
676.7974,0.64,0.64
676.8036,1.2,1.2
676.8486,0.54,0.54
677.2455,1.27,1.27
677.2509,1.77,1.77
679.3337,1.49,1.49
681.192,0.67,0.67
681.3495,1.54,1.54
687.2296,1.18,1.18
687.272,1.71,1.71
687.3025,1.33,1.33
689.251,1.7,1.7
691.2975,1.37,1.37
693.1735,0.89,0.89
693.3132,1.43,1.43
694.279,1.24,1.24
695.2073,0.7,0.7
695.2078,0.7,0.7
695.2634,1.29,1.29
703.1212,1.33,1.33
703.2667,1.71,1.71
709.2235,0.72,0.72
710.2627,1.61,1.61
711.2026,0.7,0.7
715.1937,1.48,1.48
717.1369,1.36,1.36
717.2461,1.64,1.64
719.2615,1.71,1.71
719.2621,1.71,1.71
721.1316,1.42,1.42
721.2411,1.7,1.7
723.239,0.75,0.75
725.2185,1.03,1.03
729.246,1.59,1.59
731.1525,1.38,1.38
731.2251,1.57,1.57
731.2255,1.57,1.57
733.2775,1.72,1.72
735.1477,1.44,1.44
735.2565,1.71,1.71
745.1684,0.53,0.53
745.2773,1.67,1.67
745.2778,1.67,1.67
747.2567,1.66,1.66
747.2929,1.73,1.73
747.2934,1.09,1.09
749.163,1.46,1.46
749.1635,0.54,0.54
749.2358,1.64,1.64
757.2044,1.45,1.45
758.2049,1.09,1.09
759.2569,1.6,1.6
761.2723,1.67,1.67
763.1787,1.48,1.48
763.2515,1.66,1.66
763.2881,1.73,1.73
775.2885,0.83,0.83
777.2313,0.66,0.66
779.2467,0.7,0.7
781.2258,1.64,1.64
787.2152,1.47,1.47
791.2469,0.69,0.69
795.2418,1.66,1.66
809.2575,0.72,0.72
811.3108,1.2,1.2
819.2052,0.61,0.61
819.2423,0.75,0.75
819.2784,0.73,0.73
827.2681,0.85,0.85
841.2474,0.72,0.72
853.2115,0.65,0.65
861.2889,0.74,0.74
867.2629,0.73,0.73
867.2634,0.81,0.81
909.2742,0.82,0.82
909.3106,0.88,0.88
910.6131,2.02,2.02
921.2007,0.61,0.61
923.3259,0.82,0.82
965.3358,0.82,0.82
966.3398,0.8,0.8
971.3125,0.66,0.66
303.0722,1.33,1.33
328.115,1.46,1.46
319.1398,1.71,1.71
358.078,1.21,1.21
331.0307,1,1
597.0732,0.92,0.92
631.2456,1.76,1.76
737.1994,1.62,1.62
747.1834,1.48,1.48
733.241,1.64,1.64
601.2349,1.75,1.75
365.0362,1.17,1.17
311.062,1.6,1.6
658.1836,1.54,1.54
331.1147,1.54,1.54
593.1393,0.54,0.54
355.1148,1.33,1.33
659.1313,1.39,1.39
344.11,1.46,1.46
705.246,1.7,1.7
609.1343,0.54,0.54
567.1676,1.52,1.52
642.2364,1.71,1.71
456.1358,1.69,1.69
599.1619,1.23,1.23
330.1307,1.62,1.62
587.2193,1.74,1.74
644.2042,1.62,1.62
605.1877,1.17,1.17
438.1616,1.71,1.71
547.1668,1.39,1.39
416.0835,1.19,1.19
547.094,1.14,1.14
547.2032,1.5,1.5
356.0987,1.27,1.27
571.0941,1.04,1.04
444.1735,1.04,1.04
541.0473,0.86,0.86
514.2153,1.1,1.1
311.0984,1.82,1.82
371.146,1.5,1.5
789.2308,1.53,1.53
584.1832,1.59,1.59
422.0941,1.4,1.4
373.089,1.29,1.29
545.2087,1.81,1.81
341.015,0.77,0.77
339.1602,1.14,1.14
567.0628,0.87,0.87
411.348,1.92,1.92
777.2308,1.59,1.59
613.1775,1.26,1.26
625.1986,1.52,1.52
386.0729,1.13,1.13
347.1096,1.54,1.54
456.1735,1,1
839.2315,0.69,0.69
416.1198,1.35,1.35
392.1675,1.8,1.8
547.1305,1.27,1.27
470.1892,1.03,1.03
595.1879,1.5,1.5
462.1366,1.47,1.47
500.162,1.72,1.72
507.1944,1.14,1.14
569.0995,1.3,1.3
563.1619,1.39,1.39
414.0678,1.06,1.06
623.1983,1.24,1.24
583.2761,1.52,1.52
573.1825,1.36,1.36
509.1623,1.58,1.58
421.11,1.47,1.47
805.226,1.53,1.53
464.141,1.5,1.5
348.0936,1.46,1.46
519.2083,1.57,1.57
581.1149,1.04,1.04
390.1154,1.5,1.5
378.1518,1.79,1.79
533.224,1.58,1.58
729.2098,1.5,1.5
610.2103,1.61,1.61
462.173,1.61,1.61
559.1305,1.22,1.22
595.1187,0.5,0.5
545.0783,1.05,1.05
553.047,0.82,0.82
489.0523,1,1
500.1997,1.07,1.07
357.1304,1.47,1.47
609.1825,1.21,1.21
487.0364,0.89,0.89
505.1788,1.07,1.07
369.094,1.2,1.2
597.1786,1.55,1.55
573.1098,1.13,1.13
629.1208,1.36,1.36
363.141,1.71,1.71
507.2083,1.64,1.64
821.2208,1.53,1.53
573.1461,1.25,1.25
508.1307,1.42,1.42
433.1101,1.38,1.38
543.0628,0.95,0.95
563.1287,0.5,0.5
791.2099,1.52,1.52
377.1567,1.73,1.73
641.2299,1.62,1.62
549.1672,1.79,1.79
547.1879,1.8,1.8
533.1149,1.24,1.24
411.2422,2.11,2.11
493.0869,0.39,0.39
623.2345,1.33,1.33
391.0994,1.43,1.43
462.1253,1.39,1.39
335.1347,1.71,1.71
609.2553,1.4,1.4
434.1417,1.56,1.56
569.0784,0.96,0.96
779.2098,1.57,1.57
655.2093,1.54,1.54
474.2204,1.17,1.17
649.2197,1.75,1.75
585.2554,1.5,1.5
389.0395,1.64,1.64
478.1203,1.39,1.39
516.1946,1.07,1.07
412.1249,1.28,1.28
506.1628,1.53,1.53
397.0048,0.67,0.67
535.0975,0.42,0.42
569.1835,1.62,1.62
524.1257,1.42,1.42
343.1147,1.43,1.43
545.224,1.52,1.52
533.1876,1.48,1.48
633.2248,1.75,1.75
504.1836,1.55,1.55
511.0366,0.8,0.8
382.1256,1.31,1.31
319.1035,1.54,1.54
385.1253,1.38,1.38
572.1469,1.55,1.55
581.1514,1.15,1.15
765.2309,1.64,1.64
723.2202,1.69,1.69
555.0628,0.91,0.91
430.1025,1.79,1.79
434.1304,1.47,1.47
565.1081,0.46,0.46
685.2198,1.56,1.56
336.0936,1.58,1.58
474.184,1.07,1.07
669.1884,1.46,1.46
487.0941,1.5,1.5
541.2138,1.73,1.73
475.1681,1.04,1.04
613.2139,1.36,1.36
559.094,1.09,1.09
307.067,1.45,1.45
625.214,1.31,1.31
446.0973,1.79,1.79
499.0366,0.84,0.84
388.0886,1.27,1.27
521.1876,1.55,1.55
553.1047,1.3,1.3
460.1573,1.5,1.5
532.2258,1.16,1.16
395.1308,1.71,1.71
420.1623,1.69,1.69
449.0971,0.4,0.4
426.1015,0.95,0.95
395.0468,1.23,1.23
465.1362,1.53,1.53
583.1153,1.33,1.33
493.0835,1.22,1.22
554.1363,1.45,1.45
519.0993,1.2,1.2
557.0784,1,1
419.1783,1.12,1.12
557.1148,1.13,1.13
457.026,0.82,0.82
689.1418,1.42,1.42
380.0835,1.46,1.46
643.2455,1.69,1.69
538.1778,1.57,1.57
563.1466,1.68,1.68
402.1042,1.31,1.31
370.0991,1.75,1.75
659.2405,1.69,1.69
595.276,1.47,1.47
398.1205,1.31,1.31
515.089,1.41,1.41
551.1288,0.51,0.51
317.1242,1.57,1.57
465.1726,1.67,1.67
454.1566,1.71,1.71
585.1825,1.31,1.31
599.1982,1.33,1.33
427.0729,1.43,1.43
523.2032,1.64,1.64
573.2189,1.46,1.46
600.1781,1.59,1.59
461.0971,0.39,0.39
579.1237,0.5,0.5
427.0154,0.75,0.75
447.1733,1.07,1.07
481.1675,1.67,1.67
583.1305,1.12,1.12
356.1099,1.36,1.36
567.1931,1.57,1.57
586.1625,1.57,1.57
535.1339,0.51,0.51
393.1152,1.57,1.57
609.1672,1.42,1.42
687.2355,1.63,1.63
389.1566,1.62,1.62
675.2354,1.69,1.69
545.1876,1.42,1.42
400.0885,1.19,1.19
611.2711,1.47,1.47
502.2153,1.13,1.13
587.2346,1.48,1.48
309.0827,1.64,1.64
583.0941,1,1
807.2415,1.6,1.6
639.1416,1.33,1.33
569.2087,1.65,1.65
691.2303,1.69,1.69
446.1416,1.47,1.47
367.216,2.12,2.12
761.1993,1.5,1.5
598.1625,1.5,1.5
559.1668,1.33,1.33
362.1933,1.93,1.93
557.0995,1.37,1.37
449.2028,1.7,1.7
421.2079,1.79,1.79
559.2033,1.44,1.44
619.2091,1.74,1.74
793.2259,1.59,1.59
601.2138,1.41,1.41
571.1305,1.17,1.17
487.2046,1.1,1.1
479.1518,1.56,1.56
611.1983,1.29,1.29
535.1304,1.33,1.33
545.1149,1.18,1.18
404.1199,1.44,1.44
537.1098,1.3,1.3
370.078,1.13,1.13
449.0606,0.29,0.29
433.1465,1.53,1.53
367.161,1.87,1.87
503.1994,1.1,1.1
717.1732,1.46,1.46
451.182,1.68,1.68
533.1512,1.36,1.36
640.2207,1.62,1.62
542.1363,1.53,1.53
446.178,1.61,1.61
545.0996,1.44,1.44
360.0937,1.36,1.36
366.1406,1.79,1.79
317.0514,1.17,1.17
371.1097,1.33,1.33
557.2604,1.56,1.56
533.1182,0.46,0.46
543.1355,1.22,1.22
551.1254,1.33,1.33
597.1826,1.26,1.26
761.2358,1.59,1.59
519.1355,1.33,1.33
545.1513,1.3,1.3
521.1512,1.43,1.43
611.2346,1.38,1.38
417.0311,0.93,0.93
374.1093,1.4,1.4
443.3014,1.83,1.83
481.1926,1.7,1.7
387.0205,0.86,0.86
372.0936,1.27,1.27
701.2148,1.56,1.56
449.1414,1.53,1.53
484.1308,1.59,1.59
376.1362,1.64,1.64
635.2041,1.74,1.74
538.1414,1.45,1.45
352.0885,1.58,1.58
557.2087,1.73,1.73
469.0261,0.78,0.78
476.1522,1.5,1.5
436.1096,1.44,1.44
595.1517,1.39,1.39
572.1832,1.67,1.67
556.1883,1.67,1.67
475.2046,1.14,1.14
463.0763,0.34,0.34
531.1356,1.27,1.27
451.073,1.25,1.25
703.2303,1.63,1.63
503.0679,1.05,1.05
537.1825,1.55,1.55
466.1202,1.47,1.47
617.2299,1.75,1.75
567.1203,1.33,1.33
321.0463,1.27,1.27
571.1669,1.28,1.28
599.2346,1.43,1.43
451.157,1.65,1.65
362.1569,1.79,1.79
378.1406,1.67,1.67
517.1199,1.24,1.24
577.1622,1.7,1.7
531.2083,1.5,1.5
583.1669,1.23,1.23
517.0836,1.1,1.1
589.1258,1.5,1.5
359.0256,0.92,0.92
507.0992,1.26,1.26
503.2134,1.57,1.57
515.1981,1.8,1.8
387.1046,1.33,1.33
531.0991,1.14,1.14
529.229,1.52,1.52
350.1093,1.62,1.62
749.1995,1.56,1.56
376.1249,1.53,1.53
709.2045,1.68,1.68
423.1257,1.6,1.6
747.2201,1.57,1.57
450.1253,1.47,1.47
404.1311,1.53,1.53
823.2363,1.6,1.6
491.1043,1.26,1.26
685.1834,1.46,1.46
717.2096,1.56,1.56
401.0937,1.69,1.69
494.1515,1.53,1.53
390.1042,1.4,1.4
466.1566,1.61,1.61
419.0467,1.07,1.07
396.1512,1.8,1.8
401.1202,1.38,1.38
402.1154,1.4,1.4
406.1355,1.56,1.56
374.1933,1.81,1.81
436.146,1.59,1.59
473.2253,1.17,1.17
349.1504,1.73,1.73
505.1927,1.55,1.55
392.0835,1.36,1.36
403.147,1,1
549.1132,0.46,0.46
565.1411,1.36,1.36
497.0784,1.29,1.29
372.1049,1.36,1.36
410.094,1.5,1.5
495.2083,1.71,1.71
539.1981,1.64,1.64
387.1144,1.85,1.85
531.1719,1.39,1.39
597.2553,1.45,1.45
751.2152,1.63,1.63
521.1149,1.3,1.3
391.1358,1.6,1.6
553.1775,1.55,1.55
585.219,1.41,1.41
501.0522,0.95,0.95
641.1934,1.52,1.52
605.1934,1.73,1.73
463.073,1.18,1.18
375.1046,1.43,1.43
511.2032,1.71,1.71
517.1927,1.48,1.48
519.172,1.45,1.45
505.1563,1.43,1.43
613.1259,1.36,1.36
514.1413,1.61,1.61
373.1253,1.47,1.47
440.141,1.69,1.69
420.1148,1.44,1.44
417.1152,1.38,1.38
537.1462,1.43,1.43
421.1464,1.62,1.62
373.0447,1.64,1.64
517.1563,1.36,1.36
490.1678,1.53,1.53
569.1512,1.2,1.2
763.215,1.57,1.57
454.1202,1.56,1.56
587.1102,1.4,1.4
583.2397,1.43,1.43
408.1511,1.69,1.69
731.1888,1.48,1.48
609.2189,1.31,1.31
444.1623,1.5,1.5
445.1576,1,1
317.0878,1.38,1.38
557.1512,1.25,1.25
701.1784,1.46,1.46
363.2025,1.88,1.88
526.1777,1.65,1.65
407.1672,1.75,1.75
459.0417,0.94,0.94
554.1727,1.57,1.57
570.1676,1.57,1.57
661.1469,1.48,1.48
524.1621,1.55,1.55
489.1838,1.07,1.07
627.2143,1.6,1.6
665.1783,1.65,1.65
496.1308,1.5,1.5
333.0463,1.17,1.17
551.1618,1.45,1.45
671.1677,1.44,1.44
510.1464,1.53,1.53
561.1308,1.58,1.58
571.2033,1.38,1.38
531.193,1.8,1.8
416.1311,1.44,1.44
601.1258,1.43,1.43
421.0624,1.2,1.2
409.0624,1.29,1.29
368.1198,1.77,1.77
611.1465,1.39,1.39
412.1096,1.64,1.64
439.073,1.33,1.33
599.2193,1.67,1.67
543.2084,1.44,1.44
425.1664,1.76,1.76
571.2396,1.48,1.48
459.2097,1.14,1.14
529.0835,1.05,1.05
409.1715,1.76,1.76
390.1518,1.67,1.67
507.1719,1.52,1.52
499.2032,1.8,1.8
655.1729,1.44,1.44
543.172,1.33,1.33
493.1927,1.62,1.62
589.1985,1.73,1.73
595.2396,1.38,1.38
341.0725,1.64,1.64
353.1453,1.86,1.86
526.1414,1.53,1.53
597.2037,1.58,1.58
430.1467,1.47,1.47
503.1406,1.33,1.33
611.183,1.5,1.5
343.0307,0.92,0.92
406.0991,1.4,1.4
503.1043,1.2,1.2
687.1627,1.44,1.44
597.219,1.36,1.36
631.1364,1.45,1.45
480.1359,1.5,1.5
364.0885,1.46,1.46
695.1887,1.67,1.67
379.0518,1.23,1.23
418.1831,1.71,1.71
557.1876,1.36,1.36
447.0814,0.34,0.34
533.1723,1.79,1.79
629.2299,1.68,1.68
361.0413,1.08,1.08
399.1507,1.87,1.87
482.1516,1.61,1.61
469.2841,2.09,2.09
339.0569,1.45,1.45
389.0362,1,1
581.1724,1.48,1.48
452.1409,1.59,1.59
374.1205,1.5,1.5
457.3171,1.84,1.84
435.1872,1.68,1.68
405.1151,1.47,1.47
479.177,1.6,1.6
461.0573,1.06,1.06
361.1253,1.57,1.57
377.1202,1.57,1.57
705.1732,1.52,1.52
529.1563,1.3,1.3
407.2286,1.89,1.89
391.0518,1.14,1.14
375.141,1.6,1.6
362.1093,1.5,1.5
461.1889,1.11,1.11
485.279,2.09,2.09
429.0311,0.88,0.88
491.177,1.52,1.52
339.1297,1.85,1.85
376.0886,1.36,1.36
621.1883,1.73,1.73
643.1363,1.39,1.39
432.1624,1.59,1.59
625.1622,1.42,1.42
418.1467,1.56,1.56
651.199,1.74,1.74
424.146,1.69,1.69
509.1875,1.62,1.62
581.136,1.36,1.36
426.1253,1.67,1.67
733.2047,1.56,1.56
507.1355,1.4,1.4
597.1309,1.36,1.36
404.2038,1.82,1.82
431.0865,1.71,1.71
556.1518,1.55,1.55
477.1614,1.5,1.5
475.0729,1.11,1.11
468.1359,1.59,1.59
627.1415,1.39,1.39
540.157,1.55,1.55
375.0603,1.82,1.82
569.224,1.41,1.41
391.0552,1.82,1.82
527.089,1.33,1.33
645.2249,1.68,1.68
605.1571,1.62,1.62
419.0501,0.24,0.24
528.157,1.63,1.63
477.0886,1.22,1.22
527.1981,1.71,1.71
325.114,1.83,1.83
569.1876,1.31,1.31
481.0835,1.29,1.29
417.1627,1.04,1.04
399.078,1.54,1.54
512.1621,1.63,1.63
529.1927,1.42,1.42
661.2196,1.68,1.68
397.0624,1.38,1.38
663.1626,1.57,1.57
469.0835,1.38,1.38
424.1097,1.53,1.53
422.1304,1.56,1.56
433.0624,1.12,1.12
498.1464,1.61,1.61
392.1198,1.53,1.53
394.1355,1.67,1.67
603.1414,1.52,1.52
719.1889,1.54,1.54
501.1824,1.79,1.79
449.1664,1.58,1.58
501.0886,1.1,1.1
555.193,1.64,1.64
319.067,1.33,1.33
369.1402,1.86,1.86
435.1257,1.5,1.5
571.1152,1.4,1.4
705.2096,1.62,1.62
687.199,1.54,1.54
433.0658,0.29,0.29
635.1677,1.64,1.64
673.1471,1.42,1.42
525.1825,1.62,1.62
333.0827,1.38,1.38
382.1355,1.79,1.79
463.1821,1.6,1.6
643.2092,1.6,1.6
489.1613,1.43,1.43
633.1521,1.55,1.55
404.1675,1.69,1.69
515.177,1.39,1.39
421.0657,0.3,0.3
389.1203,1.47,1.47
558.1675,1.65,1.65
398.1304,1.79,1.79
347.062,1.23,1.23
401.0759,1.69,1.69
509.1148,1.37,1.37
415.1093,1.71,1.71
542.1726,1.65,1.65
517.1774,1.79,1.79
693.1731,1.58,1.58
707.1889,1.6,1.6
435.078,1.25,1.25
691.1575,1.5,1.5
693.2094,1.68,1.68
473.0573,1,1
575.1829,1.71,1.71
567.1567,1.45,1.45
465.0886,1.29,1.29
541.1047,1.37,1.37
463.1457,1.47,1.47
435.0814,0.35,0.35
721.2044,1.62,1.62
385.1351,1.86,1.86
387.0603,1.67,1.67
553.141,1.43,1.43
335.0984,1.54,1.54
657.152,1.42,1.42
525.1097,1.37,1.37
447.078,1.18,1.18
366.1042,1.62,1.62
363.0569,1.23,1.23
597.1673,1.48,1.48
367.0518,1.33,1.33
408.1147,1.53,1.53
703.1939,1.54,1.54
431.0467,1,1
349.114,1.57,1.57
410.1304,1.67,1.67
657.1884,1.52,1.52
559.1152,1.47,1.47
403.0552,1.67,1.67
523.1305,1.4,1.4
376.1726,1.8,1.8
497.1876,1.7,1.7
511.0941,1.33,1.33
591.1778,1.71,1.71
407.1307,1.6,1.6
585.1308,1.43,1.43
499.0941,1.41,1.41
641.157,1.42,1.42
355.1246,1.85,1.85
403.1359,1.5,1.5
417.0708,1.69,1.69
327.0933,1.82,1.82
380.1199,1.64,1.64
419.0865,1.85,1.85
681.2096,1.75,1.75
615.1414,1.45,1.45
569.1359,1.43,1.43
689.1783,1.52,1.52
433.1715,1.58,1.58
673.1834,1.52,1.52
323.062,1.45,1.45
405.0675,1.2,1.2
389.0759,1.83,1.83
583.1516,1.45,1.45
394.0991,1.5,1.5
378.1042,1.5,1.5
325.0776,1.64,1.64
423.078,1.33,1.33
393.0675,1.29,1.29
613.1622,1.48,1.48
645.1521,1.48,1.48
390.1882,1.81,1.81
441.0886,1.47,1.47
529.1046,1.44,1.44
539.1254,1.4,1.4
487.1668,1.78,1.78
349.0776,1.38,1.38
555.1203,1.4,1.4
495.0992,1.33,1.33
675.199,1.6,1.6
451.1457,1.56,1.56
503.1253,1.65,1.65
405.0708,1.83,1.83
437.1413,1.62,1.62
539.1618,1.52,1.52
335.062,1.33,1.33
377.0726,1.29,1.29
575.1466,1.6,1.6
533.1359,1.67,1.67
555.1566,1.52,1.52
443.1042,1.6,1.6
473.1512,1.76,1.76
443.1406,1.75,1.75
675.1626,1.5,1.5
691.1939,1.6,1.6
543.1203,1.47,1.47
371.1195,1.85,1.85
396.1147,1.64,1.64
501.1097,1.53,1.53
629.1572,1.48,1.48
453.0886,1.38,1.38
599.1465,1.45,1.45
371.0831,1.67,1.67
419.1307,1.5,1.5
471.0991,1.5,1.5
473.1148,1.62,1.62
573.1309,1.5,1.5
381.0675,1.38,1.38
411.078,1.43,1.43
619.1728,1.64,1.64
649.1833,1.65,1.65
439.1569,1.75,1.75
531.1203,1.56,1.56
547.1516,1.68,1.68
617.1572,1.55,1.55
587.1466,1.52,1.52
407.0831,1.33,1.33
647.1677,1.57,1.57
437.0937,1.38,1.38
483.0991,1.41,1.41
571.1516,1.52,1.52
459.1355,1.75,1.75
489.1461,1.76,1.76
451.1093,1.41,1.41
413.0937,1.57,1.57
527.1254,1.47,1.47
351.0933,1.54,1.54
467.1043,1.41,1.41
545.1359,1.58,1.58
385.0988,1.69,1.69
395.0831,1.43,1.43
531.1567,1.68,1.68
337.0776,1.5,1.5
379.0882,1.43,1.43
513.1097,1.44,1.44
557.1359,1.5,1.5
383.0831,1.54,1.54
455.1042,1.5,1.5
367.0882,1.54,1.54
425.0937,1.47,1.47
353.0726,1.5,1.5
369.1039,1.69,1.69
457.1199,1.62,1.62
485.1148,1.53,1.53
487.1304,1.65,1.65
399.1144,1.71,1.71
357.1039,1.83,1.83
312.1565,1.64,1.64
309.0252,0.77,0.77
327.0147,0.5,0.5
315.0146,0.53,0.53
333.1919,1.88,1.88
317.1394,1.22,1.22
350.9994,0.57,0.57
567.1872,1.07,1.07
307.0823,1.07,1.07
315.0874,0.94,0.94
349.1405,1.29,1.29
348.1088,1.12,1.12
617.0785,0.81,0.81
353.1031,0.9,0.9
307.046,0.86,0.86
367.1552,1.09,1.09
335.0884,1.07,1.07
363.0834,1,1
629.115,0.9,0.9
597.1249,0.9,0.9
363.0874,0.76,0.76
555.0417,0.64,0.64
633.2191,1.23,1.23
332.1463,1.77,1.77
435.2599,1.9,1.9
339.0874,0.84,0.84
388.1548,1.69,1.69
440.0834,1.06,1.06
585.2706,1.31,1.31
530.2465,1.19,1.19
358.0932,0.94,0.94
400.1249,1.35,1.35
478.0991,1,1
315.051,0.75,0.75
481.1868,1.11,1.11
375.0511,0.57,0.57
319.1551,1.33,1.33
419.0409,0.55,0.55
363.051,0.6,0.6
414.0467,0.68,0.68
587.2498,1.29,1.29
346.0568,0.81,0.81
363.1562,1.33,1.33
398.0517,0.68,0.68
327.1635,1.65,1.65
498.2204,1.1,1.1
388.2283,1.19,1.19
432.1301,1.1,1.1
451.2701,1.6,1.6
395.1865,1.17,1.17
635.1983,1.2,1.2
317.0303,0.67,0.67
458.0729,0.81,0.81
411.2177,1.28,1.28
525.3069,1.64,1.64
358.2177,1.16,1.16
409.1252,1.22,1.22
515.2498,1.6,1.6
333.1456,1.29,1.29
416.2232,1.15,1.15
428.2232,1.11,1.11
341.2082,1.76,1.76
467.1348,0.96,0.96
378.0467,0.81,0.81
406.0415,0.76,0.76
374.2085,1.45,1.45
585.0523,0.69,0.69
327.051,0.71,0.71
331.0096,0.53,0.53
397.2021,1.25,1.25
377.0667,0.67,0.67
405.094,1,1
348.0725,0.94,0.94
317.103,1.06,1.06
603.2631,1.38,1.38
407.1095,1.11,1.11
352.0674,1,1
426.1043,1.17,1.17
386.0517,0.72,0.72
381.094,1.12,1.12
335.0045,0.57,0.57
503.2498,1.67,1.67
523.0883,0.77,0.77
398.0881,0.85,0.85
393.098,0.82,0.82
621.2189,1.27,1.27
615.0992,0.86,0.86
423.145,1,1
415.2701,1.82,1.82
377.1355,1.22,1.22
396.1412,1.35,1.35
366.1195,1.24,1.24
495.2025,1.14,1.14
317.197,1.88,1.88
316.1878,1.93,1.93
418.0415,0.72,0.72
425.2334,1.31,1.31
409.0048,0.62,0.62
395.1096,1.18,1.18
423.0603,1.33,1.33
314.1722,1.79,1.79
479.062,0.67,0.67
555.2811,1.57,1.57
428.0623,0.75,0.75
601.229,1.23,1.23
539.2287,1.2,1.2
370.0568,0.72,0.72
414.2246,1.74,1.74
553.0623,0.69,0.69
629.1877,1.1,1.1
315.1198,1.54,1.54
549.1495,0.55,0.55
555.0781,0.77,0.77
683.2559,1.38,1.38
501.2202,1.13,1.13
377.0304,0.5,0.5
400.1038,0.95,0.95
358.0569,0.76,0.76
352.1038,1.19,1.19
378.1307,1.24,1.24
391.1147,1.11,1.11
323.1347,1.85,1.85
385.2596,1.81,1.81
569.2028,1.13,1.13
527.2862,1.63,1.63
414.083,0.85,0.85
367.1187,0.95,0.95
339.051,0.67,0.67
451.1398,0.96,0.96
525.2494,1.27,1.27
523.1247,0.89,0.89
446.1092,1,1
467.2076,1.19,1.19
341.1395,1.1,1.1
509.109,0.85,0.85
619.2033,1.2,1.2
339.2177,1.68,1.68
412.0674,0.75,0.75
603.2447,1.29,1.29
453.1555,1.04,1.04
446.073,0.85,0.85
489.2341,1.65,1.65
349.1041,1.12,1.12
421.0929,0.78,0.78
531.2811,1.69,1.69
414.9943,0.44,0.44
621.1462,1.07,1.07
421.0048,0.59,0.59
603.0992,0.89,0.89
463.0671,0.67,0.67
390.2398,1.57,1.57
409.1293,0.96,0.96
485.2756,1.68,1.68
323.1864,1.56,1.56
567.0782,0.74,0.74
327.0874,0.89,0.89
444.0935,0.9,0.9
453.1919,1.15,1.15
424.0885,1.06,1.06
392.1497,1.8,1.8
577.0471,0.75,0.75
402.0467,0.72,0.72
349.1868,1.88,1.88
396.13,1.28,1.28
334.1772,1.47,1.47
573.0522,0.72,0.72
362.0518,0.81,0.81
415.249,1.44,1.44
428.0987,0.9,0.9
364.1514,1.35,1.35
375.1926,1.4,1.4
406.162,1.32,1.32
563.1652,0.59,0.59
448.0885,0.95,0.95
450.1042,1.05,1.05
393.094,1.06,1.06
420.13,1.15,1.15
525.1767,1.07,1.07
314.2085,1.93,1.93
451.0306,0.55,0.55
535.3277,1.6,1.6
502.2516,1.23,1.23
391.0823,0.73,0.73
615.1721,1.07,1.07
453.2283,1.26,1.26
433.093,0.75,0.75
437.1242,0.92,0.92
547.0365,0.7,0.7
537.1404,0.93,0.93
424.1249,1.21,1.21
376.1912,1.94,1.94
431.265,1.82,1.82
347.0045,0.53,0.53
459.2599,1.74,1.74
420.1776,1.35,1.35
525.2131,1.17,1.17
384.13,1.35,1.35
436.1249,1.15,1.15
537.1039,0.81,0.81
326.1721,1.67,1.67
514.2517,1.19,1.19
581.0784,0.92,0.92
481.0412,0.61,0.61
587.2134,1.2,1.2
377.099,1.06,1.06
421.2595,1.58,1.58
589.2655,1.35,1.35
436.0885,1,1
362.9994,0.53,0.53
388.1514,1.21,1.21
420.0573,0.83,0.83
585.125,0.93,0.93
364.1038,1.12,1.12
465.2858,1.62,1.62
396.1776,1.5,1.5
523.1609,1,1
352.1514,1.44,1.44
355.0096,0.47,0.47
435.0722,0.7,0.7
435.0357,0.55,0.55
591.2811,1.42,1.42
400.0674,0.79,0.79
372.0725,0.83,0.83
603.2082,1.2,1.2
481.2232,1.21,1.21
363.1198,1.18,1.18
365.1817,1.88,1.88
597.1615,1,1
402.1194,1.05,1.05
553.3018,1.59,1.59
439.1762,1.12,1.12
317.0667,0.88,0.88
347.2075,1.88,1.88
374.9994,0.5,0.5
381.1344,1,1
373.2596,1.9,1.9
383.0045,0.44,0.44
393.0859,1.47,1.47
405.2858,2,2
321.1708,1.44,1.44
412.209,1.63,1.63
443.265,1.74,1.74
343.1511,1.6,1.6
467.1712,1.08,1.08
495.0569,0.67,0.67
413.2334,1.36,1.36
471.0205,0.57,0.57
559.2913,1.42,1.42
393.1303,1.22,1.22
383.1864,1.22,1.22
404.1351,1.15,1.15
427.249,1.38,1.38
495.1297,0.92,0.92
557.0574,0.72,0.72
571.2549,1.29,1.29
599.1407,0.97,0.97
362.1358,1.24,1.24
617.1877,1.13,1.13
365.0667,0.7,0.7
593.0786,0.88,0.88
481.1504,1,1
511.2913,1.63,1.63
350.0882,1.06,1.06
393.0252,0.5,0.5
555.2236,1.2,1.2
539.0831,0.77,0.77
434.1093,1.05,1.05
329.1031,1,1
377.2334,1.55,1.55
501.031,0.64,0.64
483.2752,1.38,1.38
405.2494,1.9,1.9
539.2862,1.57,1.57
601.0836,0.81,0.81
529.2654,1.62,1.62
369.1708,1.18,1.18
539.1196,0.89,0.89
449.0878,0.75,0.75
447.2752,1.54,1.54
511.161,1.04,1.04
513.031,0.61,0.61
341.1031,0.95,0.95
331.1915,1.4,1.4
300.1929,1.93,1.93
505.026,0.67,0.67
351.051,0.63,0.63
426.1882,1.53,1.53
313.1657,1.62,1.62
601.1927,1.13,1.13
405.0616,0.64,0.64
432.0572,0.79,0.79
391.2701,2,2
353.0667,0.74,0.74
591.0992,0.92,0.92
425.1606,1.08,1.08
390.1195,1.11,1.11
329.1354,1.57,1.57
386.0881,0.89,0.89
509.0725,0.72,0.72
465.0464,0.61,0.61
441.0099,0.5,0.5
331.2126,1.88,1.88
543.0416,0.67,0.67
575.2862,1.42,1.42
433.0049,0.56,0.56
449.2392,1.81,1.81
360.0725,0.88,0.88
525.1402,0.96,0.96
601.12,0.93,0.93
367.0095,0.44,0.44
481.0777,0.75,0.75
553.0989,0.81,0.81
425.0151,0.5,0.5
430.078,0.85,0.85
539.1559,1,1
434.0729,0.89,0.89
350.1722,1.47,1.47
497.2545,1.31,1.31
418.1143,1.05,1.05
599.1771,1.07,1.07
497.1817,1.11,1.11
379.0824,0.76,0.76
581.149,1.84,1.84
481.2807,1.62,1.62
411.0239,1.23,1.23
500.236,1.16,1.16
571.2184,1.2,1.2
362.0882,1,1
587.1043,0.89,0.89
587.1407,1,1
541.0988,0.85,0.85
374.0882,0.94,0.94
585.0887,0.81,0.81
329.0303,0.62,0.62
497.1453,1,1
495.0934,0.8,0.8
809.2569,1.67,1.67
390.0466,0.76,0.76
465.0827,0.75,0.75
395.1137,0.91,0.91
416.0623,0.79,0.79
329.1758,1.3,1.3
410.1933,1.53,1.53
365.0303,0.53,0.53
605.1513,1.07,1.07
579.0628,0.83,0.83
585.1614,1.03,1.03
571.1821,1.1,1.1
571.1457,1,1
471.26,1.67,1.67
531.0416,0.7,0.7
372.1565,1.21,1.21
587.0678,0.77,0.77
416.0987,0.95,0.95
407.0773,0.73,0.73
437.0878,0.78,0.78
391.046,0.57,0.57
451.1035,0.83,0.83
367.1529,1.93,1.93
473.2909,1.5,1.5
425.197,1.2,1.2
459.2752,1.48,1.48
398.9994,0.44,0.44
565.1199,1.04,1.04
422.0729,0.94,0.94
511.1974,1.14,1.14
423.1086,0.87,0.87
379.2338,2,2
403.249,1.5,1.5
449.0514,0.61,0.61
487.2549,1.67,1.67
513.2705,1.62,1.62
525.1038,0.85,0.85
409.0201,0.5,0.5
475.0154,0.6,0.6
521.312,1.59,1.59
422.1093,1.11,1.11
353.0303,0.56,0.56
418.0779,0.89,0.89
366.1307,1.31,1.31
389.2334,1.48,1.48
406.1143,1.11,1.11
315.1813,1.75,1.75
374.0518,0.76,0.76
481.1141,0.88,0.88
527.0468,0.67,0.67
513.2858,1.4,1.4
394.1143,1.17,1.17
601.1562,1.03,1.03
563.0678,0.83,0.83
412.2453,1.75,1.75
451.0671,0.7,0.7
493.0259,0.7,0.7
407.0408,0.57,0.57
511.1246,0.92,0.92
376.2242,1.55,1.55
543.1872,1.14,1.14
487.3065,1.52,1.52
467.0984,0.83,0.83
593.1149,1,1
485.2909,1.45,1.45
589.1563,1.07,1.07
541.0625,0.72,0.72
431.1229,1.87,1.87
357.1668,1.62,1.62
378.1195,1.17,1.17
491.3014,1.57,1.57
561.0522,0.75,0.75
497.2756,1.62,1.62
455.2439,1.33,1.33
445.0049,0.53,0.53
461.2908,1.56,1.56
497.0362,0.61,0.61
463.0154,0.63,0.63
343.0096,0.5,0.5
559.073,0.8,0.8
511.0883,0.8,0.8
413.2545,1.73,1.73
455.0256,0.57,0.57
513.1766,1.11,1.11
335.1711,1.87,1.87
388.1038,1,1
328.1878,1.8,1.8
381.098,0.86,0.86
425.2545,1.65,1.65
575.1042,0.92,0.92
565.3018,1.53,1.53
541.1716,1.07,1.07
583.1458,0.97,0.97
603.1718,1.1,1.1
573.2705,1.35,1.35
587.177,1.1,1.1
571.073,0.77,0.77
541.2443,1.27,1.27
325.202,1.67,1.67
555.1508,1,1
421.0565,0.64,0.64
364.0674,0.94,0.94
376.1038,1.06,1.06
437.2545,1.58,1.58
555.1144,0.89,0.89
589.12,0.96,0.96
543.1508,1.04,1.04
402.083,0.89,0.89
493.229,1.73,1.73
603.1356,1,1
411.1813,1.17,1.17
513.1402,1,1
527.2651,1.33,1.33
577.12,1,1
432.0936,0.95,0.95
404.0987,1,1
573.1614,1.07,1.07
439.1398,1,1
433.2595,1.52,1.52
571.1093,0.89,0.89
575.0679,0.8,0.8
453.1191,0.92,0.92
579.1356,1.08,1.08
455.265,1.67,1.67
423.0358,0.57,0.57
396.214,1.63,1.63
341.0303,0.59,0.59
569.1301,0.93,0.93
439.0307,0.57,0.57
420.0936,1,1
519.3327,1.6,1.6
549.0522,0.78,0.78
341.0667,0.78,0.78
467.062,0.7,0.7
383.1501,1.09,1.09
559.1093,0.92,0.92
394.162,1.39,1.39
557.2029,1.17,1.17
591.1356,1.04,1.04
561.125,1,1
511.0519,0.67,0.67
589.0835,0.85,0.85
575.1406,1.04,1.04
380.1464,1.35,1.35
428.2038,1.63,1.63
477.1726,1.58,1.58
486.1253,1.25,1.25
527.0831,0.8,0.8
404.0623,0.83,0.83
399.2177,1.33,1.33
394.1984,1.53,1.53
382.1984,1.61,1.61
499.161,1.08,1.08
407.2439,1.57,1.57
329.0666,0.82,0.82
527.1558,1.04,1.04
425.1242,0.96,0.96
579.0992,0.96,0.96
437.0515,0.64,0.64
511.2337,1.24,1.24
541.2079,1.17,1.17
499.3065,1.47,1.47
321.0252,0.71,0.71
525.0675,0.72,0.72
543.1145,0.92,0.92
366.1671,1.47,1.47
363.2177,1.52,1.52
545.0573,0.75,0.75
392.0623,0.88,0.88
543.078,0.8,0.8
471.2752,1.43,1.43
493.2807,1.56,1.56
409.0929,0.82,0.82
411.145,1.04,1.04
515.0467,0.7,0.7
376.1514,1.28,1.28
439.1035,0.87,0.87
541.1352,0.96,0.96
527.2287,1.24,1.24
573.0886,0.85,0.85
326.2085,1.81,1.81
469.114,0.92,0.92
401.2545,1.81,1.81
381.0252,0.53,0.53
505.3171,1.59,1.59
469.2596,1.36,1.36
328.2242,1.94,1.94
507.2963,1.57,1.57
463.2701,1.54,1.54
384.214,1.72,1.72
319.0459,0.8,0.8
329.197,1.76,1.76
335.1864,1.47,1.47
399.133,1.87,1.87
573.1977,1.17,1.17
388.0674,0.83,0.83
379.046,0.6,0.6
509.2756,1.56,1.56
499.1246,0.96,0.96
497.2181,1.21,1.21
513.1038,0.88,0.88
389.2545,1.9,1.9
557.0937,0.85,0.85
523.2912,1.57,1.57
354.1558,1.47,1.47
398.1933,1.61,1.61
469.2232,1.26,1.26
441.2283,1.31,1.31
457.2596,1.41,1.41
425.2215,2,2
483.0933,0.83,0.83
527.1923,1.14,1.14
483.1661,1.08,1.08
429.0099,0.53,0.53
393.0616,0.67,0.67
483.2388,1.29,1.29
485.3273,1.53,1.53
477.2858,1.56,1.56
453.0463,0.64,0.64
777.2674,1.67,1.67
423.0722,0.73,0.73
489.0311,0.67,0.67
413.0759,1.57,1.57
406.1983,1.45,1.45
406.078,0.94,0.94
376.0674,0.88,0.88
333.1707,1.37,1.37
338.1721,1.56,1.56
356.2555,1.94,1.94
379.0341,1.23,1.23
401.2333,1.42,1.42
465.128,0.79,0.79
408.1776,1.42,1.42
545.0937,0.88,0.88
359.0045,0.5,0.5
455.1348,1,1
549.3069,1.53,1.53
543.2236,1.24,1.24
547.1093,0.96,0.96
441.1555,1.08,1.08
513.0675,0.75,0.75
483.2025,1.19,1.19
453.0827,0.78,0.78
497.0725,0.75,0.75
483.0569,0.7,0.7
483.1297,0.96,0.96
445.2596,1.46,1.46
557.1301,0.96,0.96
485.1454,1.04,1.04
383.2439,1.71,1.71
378.2035,1.53,1.53
390.0831,0.94,0.94
337.202,1.58,1.58
459.0205,0.6,0.6
577.0836,0.88,0.88
375.2177,1.45,1.45
402.9943,0.47,0.47
531.1508,1.08,1.08
429.2494,1.73,1.73
529.0624,0.75,0.75
547.073,0.83,0.83
400.2089,1.72,1.72
457.2443,1.65,1.65
467.265,1.6,1.6
497.1089,0.88,0.88
515.1559,1.08,1.08
485.0361,0.64,0.64
529.1351,1,1
515.1195,0.96,0.96
367.0824,0.8,0.8
519.0416,0.73,0.73
419.265,1.9,1.9
391.2337,1.89,1.89
499.0518,0.7,0.7
395.2439,1.64,1.64
387.2177,1.39,1.39
499.0882,0.83,0.83
404.1827,1.35,1.35
573.125,0.96,0.96
469.1504,1.04,1.04
529.0987,0.88,0.88
543.26,1.33,1.33
469.0413,0.64,0.64
483.2599,1.6,1.6
378.1671,1.39,1.39
561.0886,0.88,0.88
469.1868,1.15,1.15
375.2752,2,2
531.0781,0.83,0.83
441.2494,1.65,1.65
427.2126,1.28,1.28
557.2393,1.27,1.27
371.0045,0.47,0.47
371.2439,1.8,1.8
381.1766,1.88,1.88
439.0671,0.73,0.73
499.2701,1.38,1.38
340.2242,1.82,1.82
441.1281,1.8,1.8
501.1402,1.04,1.04
343.1187,1.05,1.05
433.2443,1.81,1.81
355.0823,0.84,0.84
533.312,1.53,1.53
559.1458,1.04,1.04
397.1293,1,1
419.2439,1.5,1.5
395.0773,0.76,0.76
531.1145,0.96,0.96
557.1665,1.07,1.07
317.1064,1.57,1.57
443.2439,1.38,1.38
535.2913,1.52,1.52
390.1671,1.32,1.32
447.0205,0.63,0.63
469.0776,0.78,0.78
380.1827,1.5,1.5
367.0459,0.63,0.63
533.0937,0.92,0.92
479.265,1.54,1.54
508.1357,2.17,2.17
425.0878,0.82,0.82
503.3014,1.52,1.52
455.0984,0.87,0.87
355.0459,0.67,0.67
431.2439,1.44,1.44
449.2544,1.52,1.52
517.1352,1.04,1.04
413.015,0.53,0.53
515.3014,1.47,1.47
343.046,0.71,0.71
473.0362,0.67,0.67
513.2494,1.31,1.31
411.1085,0.91,0.91
397.0201,0.53,0.53
409.0565,0.67,0.67
503.0467,0.73,0.73
527.1195,0.92,0.92
471.1297,1,1
374.1722,1.32,1.32
529.2807,1.4,1.4
487.3429,1.6,1.6
489.2858,1.5,1.5
517.0624,0.78,0.78
427.0307,0.6,0.6
485.109,0.92,0.92
547.2913,1.47,1.47
361.202,1.43,1.43
351.2177,1.6,1.6
369.0252,0.56,0.56
515.0831,0.83,0.83
443.0256,0.6,0.6
344.2191,1.94,1.94
395.0409,0.6,0.6
485.0726,0.78,0.78
381.0616,0.7,0.7
429.2283,1.36,1.36
371.1018,1.85,1.85
425.0514,0.67,0.67
501.1039,0.92,0.92
519.2963,1.52,1.52
391.143,1.65,1.65
441.0463,0.67,0.67
441.1191,0.96,0.96
545.1289,0.93,0.93
417.01,0.56,0.56
411.0358,0.6,0.6
475.2701,1.48,1.48
499.1951,1.85,1.85
411.2058,2,2
487.1246,1,1
455.062,0.73,0.73
417.2494,1.81,1.81
517.3171,1.53,1.53
531.2964,1.47,1.47
521.2756,1.5,1.5
441.0827,0.82,0.82
505.2807,1.5,1.5
411.2388,1.64,1.64
389.1274,1.21,1.21
501.2858,1.45,1.45
381.2283,1.62,1.62
471.0569,0.73,0.73
485.2545,1.36,1.36
471.0933,0.87,0.87
364.1878,1.5,1.5
457.0412,0.67,0.67
411.0721,0.76,0.76
393.2283,1.55,1.55
819.2779,1.62,1.62
423.2388,1.57,1.57
457.114,0.96,0.96
427.1035,0.91,0.91
357.0252,0.59,0.59
499.2337,1.29,1.29
487.2701,1.43,1.43
327.2177,1.78,1.78
337.1327,1.86,1.86
383.0409,0.63,0.63
473.2545,1.41,1.41
405.2282,1.48,1.48
451.1123,0.74,0.74
392.1827,1.42,1.42
401.015,0.56,0.56
386.9994,0.47,0.47
457.0777,0.82,0.82
515.265,1.38,1.38
461.2544,1.46,1.46
385.0201,0.56,0.56
357.2283,1.79,1.79
342.2398,1.94,1.94
349.2021,1.5,1.5
387.2388,1.8,1.8
427.0671,0.76,0.76
359.2439,1.89,1.89
503.3378,1.6,1.6
411.133,1.75,1.75
385.1174,1.86,1.86
354.2035,1.71,1.71
377.2181,1.89,1.89
375.2388,1.89,1.89
330.2034,1.93,1.93
461.2392,1.73,1.73
495.2964,1.63,1.63
501.3222,1.53,1.53
363.2388,2,2
477.2341,1.73,1.73
329.2333,1.89,1.89
361.2232,1.89,1.89
439.0552,1.33,1.33
347.2439,2,2
345.2283,1.89,1.89
479.3014,1.63,1.63
331.249,2,2
343.0823,0.89,0.89
355.1187,1,1
333.0252,0.67,0.67
365.099,1.12,1.12
309.1344,1.38,1.38
345.1919,1.76,1.76
340.1514,1.53,1.53
317.1606,1.73,1.73
382.162,1.47,1.47
370.1984,1.71,1.71
591.172,1.14,1.14
329.1394,1.16,1.16
354.0831,1.13,1.13
397.1657,1.13,1.13
529.1716,1.11,1.11
455.2075,1.23,1.23
453.2494,1.58,1.58
311.0409,0.92,0.92
345.0252,0.62,0.62
499.2549,1.6,1.6
438.1042,1.11,1.11
573.2341,1.27,1.27
343.1551,1.2,1.2
471.2388,1.33,1.33
311.15,1.5,1.5
419.2286,1.8,1.8
309.0616,1,1
327.1813,1.65,1.65
371.1864,1.27,1.27
392.0987,1.06,1.06
355.2126,1.68,1.68
517.0988,0.92,0.92
331.0823,0.94,0.94
510.1828,1.65,1.65
513.213,1.21,1.21
501.0675,0.78,0.78
593.1512,1.11,1.11
378.0831,1,1
332.1827,1.93,1.93
359.146,1.6,1.6
319.1187,1.18,1.18
340.1878,1.69,1.69
357.1708,1.24,1.24
309.098,1.2,1.2
385.2021,1.3,1.3
383.1137,0.95,0.95
487.0518,0.73,0.73
396.1091,0.9,0.9
455.1711,1.12,1.12
386.1093,1.31,1.31
366.0831,1.06,1.06
408.0572,0.88,0.88
397.0565,0.7,0.7
355.1551,1.14,1.14
413.0514,0.7,0.7
368.0623,1,1
503.265,1.43,1.43
559.1821,1.14,1.14
331.0459,0.75,0.75
595.1305,1.08,1.08
368.1827,1.59,1.59
563.1043,0.96,0.96
370.1144,1.31,1.31
396.0572,0.94,0.94
369.098,0.9,0.9
417.2283,1.42,1.42
519.1145,1,1
503.0831,0.87,0.87
589.1927,1.17,1.17
340.115,1.36,1.36
567.0991,1,1
503.1195,1,1
533.0573,0.78,0.78
383.0773,0.8,0.8
408.0936,1.06,1.06
341.197,1.67,1.67
415.2126,1.33,1.33
459.2388,1.38,1.38
547.1457,1.08,1.08
396.0936,1.12,1.12
369.2283,1.7,1.7
457.2232,1.31,1.31
499.1974,1.19,1.19
354.1671,1.56,1.56
427.1399,1.04,1.04
495.26,1.54,1.54
319.0823,1,1
397.0929,0.86,0.86
431.0256,0.63,0.63
331.1551,1.26,1.26
485.1817,1.15,1.15
369.1344,1.05,1.05
412.1726,1.5,1.5
331.1187,1.11,1.11
477.0311,0.7,0.7
435.2388,1.5,1.5
465.2494,1.52,1.52
579.2811,1.47,1.47
473.2392,1.65,1.65
545.1665,1.11,1.11
486.2204,1.13,1.13
533.1301,1.04,1.04
369.0616,0.74,0.74
359.1864,1.33,1.33
563.1407,1.08,1.08
408.13,1.21,1.21
517.2807,1.45,1.45
529.2443,1.31,1.31
589.2291,1.27,1.27
379.2126,1.52,1.52
380.0624,0.94,0.94
451.0154,0.67,0.67
343.2126,1.78,1.78
545.2757,1.4,1.4
565.0836,0.92,0.92
551.1042,1,1
447.2388,1.44,1.44
471.1661,1.12,1.12
567.2811,1.52,1.52
445.2443,1.73,1.73
393.213,1.89,1.89
347.1864,1.4,1.4
481.026,0.74,0.74
563.2862,1.47,1.47
549.0887,0.92,0.92
443.062,0.76,0.76
441.1919,1.2,1.2
367.2126,1.6,1.6
715.2303,1.57,1.57
410.1093,1.17,1.17
389.015,0.59,0.59
399.2388,1.71,1.71
443.0984,0.91,0.91
507.0416,0.76,0.76
487.0882,0.87,0.87
380.1563,1.8,1.8
382.1144,1.24,1.24
559.2549,1.33,1.33
535.073,0.87,0.87
325.0201,0.77,0.77
551.2862,1.52,1.52
577.1563,1.11,1.11
357.098,0.95,0.95
551.0678,0.87,0.87
412.0885,1.12,1.12
549.125,1.04,1.04
373.2232,1.79,1.79
387.141,1.5,1.5
553.0835,0.96,0.96
373.2021,1.36,1.36
414.1042,1.24,1.24
489.1039,0.96,0.96
491.2134,1.64,1.64
394.078,1,1
567.1356,1.12,1.12
413.0878,0.86,0.86
427.1763,1.17,1.17
414.1882,1.61,1.61
607.2033,1.24,1.24
491.1995,1.14,1.14
569.1148,1.08,1.08
413.1242,1,1
519.078,0.87,0.87
325.1657,1.53,1.53
473.109,0.96,0.96
605.224,1.27,1.27
311.0773,1.14,1.14
368.0987,1.19,1.19
373.0201,0.59,0.59
461.0361,0.7,0.7
508.1784,1.63,1.63
371.0409,0.67,0.67
657.2248,1.62,1.62
491.265,1.48,1.48
537.0522,0.82,0.82
469.2443,1.58,1.58
460.2047,1.14,1.14
315.1449,1.6,1.6
525.2705,1.56,1.56
410.0729,1,1
413.1969,1.25,1.25
309.1707,1.53,1.53
439.0154,0.71,0.71
579.172,1.19,1.19
521.0573,0.82,0.82
458.1891,1.07,1.07
398.1093,1.24,1.24
472.2047,1.1,1.1
473.0726,0.82,0.82
382.078,1.06,1.06
475.0518,0.76,0.76
429.0463,0.7,0.7
323.0409,0.86,0.86
543.2448,1.54,1.54
491.0467,0.76,0.76
537.2705,1.5,1.5
445.0412,0.7,0.7
561.1615,1.11,1.11
385.0565,0.74,0.74
333.1555,1.73,1.73
459.0569,0.76,0.76
485.2181,1.26,1.26
521.0937,0.96,0.96
380.0987,1.12,1.12
555.0991,1.04,1.04
313.0565,1.08,1.08
345.1708,1.3,1.3
429.0827,0.86,0.86
575.177,1.14,1.14
398.0729,1.06,1.06
391.2126,1.45,1.45
415.0307,0.63,0.63
555.1355,1.17,1.17
561.2705,1.4,1.4
403.2337,1.8,1.8
435.0205,0.67,0.67
575.2134,1.24,1.24
427.2337,1.64,1.64
489.0675,0.82,0.82
328.1514,1.64,1.64
321.0616,0.93,0.93
330.1671,1.79,1.79
357.0616,0.78,0.78
459.0933,0.91,0.91
389.2181,1.79,1.79
477.2494,1.46,1.46
541.0836,1,1
457.1504,1.08,1.08
399.0721,0.8,0.8
501.2341,1.58,1.58
384.0937,1.19,1.19
719.2252,1.63,1.63
371.0773,0.84,0.84
569.2604,1.5,1.5
399.0358,0.63,0.63
603.2141,1.74,1.74
595.167,1.19,1.19
501.2494,1.36,1.36
337.0201,0.71,0.71
505.0624,0.82,0.82
529.208,1.21,1.21
481.2443,1.52,1.52
357.1344,1.1,1.1
474.1729,1.53,1.53
533.2756,1.45,1.45
428.1675,1.5,1.5
539.0679,0.91,0.91
405.213,1.79,1.79
439.2337,1.57,1.57
541.2654,1.56,1.56
487.161,1.12,1.12
430.1831,1.61,1.61
575.2498,1.33,1.33
525.0522,0.86,0.86
553.1199,1.08,1.08
485.2392,1.58,1.58
489.2494,1.41,1.41
501.1766,1.15,1.15
505.0988,0.96,0.96
399.1813,1.22,1.22
535.1093,1,1
607.2396,1.33,1.33
354.1307,1.4,1.4
353.197,1.58,1.58
591.2083,1.24,1.24
387.0358,0.67,0.67
577.2654,1.4,1.4
368.1463,1.44,1.44
399.1086,0.95,0.95
745.2047,1.5,1.5
385.0929,0.9,0.9
531.26,1.38,1.38
527.2498,1.54,1.54
591.2447,1.33,1.33
345.0616,0.82,0.82
443.2075,1.28,1.28
384.1777,1.59,1.59
491.1406,1.4,1.4
553.2654,1.5,1.5
327.0358,0.92,0.92
445.2232,1.36,1.36
321.1344,1.29,1.29
443.1348,1.04,1.04
551.1406,1.12,1.12
511.2548,1.54,1.54
369.01,0.71,0.71
577.1927,1.21,1.21
473.1454,1.08,1.08
537.0886,0.96,0.96
323.15,1.41,1.41
515.1923,1.19,1.19
707.2253,1.69,1.69
565.1563,1.15,1.15
492.1835,1.63,1.63
339.1813,1.56,1.56
342.1671,1.67,1.67
344.1463,1.64,1.64
405.0099,0.59,0.59
475.0882,0.91,0.91
371.1136,1,1
581.2604,1.45,1.45
413.1606,1.13,1.13
345.1304,1.57,1.57
515.2287,1.29,1.29
361.0201,0.62,0.62
311.1136,1.33,1.33
418.104,2.2,2.2
415.2337,1.71,1.71
429.1191,1,1
451.2337,1.5,1.5
505.1199,1.3,1.3
395.1922,1.88,1.88
608.2308,1.62,1.62
537.125,1.08,1.08
372.214,1.82,1.82
471.2024,1.23,1.23
517.1715,1.15,1.15
333.0616,0.88,0.88
523.0729,0.91,0.91
443.2286,1.64,1.64
345.098,1,1
563.1771,1.19,1.19
356.1827,1.69,1.69
593.1876,1.21,1.21
447.2236,1.71,1.71
349.0201,0.67,0.67
475.2185,1.64,1.64
397.2232,1.62,1.62
559.2185,1.24,1.24
331.1762,1.75,1.75
445.0776,0.86,0.86
539.1043,1.04,1.04
529.1199,1.18,1.18
519.1508,1.12,1.12
455.2287,1.57,1.57
593.2604,1.4,1.4
489.1403,1.08,1.08
359.0409,0.71,0.71
315.1086,1.43,1.43
491.0831,0.91,0.91
507.2599,1.48,1.48
421.2232,1.48,1.48
459.2236,1.64,1.64
409.0446,1.29,1.29
333.098,1.06,1.06
321.098,1.12,1.12
417.1072,1.86,1.86
549.1614,1.15,1.15
507.078,0.91,0.91
595.2033,1.29,1.29
359.0773,0.89,0.89
361.1868,1.76,1.76
386.1933,1.71,1.71
393.01,0.62,0.62
409.2232,1.55,1.55
315.0722,1.23,1.23
433.194,1.15,1.15
513.0522,0.9,0.9
385.1293,1.05,1.05
495.0417,0.8,0.8
535.1458,1.12,1.12
543.0993,1.09,1.09
457.1868,1.2,1.2
581.1877,1.26,1.26
385.2232,1.7,1.7
501.213,1.26,1.26
401.197,1.3,1.3
479.2134,1.71,1.71
557.224,1.46,1.46
567.172,1.23,1.23
399.1449,1.09,1.09
347.0409,0.75,0.75
545.2029,1.21,1.21
521.1301,1.08,1.08
313.0929,1.29,1.29
359.2075,1.78,1.78
371.15,1.14,1.14
313.1293,1.47,1.47
335.0408,0.8,0.8
519.2599,1.43,1.43
533.1665,1.15,1.15
398.1569,1.47,1.47
503.1559,1.12,1.12
433.2232,1.42,1.42
513.2342,1.52,1.52
527.0678,0.95,0.95
583.2032,1.33,1.33
465.0311,0.74,0.74
549.2705,1.45,1.45
403.2126,1.39,1.39
573.2036,1.73,1.73
487.2337,1.33,1.33
415.1034,0.95,0.95
402.1882,1.71,1.71
346.162,1.79,1.79
515.0679,1,1
735.2202,1.63,1.63
561.1978,1.21,1.21
489.1977,1.55,1.55
545.2393,1.31,1.31
433.2079,1.7,1.7
457.194,1.07,1.07
445.114,1,1
593.224,1.31,1.31
553.1563,1.2,1.2
497.2392,1.52,1.52
565.2654,1.45,1.45
531.2236,1.29,1.29
337.1656,1.44,1.44
523.1093,1.04,1.04
403.0307,0.67,0.67
433.1021,1.86,1.86
539.1407,1.17,1.17
547.1821,1.19,1.19
429.1919,1.25,1.25
414.1518,1.47,1.47
415.0671,0.8,0.8
401.0514,0.74,0.74
459.1297,1.04,1.04
419.0256,0.67,0.67
333.1344,1.22,1.22
515.2134,1.5,1.5
345.1344,1.16,1.16
463.2337,1.44,1.44
342.1307,1.5,1.5
443.1711,1.17,1.17
463.2185,1.71,1.71
493.1563,1.5,1.5
505.1352,1.08,1.08
381.01,0.67,0.67
333.1191,1.57,1.57
377.0151,0.62,0.62
385.1657,1.18,1.18
423.1871,1.78,1.78
523.1669,1.52,1.52
493.2443,1.46,1.46
541.1199,1.13,1.13
531.1872,1.19,1.19
323.0772,1.07,1.07
347.1711,1.75,1.75
489.0886,1.16,1.16
455.1769,1.78,1.78
483.0417,0.84,0.84
461.0725,0.86,0.86
581.224,1.36,1.36
475.1246,1.04,1.04
431.062,0.8,0.8
351.1813,1.47,1.47
585.2037,1.65,1.65
525.0886,1,1
509.0573,0.86,0.86
364.1249,1.64,1.64
358.1256,1.5,1.5
555.1719,1.28,1.28
473.2181,1.31,1.31
477.1977,1.62,1.62
347.0773,0.94,0.94
389.197,1.36,1.36
325.0565,1,1
541.1563,1.25,1.25
373.0565,0.78,0.78
487.2185,1.57,1.57
539.2498,1.48,1.48
671.2041,1.54,1.54
525.1249,1.13,1.13
377.197,1.43,1.43
391.1974,1.78,1.78
517.2443,1.36,1.36
433.0413,0.74,0.74
335.15,1.33,1.33
579.2084,1.29,1.29
535.2549,1.43,1.43
577.2291,1.31,1.31
507.1144,1.04,1.04
461.1089,1,1
417.0463,0.74,0.74
393.1766,1.76,1.76
527.1043,1.09,1.09
579.2448,1.38,1.38
384.1413,1.44,1.44
515.1042,1.14,1.14
541.2291,1.46,1.46
445.194,1.11,1.11
423.0205,0.71,0.71
491.1195,1.04,1.04
503.177,1.45,1.45
429.1627,1,1
443.1784,1.04,1.04
463.0518,0.8,0.8
523.2549,1.48,1.48
547.2549,1.38,1.38
515.1407,1.27,1.27
477.0675,0.86,0.86
473.1889,1.07,1.07
335.0772,1,1
477.1039,1,1
377.1817,1.76,1.76
509.0937,1,1
493.0624,0.86,0.86
353.015,0.71,0.71
471.0416,0.89,0.89
561.2341,1.31,1.31
467.177,1.68,1.68
555.2447,1.48,1.48
365.015,0.67,0.67
387.0722,0.84,0.84
449.0361,0.74,0.74
475.2337,1.38,1.38
447.0569,0.8,0.8
401.0878,0.9,0.9
471.2236,1.57,1.57
479.0467,0.8,0.8
487.1973,1.23,1.23
497.0573,0.9,0.9
547.2185,1.29,1.29
567.2448,1.43,1.43
431.0984,0.95,0.95
441.0311,0.82,0.82
360.1413,1.64,1.64
477.125,1.37,1.37
489.125,1.3,1.3
416.1675,1.59,1.59
509.2392,1.46,1.46
375.2024,1.78,1.78
453.0311,0.78,0.78
431.2075,1.33,1.33
541.1927,1.36,1.36
495.078,0.95,0.95
467.2286,1.5,1.5
323.1136,1.25,1.25
343.1762,1.65,1.65
373.0929,0.95,0.95
503.2286,1.33,1.33
665.2147,1.75,1.75
513.0886,1.05,1.05
689.2147,1.62,1.62
499.0729,1,1
359.1136,1.05,1.05
370.1256,1.4,1.4
473.1817,1.2,1.2
493.0987,1,1
461.2181,1.36,1.36
505.2443,1.41,1.41
565.1927,1.26,1.26
499.2185,1.5,1.5
511.073,0.95,0.95
429.1555,1.13,1.13
563.2498,1.38,1.38
419.1922,1.68,1.68
501.1977,1.48,1.48
375.0358,0.71,0.71
365.197,1.5,1.5
415.1762,1.22,1.22
459.2025,1.28,1.28
329.0514,1.08,1.08
415.1398,1.09,1.09
543.1931,1.71,1.71
359.15,1.2,1.2
463.0882,0.95,0.95
551.177,1.23,1.23
465.1614,1.58,1.58
447.0933,0.95,0.95
493.1199,1.37,1.37
501.125,1.24,1.24
347.1136,1.11,1.11
419.2075,1.39,1.39
371.2075,1.68,1.68
417.0827,0.9,0.9
555.2083,1.38,1.38
399.0205,0.8,0.8
523.1458,1.17,1.17
509.13,1.13,1.13
407.1923,1.78,1.78
527.1406,1.22,1.22
444.1181,1.8,1.8
425.2181,1.55,1.55
339.0358,0.86,0.86
360.1776,1.8,1.8
517.2079,1.26,1.26
387.1813,1.27,1.27
465.3044,1.7,1.7
511.1094,1.09,1.09
401.1242,1.05,1.05
400.1725,1.59,1.59
551.2498,1.43,1.43
431.1784,1.07,1.07
459.1661,1.17,1.17
361.0565,0.82,0.82
521.2392,1.41,1.41
475.1093,1.26,1.26
525.2342,1.46,1.46
563.2134,1.29,1.29
527.2134,1.44,1.44
487.073,1.05,1.05
479.0831,0.95,0.95
503.1923,1.23,1.23
677.2146,1.68,1.68
513.125,1.18,1.18
387.1085,1,1
437.1664,1.67,1.67
483.2236,1.5,1.5
501.1613,1.36,1.36
401.2181,1.7,1.7
347.15,1.26,1.26
411.0205,0.75,0.75
533.2393,1.36,1.36
331.0671,1.23,1.23
537.1615,1.2,1.2
485.0573,0.95,0.95
413.2181,1.62,1.62
383.2075,1.6,1.6
345.0464,1.08,1.08
363.1661,1.75,1.75
349.0565,0.88,0.88
433.0776,0.9,0.9
449.2181,1.42,1.42
489.213,1.31,1.31
344.1827,1.8,1.8
437.2181,1.48,1.48
549.1978,1.26,1.26
395.2075,1.52,1.52
337.0565,0.93,0.93
335.1136,1.18,1.18
565.2291,1.36,1.36
479.2287,1.44,1.44
553.1927,1.31,1.31
475.1457,1.4,1.4
535.1821,1.23,1.23
349.1657,1.37,1.37
495.1719,1.6,1.6
337.114,1.69,1.69
473.2028,1.55,1.55
499.1093,1.14,1.14
513.1978,1.42,1.42
533.2029,1.26,1.26
373.1657,1.24,1.24
461.0937,1.22,1.22
331.1398,1.6,1.6
358.162,1.67,1.67
673.2198,1.62,1.62
461.2028,1.62,1.62
511.2185,1.44,1.44
549.2342,1.36,1.36
513.1614,1.3,1.3
467.0467,0.84,0.84
615.2142,1.67,1.67
329.1606,1.62,1.62
331.1035,1.43,1.43
567.2084,1.33,1.33
491.2286,1.38,1.38
479.1406,1.47,1.47
325.0929,1.2,1.2
495.2236,1.44,1.44
521.1664,1.2,1.2
389.0514,0.78,0.78
327.0721,1.14,1.14
559.188,1.71,1.71
527.177,1.33,1.33
371.0256,0.86,0.86
357.1919,1.67,1.67
407.2075,1.45,1.45
445.1504,1.13,1.13
453.213,1.48,1.48
489.1766,1.2,1.2
386.1569,1.56,1.56
487.1094,1.2,1.2
539.177,1.28,1.28
351.1297,1.71,1.71
519.1872,1.23,1.23
407.0256,0.71,0.71
495.1144,1.09,1.09
505.1715,1.2,1.2
445.1868,1.25,1.25
325.1293,1.38,1.38
481.0624,0.9,0.9
449.0725,0.9,0.9
403.0916,1.85,1.85
283.2643,2,2
447.1872,1.6,1.6
372.1412,1.53,1.53
388.1726,1.69,1.69
327.1449,1.5,1.5
539.2134,1.38,1.38
441.213,1.55,1.55
365.1453,1.73,1.73
613.1986,1.58,1.58
361.1657,1.3,1.3
356.1463,1.53,1.53
485.2028,1.48,1.48
497.0937,1.05,1.05
429.213,1.62,1.62
373.1293,1.1,1.1
421.1715,1.67,1.67
363.0358,0.75,0.75
391.0307,0.71,0.71
507.1508,1.17,1.17
370.162,1.56,1.56
445.2079,1.62,1.62
417.213,1.7,1.7
553.2291,1.41,1.41
487.1821,1.45,1.45
537.2341,1.41,1.41
387.145,1.14,1.14
525.1614,1.25,1.25
403.0671,0.84,0.84
507.2236,1.38,1.38
487.1457,1.33,1.33
481.0988,1.05,1.05
491.1559,1.17,1.17
363.1813,1.4,1.4
461.1301,1.37,1.37
417.1919,1.3,1.3
388.1362,1.53,1.53
437.0361,0.78,0.78
465.0674,0.9,0.9
375.1813,1.33,1.33
431.1348,1.09,1.09
493.1352,1.13,1.13
419.062,0.84,0.84
475.161,1.17,1.17
347.1348,1.6,1.6
441.1613,1.76,1.76
519.2235,1.33,1.33
457.2079,1.55,1.55
509.1512,1.5,1.5
395.1559,1.75,1.75
451.0518,0.84,0.84
511.1457,1.22,1.22
461.1664,1.5,1.5
355.0307,0.86,0.86
417.1191,1.05,1.05
447.1508,1.47,1.47
461.1453,1.13,1.13
389.0878,0.95,0.95
401.1606,1.18,1.18
421.0413,0.78,0.78
485.1875,1.79,1.79
447.2024,1.33,1.33
455.0467,0.89,0.89
358.1984,1.81,1.81
475.1821,1.52,1.52
347.0984,1.43,1.43
443.0467,0.94,0.94
329.0878,1.29,1.29
475.1974,1.28,1.28
361.0929,1,1
337.0929,1.12,1.12
497.2029,1.42,1.42
535.2185,1.33,1.33
449.1089,1.05,1.05
351.0358,0.8,0.8
477.213,1.36,1.36
485.0937,1.1,1.1
551.2134,1.33,1.33
479.1195,1.09,1.09
435.0569,0.84,0.84
405.0463,0.78,0.78
463.1093,1.33,1.33
431.1711,1.22,1.22
601.1985,1.65,1.65
349.0929,1.06,1.06
449.0937,1.29,1.29
483.078,1,1
341.1606,1.53,1.53
463.1246,1.09,1.09
411.1508,1.75,1.75
473.0937,1.16,1.16
497.13,1.18,1.18
375.0722,0.89,0.89
469.2079,1.48,1.48
525.1978,1.36,1.36
499.1458,1.27,1.27
477.1403,1.13,1.13
402.1518,1.56,1.56
329.1242,1.47,1.47
521.2028,1.31,1.31
423.1508,1.65,1.65
627.1779,1.5,1.5
445.0624,1.06,1.06
537.1978,1.31,1.31
447.1296,1.09,1.09
459.078,1.11,1.11
403.1034,1,1
435.1508,1.56,1.56
433.114,1.05,1.05
465.213,1.42,1.42
659.2041,1.6,1.6
469.0624,0.95,0.95
523.1821,1.28,1.28
499.1821,1.39,1.39
523.2185,1.38,1.38
379.161,1.75,1.75
341.0514,1,1
435.2024,1.39,1.39
449.1301,1.44,1.44
505.2079,1.31,1.31
571.188,1.64,1.64
374.1569,1.67,1.67
473.1301,1.3,1.3
369.1919,1.58,1.58
479.1042,1.33,1.33
465.1039,1.05,1.05
599.1829,1.57,1.57
407.1558,1.65,1.65
391.161,1.65,1.65
419.0831,1.25,1.25
372.1776,1.69,1.69
339.0722,1.07,1.07
459.1872,1.52,1.52
467.0831,1,1
419.0984,1,1
509.1664,1.25,1.25
481.2079,1.42,1.42
363.1297,1.6,1.6
435.0933,1,1
323.0984,1.67,1.67
383.0256,0.8,0.8
433.1351,1.44,1.44
433.0988,1.29,1.29
485.1301,1.24,1.24
401.0362,0.93,0.93
511.1821,1.33,1.33
451.0882,1,1
493.2079,1.36,1.36
381.1402,1.73,1.73
423.2024,1.45,1.45
339.1449,1.41,1.41
459.1144,1.26,1.26
337.1293,1.29,1.29
509.2028,1.36,1.36
491.1923,1.28,1.28
425.0362,0.82,0.82
483.1144,1.14,1.14
471.078,1.05,1.05
457.0624,1,1
431.1923,1.6,1.6
583.188,1.57,1.57
453.1613,1.67,1.67
511.1668,1.6,1.6
377.0514,0.82,0.82
361.1293,1.16,1.16
355.1762,1.56,1.56
405.1919,1.36,1.36
327.1085,1.33,1.33
403.1973,1.68,1.68
513.1825,1.7,1.7
395.0256,0.75,0.75
461.1817,1.25,1.25
403.1762,1.27,1.27
345.1555,1.62,1.62
447.1144,1.33,1.33
427.1457,1.75,1.75
463.1973,1.33,1.33
379.0307,0.75,0.75
405.1766,1.67,1.67
345.0827,1.29,1.29
495.1508,1.22,1.22
473.1665,1.43,1.43
363.0722,0.94,0.94
507.1872,1.28,1.28
411.2024,1.52,1.52
419.1559,1.56,1.56
471.1872,1.45,1.45
421.0776,0.95,0.95
497.1664,1.3,1.3
437.0725,0.95,0.95
403.0518,1.07,1.07
351.0722,1,1
495.1355,1.47,1.47
631.2092,1.67,1.67
453.0675,0.95,0.95
375.0569,1.14,1.14
393.1919,1.43,1.43
413.0362,0.88,0.88
439.0518,0.89,0.89
485.1665,1.36,1.36
471.1144,1.2,1.2
391.0671,0.89,0.89
349.1293,1.22,1.22
375.1086,1.05,1.05
469.0988,1.1,1.1
495.1872,1.33,1.33
459.1508,1.4,1.4
417.1555,1.18,1.18
493.1716,1.25,1.25
381.1919,1.5,1.5
373.0413,1,1
457.0987,1.16,1.16
447.1661,1.22,1.22
433.1868,1.3,1.3
389.1242,1.1,1.1
445.0988,1.22,1.22
399.2024,1.6,1.6
405.0827,0.95,0.95
439.1973,1.45,1.45
421.1351,1.53,1.53
359.1712,1.65,1.65
529.1775,1.7,1.7
477.1766,1.25,1.25
419.1195,1.41,1.41
629.1936,1.58,1.58
343.0671,1.14,1.14
445.1352,1.37,1.37
415.1974,1.6,1.6
481.1563,1.58,1.58
483.172,1.68,1.68
431.0831,1.18,1.18
357.0463,1,1
483.1872,1.39,1.39
481.1352,1.18,1.18
345.1191,1.47,1.47
361.0776,1.29,1.29
451.1973,1.39,1.39
367.0307,0.8,0.8
353.0514,0.93,0.93
389.1606,1.24,1.24
341.1089,1.83,1.83
321.0827,1.5,1.5
457.1562,1.76,1.76
365.0514,0.88,0.88
569.1723,1.55,1.55
443.1923,1.52,1.52
367.1762,1.47,1.47
389.1817,1.67,1.67
617.1935,1.65,1.65
393.1402,1.62,1.62
435.1144,1.41,1.41
341.0878,1.2,1.2
587.1829,1.64,1.64
455.0831,1.05,1.05
467.1923,1.39,1.39
339.1085,1.25,1.25
379.1246,1.6,1.6
479.1923,1.33,1.33
483.1508,1.27,1.27
377.0878,1,1
557.1723,1.62,1.62
405.1402,1.53,1.53
471.1508,1.33,1.33
353.1606,1.44,1.44
467.1195,1.14,1.14
427.1974,1.52,1.52
375.145,1.2,1.2
403.1399,1.14,1.14
361.114,1.47,1.47
417.1766,1.58,1.58
479.1559,1.22,1.22
445.1715,1.5,1.5
417.0675,1.12,1.12
463.161,1.22,1.22
455.1923,1.45,1.45
423.0569,0.89,0.89
409.0412,0.82,0.82
377.109,1.47,1.47
375.1661,1.65,1.65
471.1719,1.78,1.78
433.1504,1.18,1.18
453.1038,1.1,1.1
441.0675,1,1
351.1449,1.33,1.33
407.062,0.89,0.89
427.0518,0.94,0.94
393.0463,0.82,0.82
391.1762,1.33,1.33
443.0831,1.11,1.11
431.1195,1.33,1.33
449.1817,1.3,1.3
481.1715,1.3,1.3
377.1453,1.62,1.62
421.0988,1.38,1.38
343.1035,1.33,1.33
503.1617,1.78,1.78
391.1035,1.05,1.05
431.1559,1.47,1.47
385.1868,1.58,1.58
449.1453,1.18,1.18
469.1351,1.24,1.24
663.199,1.67,1.67
421.1868,1.36,1.36
363.1086,1.11,1.11
391.1246,1.5,1.5
647.2041,1.67,1.67
341.1242,1.38,1.38
419.1712,1.27,1.27
415.0518,1,1
457.1715,1.43,1.43
359.062,1.14,1.14
429.0674,1.06,1.06
439.0882,1.05,1.05
343.1399,1.5,1.5
379.0671,0.94,0.94
417.1039,1.29,1.29
385.0413,0.93,0.93
363.1449,1.26,1.26
389.0726,1.2,1.2
351.1086,1.18,1.18
465.1402,1.18,1.18
469.1715,1.36,1.36
391.0882,1.33,1.33
451.1246,1.14,1.14
437.1089,1.1,1.1
615.1778,1.57,1.57
457.1352,1.3,1.3
455.1195,1.2,1.2
379.1762,1.4,1.4
409.1351,1.62,1.62
419.1348,1.14,1.14
353.1089,1.69,1.69
361.1504,1.62,1.62
465.1766,1.3,1.3
365.1089,1.57,1.57
585.1673,1.55,1.55
365.1606,1.37,1.37
423.0933,1.05,1.05
409.1868,1.43,1.43
443.1195,1.26,1.26
353.0878,1.12,1.12
389.1453,1.53,1.53
643.1728,1.5,1.5
437.1817,1.36,1.36
351.0569,1.33,1.33
633.1885,1.65,1.65
407.1195,1.5,1.5
437.13,1.53,1.53
421.114,1.1,1.1
359.0984,1.33,1.33
435.1297,1.14,1.14
397.0413,0.88,0.88
381.0464,0.88,0.88
425.0726,1,1
389.1089,1.38,1.38
397.1351,1.73,1.73
393.0827,1,1
365.0878,1.06,1.06
467.1559,1.27,1.27
355.0671,1.07,1.07
465.125,1.44,1.44
417.1402,1.44,1.44
439.1457,1.65,1.65
403.161,1.56,1.56
429.1766,1.5,1.5
405.1191,1.1,1.1
363.0933,1.43,1.43
375.0933,1.33,1.33
453.1766,1.36,1.36
441.1038,1.16,1.16
403.1246,1.41,1.41
443.1559,1.4,1.4
525.1461,1.5,1.5
367.1246,1.71,1.71
357.1555,1.53,1.53
377.1606,1.3,1.3
441.1766,1.43,1.43
405.1515,1.62,1.62
387.0569,1.07,1.07
573.1673,1.62,1.62
403.0882,1.25,1.25
357.0827,1.2,1.2
429.1038,1.22,1.22
499.1668,1.68,1.68
407.0984,1.05,1.05
401.1817,1.58,1.58
409.0776,1,1
497.1512,1.58,1.58
435.1661,1.27,1.27
369.0675,1.5,1.5
367.0671,1,1
369.0463,0.93,0.93
411.0569,0.94,0.94
511.1305,1.47,1.47
425.1817,1.43,1.43
451.1609,1.27,1.27
397.1868,1.5,1.5
413.1301,1.73,1.73
545.1724,1.7,1.7
455.1559,1.33,1.33
377.1242,1.16,1.16
453.1402,1.24,1.24
589.1622,1.62,1.62
659.1677,1.5,1.5
353.1242,1.29,1.29
395.062,0.94,0.94
427.0882,1.11,1.11
405.1555,1.24,1.24
355.1399,1.41,1.41
371.1712,1.56,1.56
429.1402,1.37,1.37
359.1348,1.5,1.5
645.1885,1.58,1.58
375.1297,1.5,1.5
415.0882,1.18,1.18
541.1774,1.62,1.62
387.1661,1.56,1.56
631.1728,1.57,1.57
373.0777,1.2,1.2
677.1782,1.58,1.58
679.1939,1.67,1.67
379.1035,1.11,1.11
413.1817,1.5,1.5
383.1712,1.47,1.47
373.1504,1.53,1.53
391.1399,1.2,1.2
355.1035,1.25,1.25
365.0726,1.38,1.38
405.1038,1.38,1.38
439.1246,1.2,1.2
541.1411,1.5,1.5
371.062,1.07,1.07
441.1402,1.3,1.3
407.1711,1.33,1.33
413.0725,1.06,1.06
401.0725,1.12,1.12
357.1191,1.38,1.38
415.161,1.47,1.47
381.0827,1.06,1.06
399.0569,1,1
415.1246,1.33,1.33
515.1618,1.68,1.68
365.1242,1.22,1.22
425.1089,1.16,1.16
439.161,1.33,1.33
481.1199,1.44,1.44
383.062,1,1
387.0933,1.25,1.25
527.1617,1.6,1.6
387.1297,1.41,1.41
437.1453,1.24,1.24
601.1622,1.55,1.55
423.166,1.33,1.33
469.1563,1.67,1.67
561.1673,1.7,1.7
421.1504,1.24,1.24
401.1089,1.29,1.29
425.1301,1.62,1.62
603.1778,1.64,1.64
427.1246,1.26,1.26
393.1038,1.47,1.47
385.0776,1.12,1.12
373.114,1.38,1.38
423.1297,1.2,1.2
427.161,1.4,1.4
411.0933,1.11,1.11
367.1035,1.18,1.18
369.1555,1.44,1.44
397.0776,1.06,1.06
395.1711,1.4,1.4
401.1453,1.44,1.44
369.0827,1.12,1.12
395.0984,1.11,1.11
393.1191,1.16,1.16
467.1406,1.56,1.56
381.1555,1.37,1.37
371.0984,1.25,1.25
661.1833,1.58,1.58
413.1089,1.22,1.22
379.1399,1.26,1.26
371.1348,1.41,1.41
407.1347,1.2,1.2
385.1504,1.44,1.44
367.1398,1.33,1.33
399.166,1.47,1.47
393.1555,1.3,1.3
409.114,1.16,1.16
413.1453,1.37,1.37
383.0984,1.18,1.18
425.1453,1.3,1.3
399.0933,1.18,1.18
411.166,1.4,1.4
385.114,1.29,1.29
381.1191,1.22,1.22
395.1195,1.6,1.6
369.1191,1.29,1.29
409.1504,1.3,1.3
383.1348,1.33,1.33
543.1567,1.6,1.6
423.1144,1.5,1.5
513.1461,1.58,1.58
411.1297,1.26,1.26
397.114,1.22,1.22
399.1297,1.33,1.33
397.1504,1.37,1.37
439.1093,1.5,1.5
339.0933,1.67,1.67
395.1348,1.26,1.26
409.0988,1.47,1.47
455.1406,1.65,1.65
529.141,1.58,1.58
441.125,1.62,1.62
497.1148,1.44,1.44
559.1516,1.6,1.6
383.1195,1.71,1.71
453.125,1.53,1.53
485.1512,1.67,1.67
429.125,1.73,1.73
519.1567,1.78,1.78
483.1356,1.56,1.56
411.1144,1.6,1.6
469.1199,1.53,1.53
381.1039,1.57,1.57
355.0882,1.67,1.67
397.0988,1.57,1.57
427.1093,1.6,1.6
515.1254,1.56,1.56
501.1461,1.67,1.67
499.1305,1.56,1.56
471.1355,1.65,1.65
517.141,1.67,1.67
