Mass,C,H,O,N,S,P,Na
255.233,16,32,2,0,0,0,0
281.1395,15,22,5,0,0,0,0
281.2486,18,34,2,0,0,0,0
283.1551,15,24,5,0,0,0,0
285.1344,14,22,6,0,0,0,0
287.2228,16,32,4,0,0,0,0
293.1758,17,26,4,0,0,0,0
293.1792,14,30,4,0,1,0,0
295.1187,15,20,6,0,0,0,0
295.1551,16,24,5,0,0,0,0
297.0827,10,18,10,0,0,0,0
297.098,14,18,7,0,0,0,0
297.1344,15,22,6,0,0,0,0
297.1708,16,26,5,0,0,0,0
297.2435,18,34,3,0,0,0,0
298.1408,13,21,5,3,0,0,0
299.0772,13,16,8,0,0,0,0
299.1137,14,20,7,0,0,0,0
299.15,15,24,6,0,0,0,0
299.1864,16,28,5,0,0,0,0
299.2016,20,28,2,0,0,0,0
301.1293,14,22,7,0,0,0,0
301.1656,15,26,6,0,0,0,0
301.202,16,30,5,0,0,0,0
303.1086,13,20,8,0,0,0,0
303.1449,14,24,7,0,0,0,0
303.1813,15,28,6,0,0,0,0
303.2177,16,32,5,0,0,0,0
305.1395,17,22,5,0,0,0,0
305.1606,14,26,7,0,0,0,0
305.1758,18,26,4,0,0,0,0
307.1187,16,20,6,0,0,0,0
307.1398,13,24,8,0,0,0,0
307.1551,17,24,5,0,0,0,0
307.1949,15,32,4,0,1,0,0
311.1864,17,28,5,0,0,0,0
311.2228,18,32,4,0,0,0,0
311.2955,20,40,2,0,0,0,0
313.1769,15,26,5,2,0,0,0
313.1809,20,26,3,0,0,0,0
313.2021,17,30,5,0,0,0,0
313.2384,18,34,4,0,0,0,0
314.1358,13,21,6,3,0,0,0
315.1238,18,20,5,0,0,0,0
315.1966,20,28,3,0,0,0,0
315.2177,17,32,5,0,0,0,0
315.2541,18,36,4,0,0,0,0
316.1514,13,23,6,3,0,0,0
317.1759,19,26,4,0,0,0,0
319.0857,13,20,7,0,1,0,0
319.1762,15,28,7,0,0,0,0
319.1915,19,28,4,0,0,0,0
319.2126,16,32,6,0,0,0,0
321.1191,13,22,9,0,0,0,0
321.1555,14,26,8,0,0,0,0
321.2071,19,30,4,0,0,0,0
321.2105,16,34,4,0,1,0,0
322.1408,15,21,5,3,0,0,0
323.117,13,24,7,0,1,0,0
323.1534,14,28,6,0,1,0,0
324.1565,15,23,5,3,0,0,0
325.0963,12,22,8,0,1,0,0
325.1479,17,26,4,0,1,0,0
325.1691,14,30,6,0,1,0,0
326.1357,14,21,6,3,0,0,0
327.1238,19,20,5,0,0,0,0
327.1562,15,24,6,2,0,0,0
327.1601,20,24,4,0,0,0,0
327.1925,16,28,5,2,0,0,0
329.1718,15,26,6,2,0,0,0
332.1252,16,19,5,3,0,0,0
333.2071,20,30,4,0,0,0,0
333.2283,17,34,6,0,0,0,0
335.117,14,24,7,0,1,0,0
335.1898,16,32,5,0,1,0,0
335.2075,16,32,7,0,0,0,0
335.2228,20,32,4,0,0,0,0
336.1565,16,23,5,3,0,0,0
337.0963,13,22,8,0,1,0,0
337.1504,14,26,9,0,0,0,0
337.169,15,30,6,0,1,0,0
337.2385,20,34,4,0,0,0,0
338.1092,12,21,10,1,0,0,0
338.1357,15,21,6,3,0,0,0
339.1119,13,24,8,0,1,0,0
339.1483,14,28,7,0,1,0,0
339.1636,18,28,4,0,1,0,0
339.1661,14,28,9,0,0,0,0
339.1847,15,32,6,0,1,0,0
339.2541,20,36,4,0,0,0,0
341.1276,13,26,8,0,1,0,0
341.1354,15,22,7,2,0,0,0
341.176,21,26,4,0,0,0,0
341.2334,19,34,5,0,0,0,0
341.2697,20,38,4,0,0,0,0
342.2035,16,29,5,3,0,0,0
343.1585,17,28,5,0,1,0,0
343.1915,21,28,4,0,0,0,0
343.249,19,36,5,0,0,0,0
345.1093,17,18,6,2,0,0,0
346.1984,15,29,6,3,0,0,0
347.117,15,24,7,0,1,0,0
347.146,14,24,8,2,0,0,0
347.2228,21,32,4,0,0,0,0
348.1201,16,19,6,3,0,0,0
348.13,14,23,9,1,0,0,0
348.1565,17,23,5,3,0,0,0
348.1929,18,27,4,3,0,0,0
349.0413,12,14,12,0,0,0,0
349.0963,14,22,8,0,1,0,0
349.2054,17,34,5,0,1,0,0
351.112,14,24,8,0,1,0,0
351.1483,15,28,7,0,1,0,0
351.1661,15,28,9,0,0,0,0
351.1847,16,32,6,0,1,0,0
351.2025,16,32,8,0,0,0,0
352.125,13,23,10,1,0,0,0
352.1879,17,27,5,3,0,0,0
353.0912,13,22,9,0,1,0,0
353.1276,14,26,8,0,1,0,0
353.164,15,30,7,0,1,0,0
353.2334,20,34,5,0,0,0,0
355.1068,13,24,9,0,1,0,0
355.1433,14,28,8,0,1,0,0
355.1511,16,24,7,2,0,0,0
355.1585,18,28,5,0,1,0,0
355.1949,19,32,4,0,1,0,0
355.249,20,36,5,0,0,0,0
356.2191,17,31,5,3,0,0,0
357.0861,12,22,10,0,1,0,0
357.1377,17,26,6,0,1,0,0
357.1741,18,30,5,0,1,0,0
357.2071,22,30,4,0,0,0,0
357.2647,20,38,5,0,0,0,0
358.1062,15,22,7,1,0,1,0
358.2348,17,33,5,3,0,0,0
359.1534,17,28,6,0,1,0,0
359.1824,16,28,7,2,0,0,0
359.2228,22,32,4,0,0,0,0
360.1929,19,27,4,3,0,0,0
360.214,16,31,6,3,0,0,0
361.0963,15,22,8,0,1,0,0
361.1617,15,26,8,2,0,0,0
361.2384,22,34,4,0,0,0,0
361.2596,19,38,6,0,0,0,0
362.1457,15,25,9,1,0,0,0
362.1722,18,25,5,3,0,0,0
362.2086,19,29,4,3,0,0,0
363.1119,15,24,8,0,1,0,0
364.1548,14,27,6,3,1,0,0
365.0912,14,22,9,0,1,0,0
365.1276,15,26,8,0,1,0,0
365.164,16,30,7,0,1,0,0
365.2334,21,34,5,0,0,0,0
366.0986,13,25,3,3,3,0,0
367.1069,14,24,9,0,1,0,0
367.1432,15,28,8,0,1,0,0
367.1796,16,32,7,0,1,0,0
367.249,21,36,5,0,0,0,0
367.2854,22,40,4,0,0,0,0
368.0961,20,19,4,1,1,0,0
369.0861,13,22,10,0,1,0,0
369.1225,14,26,9,0,1,0,0
369.1304,16,22,8,2,0,0,0
369.1589,15,30,8,0,1,0,0
369.1742,19,30,5,0,1,0,0
369.2072,23,30,4,0,0,0,0
369.2647,21,38,5,0,0,0,0
370.2347,18,33,5,3,0,0,0
371.0654,12,20,11,0,1,0,0
371.1534,18,28,6,0,1,0,0
371.1824,17,28,7,2,0,0,0
371.1898,19,32,5,0,1,0,0
372.1712,14,33,6,1,0,2,0
372.1969,25,27,2,1,0,0,0
372.2334,26,31,1,1,0,0,0
373.0881,16,23,6,0,1,1,0
373.0963,16,22,8,0,1,0,0
373.0988,12,22,13,0,0,0,0
373.1325,17,26,7,0,1,0,0
373.1617,16,26,8,2,0,0,0
373.1691,18,30,6,0,1,0,0
374.1457,16,25,9,1,0,0,0
374.1755,16,29,5,3,1,0,0
374.2297,17,33,6,3,0,0,0
375.0754,15,20,9,0,1,0,0
375.1038,16,25,6,0,1,1,0
375.1198,18,20,7,2,0,0,0
375.1483,17,28,7,0,1,0,0
376.1613,16,27,9,1,0,0,0
376.1878,19,27,5,3,0,0,0
376.2089,16,31,7,3,0,0,0
377.0857,15,26,1,2,4,0,0
377.1276,16,26,8,0,1,0,0
377.1718,19,26,6,2,0,0,0
377.2004,18,34,6,0,1,0,0
377.2545,19,38,7,0,0,0,0
378.1341,14,25,7,3,1,0,0
378.1705,15,29,6,3,1,0,0
379.1068,15,24,9,0,1,0,0
379.1433,16,28,8,0,1,0,0
379.1796,17,32,7,0,1,0,0
379.1974,17,32,9,0,0,0,0
379.216,18,36,6,0,1,0,0
380.1351,18,23,8,1,0,0,0
380.1497,14,27,7,3,1,0,0
381.1225,15,26,9,0,1,0,0
381.1313,18,26,3,2,2,0,0
381.1589,16,30,8,0,1,0,0
381.1953,17,34,7,0,1,0,0
381.2647,22,38,5,0,0,0,0
382.0935,13,25,4,3,3,0,0
383.1017,14,24,10,0,1,0,0
383.1292,18,28,1,2,3,0,0
383.1381,15,28,9,0,1,0,0
383.1559,15,28,11,0,0,0,0
383.1746,16,32,8,0,1,0,0
383.2228,24,32,4,0,0,0,0
383.2803,22,40,5,0,0,0,0
385.081,13,22,11,0,1,0,0
385.1449,18,30,1,2,3,0,0
385.1538,15,30,9,0,1,0,0
385.1616,17,26,8,2,0,0,0
385.1691,19,30,6,0,1,0,0
386.2126,26,29,2,1,0,0,0
386.2297,18,33,6,3,0,0,0
387.1117,17,24,8,0,1,0,0
387.1484,18,28,7,0,1,0,0
387.2752,21,40,6,0,0,0,0
388.0935,14,31,1,1,5,0,0
388.125,16,23,10,1,0,0,0
388.1919,25,27,3,1,0,0,0
388.2089,17,31,7,3,0,0,0
389.1639,18,30,7,0,1,0,0
389.2909,21,42,6,0,0,0,0
390.1405,16,25,10,1,0,0,0
390.2035,20,29,5,3,0,0,0
390.2068,17,33,5,3,1,0,0
391.1875,20,28,6,2,0,0,0
391.249,23,36,5,0,0,0,0
391.2523,20,40,5,0,1,0,0
392.1351,19,23,8,1,0,0,0
392.1562,16,27,10,1,0,0,0
393.1224,16,26,9,0,1,0,0
393.1589,17,30,8,0,1,0,0
393.1953,18,34,7,0,1,0,0
393.2317,19,38,6,0,1,0,0
393.2646,23,38,5,0,0,0,0
394.1653,15,29,7,3,1,0,0
395.1012,17,21,7,2,0,1,0
395.1018,15,24,10,0,1,0,0
395.1381,16,28,9,0,1,0,0
395.1745,17,32,8,0,1,0,0
395.2109,18,36,7,0,1,0,0
397.1174,15,26,10,0,1,0,0
397.1538,16,30,9,0,1,0,0
397.1715,16,30,11,0,0,0,0
397.1902,17,34,8,0,1,0,0
397.2596,22,38,6,0,0,0,0
399.0966,14,24,11,0,1,0,0
399.1241,18,28,2,2,3,0,0
399.1427,15,29,10,0,0,1,0
399.2752,22,40,6,0,0,0,0
400.1919,26,27,3,1,0,0,0
401.1123,14,26,11,0,1,0,0
401.13,14,26,13,0,0,0,0
401.1487,15,30,10,0,1,0,0
401.1737,19,31,7,0,0,1,0
402.2075,26,29,3,1,0,0,0
402.2439,27,33,2,1,0,0,0
403.0986,17,25,7,0,1,1,0
403.1067,17,24,9,0,1,0,0
403.1432,18,28,8,0,1,0,0
403.1893,19,33,7,0,0,1,0
403.2701,21,40,7,0,0,0,0
403.3065,22,44,6,0,0,0,0
405.1223,17,26,9,0,1,0,0
405.1347,17,30,3,2,3,0,0
405.1436,14,30,11,0,1,0,0
405.1589,18,30,8,0,1,0,0
405.1953,19,34,7,0,1,0,0
405.2647,24,38,5,0,0,0,0
406.2347,21,33,5,3,0,0,0
407.1137,23,20,7,0,0,0,0
407.138,17,28,9,0,1,0,0
407.1745,18,32,8,0,1,0,0
407.2109,19,36,7,0,1,0,0
407.265,20,40,8,0,0,0,0
409.1174,16,26,10,0,1,0,0
409.1657,24,26,6,0,0,0,0
409.1902,18,34,8,0,1,0,0
409.2079,18,34,10,0,0,0,0
409.2266,19,38,7,0,1,0,0
409.2596,23,38,6,0,0,0,0
410.1066,22,21,5,1,1,0,0
410.1667,16,29,11,1,0,0,0
410.2218,18,37,7,1,1,0,0
410.2297,20,33,6,3,0,0,0
411.1695,17,32,9,0,1,0,0
411.1871,17,32,11,0,0,0,0
411.2752,23,40,6,0,0,0,0
412.1041,21,19,8,1,0,0,0
412.1223,22,23,5,1,1,0,0
412.2283,28,31,2,1,0,0,0
413.1123,15,26,11,0,1,0,0
413.122,15,27,11,0,0,1,0
413.1487,16,30,10,0,1,0,0
413.1663,16,30,12,0,0,0,0
414.2075,27,29,3,1,0,0,0
415.0915,14,24,12,0,1,0,0
415.128,15,28,11,0,1,0,0
415.1456,15,28,13,0,0,0,0
415.1644,16,32,10,0,1,0,0
416.2038,18,31,8,3,0,0,0
417.1686,19,31,8,0,0,1,0
417.2646,25,38,5,0,0,0,0
417.2858,22,42,7,0,0,0,0
418.1984,21,29,6,3,0,0,0
419.1672,17,28,10,2,0,0,0
419.2109,20,36,7,0,1,0,0
419.3014,22,44,7,0,0,0,0
420.1512,17,27,11,1,0,0,0
421.0811,16,22,11,0,1,0,0
421.1172,19,23,7,2,0,1,0
421.1635,18,31,9,0,0,1,0
421.1902,19,34,8,0,1,0,0
421.2443,20,38,9,0,0,0,0
423.1694,18,32,9,0,1,0,0
423.1791,18,33,9,0,0,1,0
423.2058,19,36,8,0,1,0,0
423.2752,24,40,6,0,0,0,0
424.209,20,31,7,3,0,0,0
424.2257,22,36,5,1,0,1,0
425.1122,16,26,11,0,1,0,0
425.1487,17,30,10,0,1,0,0
425.1762,21,34,1,2,3,0,0
425.1851,18,34,9,0,1,0,0
425.2027,18,34,11,0,0,0,0
425.3636,26,50,4,0,0,0,0
426.1196,22,21,8,1,0,0,0
427.128,16,28,11,0,1,0,0
427.2701,23,40,7,0,0,0,0
428.1172,22,23,6,1,1,0,0
428.2402,20,35,7,3,0,0,0
428.2595,29,35,2,1,0,0,0
429.2647,26,38,5,0,0,0,0
429.2858,23,42,7,0,0,0,0
430.1041,16,33,2,1,5,0,0
430.1578,26,26,3,1,0,1,0
430.2025,27,29,4,1,0,0,0
430.2195,19,33,8,3,0,0,0
430.2388,28,33,3,1,0,0,0
431.0962,14,25,13,0,0,1,0
432.1197,16,35,2,1,5,0,0
432.1988,18,31,9,3,0,0,0
433.2806,22,42,8,0,0,0,0
433.3323,27,46,4,0,0,0,0
434.1933,21,29,7,3,0,0,0
435.1621,17,28,11,2,0,0,0
435.1694,19,32,9,0,1,0,0
435.2058,20,36,8,0,1,0,0
435.2235,20,36,10,0,0,0,0
435.2752,25,40,6,0,0,0,0
435.2962,22,44,8,0,0,0,0
437.122,17,27,11,0,0,1,0
437.1487,18,30,10,0,1,0,0
437.1851,19,34,9,0,1,0,0
437.2028,19,34,11,0,0,0,0
437.2215,20,38,8,0,1,0,0
437.2391,20,38,10,0,0,0,0
439.1644,18,32,10,0,1,0,0
439.182,18,32,12,0,0,0,0
439.2008,19,36,9,0,1,0,0
439.2126,26,32,6,0,0,0,0
439.2701,24,40,7,0,0,0,0
440.1171,23,23,6,1,1,0,0
440.2038,20,31,8,3,0,0,0
441.2164,19,38,9,0,1,0,0
441.2647,27,38,5,0,0,0,0
441.2857,24,42,7,0,0,0,0
442.1831,19,29,9,3,0,0,0
442.2195,20,33,8,3,0,0,0
442.2388,29,33,3,1,0,0,0
443.2803,27,40,5,0,0,0,0
444.1988,19,31,9,3,0,0,0
445.1021,15,26,13,0,1,0,0
445.1199,15,26,15,0,0,0,0
445.2807,23,42,8,0,0,0,0
445.2959,27,42,5,0,0,0,0
447.1177,15,28,13,0,1,0,0
447.2599,22,40,9,0,0,0,0
449.1947,20,35,9,0,0,1,0
449.2756,22,42,9,0,0,0,0
449.2907,26,42,6,0,0,0,0
449.2909,26,42,6,0,0,0,0
450.1616,18,29,12,1,0,0,0
451.2104,20,37,9,0,0,1,0
451.2128,27,32,6,0,0,0,0
451.2184,20,36,11,0,0,0,0
451.2548,21,40,10,0,0,0,0
453.18,19,34,10,0,1,0,0
453.1977,19,34,12,0,0,0,0
453.2164,20,38,9,0,1,0,0
453.2857,25,42,7,0,0,0,0
455.0863,16,24,13,0,1,0,0
455.1786,20,40,3,0,4,0,0
455.1957,19,36,10,0,1,0,0
455.2803,28,40,5,0,0,0,0
455.3014,25,44,7,0,0,0,0
456.1988,20,31,9,3,0,0,0
457.2806,24,42,8,0,0,0,0
457.296,28,42,5,0,0,0,0
459.2963,24,44,8,0,0,0,0
461.2756,23,42,9,0,0,0,0
462.1302,17,37,3,1,5,0,0
462.2093,19,33,10,3,0,0,0
463.1035,25,20,9,0,0,0,0
463.1127,36,16,1,0,0,0,0
463.2548,22,40,10,0,0,0,0
463.3065,27,44,6,0,0,0,0
465.1191,25,22,9,0,0,0,0
465.1977,20,34,12,0,0,0,0
465.2341,21,38,11,0,0,0,0
465.2705,22,42,10,0,0,0,0
467.1958,20,36,10,0,1,0,0
467.2133,20,36,12,0,0,0,0
467.244,28,36,6,0,0,0,0
467.2497,21,40,11,0,0,0,0
467.3015,26,44,7,0,0,0,0
469.1846,19,35,11,0,0,1,0
469.1926,19,34,13,0,0,0,0
469.2807,25,42,8,0,0,0,0
469.2959,29,42,5,0,0,0,0
470.1277,24,25,7,1,1,0,0
470.1515,17,29,14,1,0,0,0
471.2963,25,44,8,0,0,0,0
471.3116,29,44,5,0,0,0,0
472.1494,17,31,12,1,1,0,0
473.2756,24,42,9,0,0,0,0
473.3273,29,46,5,0,0,0,0
474.1287,16,29,13,1,1,0,0
475.1128,37,16,1,0,0,0,0
475.2548,23,40,10,0,0,0,0
475.2913,24,44,9,0,0,0,0
475.3066,28,44,6,0,0,0,0
477.1283,37,18,1,0,0,0,0
477.1355,20,31,9,0,1,1,0
477.2705,23,42,10,0,0,0,0
479.0984,25,20,10,0,0,0,0
479.1348,26,24,9,0,0,0,0
479.2497,22,40,11,0,0,0,0
480.1723,19,31,13,1,0,0,0
481.1846,20,35,11,0,0,1,0
481.229,21,38,12,0,0,0,0
481.2596,29,38,6,0,0,0,0
481.2654,22,42,11,0,0,0,0
482.1278,25,25,7,1,1,0,0
482.1642,26,29,6,1,1,0,0
482.1668,22,29,11,1,0,0,0
483.1816,23,36,3,2,3,0,0
483.2003,20,37,11,0,0,1,0
483.2083,20,36,13,0,0,0,0
483.2963,26,44,8,0,0,0,0
483.2997,23,48,8,0,1,0,0
483.3116,30,44,5,0,0,0,0
484.1252,17,31,7,3,3,0,0
484.2048,30,32,3,1,0,1,0
485.1973,30,30,6,0,0,0,0
485.2062,20,38,11,0,1,0,0
485.2215,24,38,8,0,1,0,0
485.3121,26,46,8,0,0,0,0
485.3484,27,50,7,0,0,0,0
486.1464,17,29,15,1,0,0,0
487.2912,25,44,9,0,0,0,0
488.1886,20,31,11,3,0,0,0
488.1996,29,32,4,1,0,1,0
488.236,30,36,3,1,0,1,0
489.2202,30,35,4,0,0,1,0
489.2705,24,42,10,0,0,0,0
489.3069,25,46,9,0,0,0,0
489.3222,29,46,6,0,0,0,0
491.1537,17,33,14,0,0,1,0
491.2498,23,40,11,0,0,0,0
491.2861,24,44,10,0,0,0,0
493.1141,26,22,10,0,0,0,0
493.1675,19,30,13,2,0,0,0
493.2655,23,42,11,0,0,0,0
493.3171,28,46,7,0,0,0,0
494.188,20,33,13,1,0,0,0
495.1639,20,33,12,0,0,1,0
495.2389,29,36,7,0,0,0,0
495.2446,22,40,12,0,0,0,0
495.2811,23,44,11,0,0,0,0
496.1824,23,31,11,1,0,0,0
497.161,22,32,7,2,0,2,0
497.1795,20,35,12,0,0,1,0
497.2239,21,38,13,0,0,0,0
497.2909,30,42,6,0,0,0,0
497.312,27,46,8,0,0,0,0
499.1854,20,36,12,0,1,0,0
499.241,32,37,3,0,0,1,0
499.2913,26,44,9,0,0,0,0
501.192,30,30,7,0,0,0,0
501.2679,29,42,5,0,1,0,0
501.2705,25,42,10,0,0,0,0
501.3069,26,46,9,0,0,0,0
502.154,25,29,8,1,1,0,0
503.2862,25,44,10,0,0,0,0
505.1338,18,35,10,0,2,1,0
505.1693,29,30,6,0,1,0,0
505.1747,22,34,11,0,1,0,0
505.229,23,38,12,0,0,0,0
505.2654,24,42,11,0,0,0,0
505.3019,25,46,10,0,0,0,0
506.1202,18,37,5,1,5,0,0
506.1991,20,33,12,3,0,0,0
507.0932,26,20,11,0,0,0,0
507.146,32,28,2,0,2,0,0
507.1832,20,32,13,2,0,0,0
507.1904,22,36,11,0,1,0,0
507.2447,23,40,12,0,0,0,0
507.2811,24,44,11,0,0,0,0
507.3328,29,48,7,0,0,0,0
509.1454,27,26,10,0,0,0,0
509.2181,29,34,8,0,0,0,0
509.2239,22,38,13,0,0,0,0
509.2545,30,38,7,0,0,0,0
509.312,28,46,8,0,0,0,0
511.2395,22,40,13,0,0,0,0
511.2701,30,40,7,0,0,0,0
512.1984,20,35,14,1,0,0,0
512.211,28,35,6,1,1,0,0
512.2361,32,36,3,1,0,1,0
513.2188,21,38,14,0,0,0,0
513.3069,27,46,9,0,0,0,0
513.3103,24,50,9,0,1,0,0
513.3221,31,46,6,0,0,0,0
515.2708,22,44,13,0,0,0,0
515.2781,26,45,8,0,0,1,0
515.2835,30,44,5,0,1,0,0
515.2861,26,44,10,0,0,0,0
516.2309,31,36,4,1,0,1,0
516.2674,32,40,3,1,0,1,0
517.1046,17,26,18,0,0,0,0
517.229,24,38,12,0,0,0,0
517.2654,25,42,11,0,0,0,0
517.3018,26,46,10,0,0,0,0
519.2446,24,40,12,0,0,0,0
519.281,25,44,11,0,0,0,0
520.1357,19,39,5,1,5,0,0
521.1609,25,34,4,2,3,0,0
521.2238,23,38,13,0,0,0,0
521.2603,24,42,12,0,0,0,0
523.1612,28,28,10,0,0,0,0
523.2337,30,36,8,0,0,0,0
523.2395,23,40,13,0,0,0,0
523.325,33,48,3,0,1,0,0
523.3277,29,48,8,0,0,0,0
525.2189,22,38,14,0,0,0,0
525.2552,23,42,13,0,0,0,0
526.2518,33,38,3,1,0,1,0
527.19,21,37,13,0,0,1,0
527.2344,22,40,14,0,0,0,0
527.3226,28,48,9,0,0,0,0
528.1514,26,27,11,1,0,0,0
528.231,32,36,4,1,0,1,0
528.2674,33,40,3,1,0,1,0
529.2137,21,38,15,0,0,0,0
529.2501,22,42,14,0,0,0,0
529.2688,23,46,11,0,1,0,0
529.3018,27,46,10,0,0,0,0
529.3052,24,50,10,0,1,0,0
529.3171,31,46,7,0,0,0,0
529.3382,28,50,9,0,0,0,0
531.1486,19,33,15,0,0,1,0
531.2447,25,40,12,0,0,0,0
531.3327,31,48,7,0,0,0,0
533.2604,25,42,12,0,0,0,0
533.2968,26,46,11,0,0,0,0
533.3484,31,50,7,0,0,0,0
535.0882,27,20,12,0,0,0,0
535.1516,18,32,18,0,0,0,0
535.2033,23,36,14,0,0,0,0
535.2396,24,40,13,0,0,0,0
535.276,25,44,12,0,0,0,0
537.1767,29,30,10,0,0,0,0
537.2188,23,38,14,0,0,0,0
537.2553,24,42,13,0,0,0,0
537.3069,29,46,9,0,0,0,0
537.3433,30,50,8,0,0,0,0
539.0468,25,16,14,0,0,0,0
539.1923,29,32,10,0,0,0,0
539.2345,23,40,14,0,0,0,0
539.2709,24,44,13,0,0,0,0
539.3073,25,48,12,0,0,0,0
539.3226,29,48,9,0,0,0,0
540.1933,21,35,15,1,0,0,0
540.2675,34,40,3,1,0,1,0
541.2501,23,42,14,0,0,0,0
541.2807,31,42,8,0,0,0,0
541.3018,28,46,10,0,0,0,0
541.3382,29,50,9,0,0,0,0
541.4484,33,66,1,0,2,0,0
542.2466,33,38,4,1,0,1,0
542.2831,34,42,3,1,0,1,0
543.2296,22,40,15,0,0,0,0
543.2784,31,44,6,0,1,0,0
543.2811,27,44,11,0,0,0,0
543.2963,31,44,8,0,0,0,0
543.3175,28,48,10,0,0,0,0
544.2623,33,40,4,1,0,1,0
545.2604,26,42,12,0,0,0,0
545.2968,27,46,11,0,0,0,0
545.312,31,46,8,0,0,0,0
547.134,40,20,3,0,0,0,0
547.2396,25,40,13,0,0,0,0
547.2761,26,44,12,0,0,0,0
547.3125,27,48,11,0,0,0,0
547.3277,31,48,8,0,0,0,0
548.2097,22,35,13,3,0,0,0
549.2552,25,42,13,0,0,0,0
549.2917,26,46,12,0,0,0,0
549.3433,31,50,8,0,0,0,0
551.2346,24,40,14,0,0,0,0
551.271,25,44,13,0,0,0,0
551.3226,30,48,9,0,0,0,0
553.1352,28,26,12,0,0,0,0
553.1716,29,30,11,0,0,0,0
553.208,30,34,10,0,0,0,0
553.2138,23,38,15,0,0,0,0
553.2503,24,42,14,0,0,0,0
553.3383,30,50,9,0,0,0,0
554.2831,35,42,3,1,0,1,0
555.1872,29,32,11,0,0,0,0
555.2294,23,40,15,0,0,0,0
555.26,31,40,9,0,0,0,0
555.2659,24,44,14,0,0,0,0
555.3176,29,48,10,0,0,0,0
556.1707,42,23,1,1,0,0,0
556.2623,34,40,4,1,0,1,0
556.2988,35,44,3,1,0,1,0
557.2756,31,42,9,0,0,0,0
557.2968,28,46,11,0,0,0,0
557.3332,29,50,10,0,0,0,0
559.2242,22,40,16,0,0,0,0
559.2397,26,40,13,0,0,0,0
559.276,27,44,12,0,0,0,0
559.3124,28,48,11,0,0,0,0
559.3277,32,48,8,0,0,0,0
559.4861,33,69,4,0,0,1,0
560.183,20,35,17,1,0,0,0
561.1496,41,22,3,0,0,0,0
561.2036,21,38,17,0,0,0,0
561.2552,26,42,13,0,0,0,0
561.2916,27,46,12,0,0,0,0
561.3069,31,46,9,0,0,0,0
561.3281,28,50,11,0,0,0,0
563.1384,19,33,17,0,0,1,0
563.2709,26,44,13,0,0,0,0
563.3073,27,48,12,0,0,0,0
563.3225,31,48,9,0,0,0,0
565.1354,29,26,12,0,0,0,0
565.1445,40,22,4,0,0,0,0
565.2502,25,42,14,0,0,0,0
565.2866,26,46,13,0,0,0,0
565.3383,31,50,9,0,0,0,0
566.2203,22,37,14,3,0,0,0
567.1508,29,28,12,0,0,0,0
567.2295,24,40,15,0,0,0,0
567.2658,25,44,14,0,0,0,0
567.3175,30,48,10,0,0,0,0
569.0937,27,22,14,0,0,0,0
569.1666,29,30,12,0,0,0,0
569.2393,31,38,10,0,0,0,0
569.2451,24,42,15,0,0,0,0
569.2757,32,42,9,0,0,0,0
569.2968,29,46,11,0,0,0,0
569.3332,30,50,10,0,0,0,0
570.144,28,29,10,1,1,0,0
570.2038,22,37,16,1,0,0,0
571.2243,23,40,16,0,0,0,0
571.276,28,44,12,0,0,0,0
571.2912,32,44,9,0,0,0,0
571.3125,29,48,11,0,0,0,0
571.3488,30,52,10,0,0,0,0
572.1594,28,31,10,1,1,0,0
573.2553,27,42,13,0,0,0,0
573.2764,24,46,15,0,0,0,0
573.2917,28,46,12,0,0,0,0
573.3069,32,46,9,0,0,0,0
573.3314,26,54,11,0,1,0,0
573.3644,30,54,10,0,0,0,0
575.2346,26,40,14,0,0,0,0
575.271,27,44,13,0,0,0,0
575.3073,28,48,12,0,0,0,0
575.3226,32,48,9,0,0,0,0
577.1444,41,22,4,0,0,0,0
577.1808,42,26,3,0,0,0,0
577.2502,26,42,14,0,0,0,0
577.2866,27,46,13,0,0,0,0
577.3019,31,46,10,0,0,0,0
577.3383,32,50,9,0,0,0,0
579.149,26,34,7,2,1,2,0
579.16010000000006,41,24,4,0,0,0,0
579.2658,26,44,14,0,0,0,0
579.3023,27,48,13,0,0,0,0
579.3176,31,48,10,0,0,0,0
580.1569,21,43,7,1,5,0,0
581.2029,31,34,11,0,0,0,0
581.2088,24,38,16,0,0,0,0
581.2452,25,42,15,0,0,0,0
581.2815,26,46,14,0,0,0,0
581.2967,30,46,11,0,0,0,0
581.3331,31,50,10,0,0,0,0
581.3695,32,54,9,0,0,0,0
583.1185,39,20,6,0,0,0,0
583.1822,30,32,12,0,0,0,0
583.2185,31,36,11,0,0,0,0
583.2244,24,40,16,0,0,0,0
583.255,32,40,10,0,0,0,0
583.3125,30,48,11,0,0,0,0
583.3488,31,52,10,0,0,0,0
583.3853,32,56,9,0,0,0,0
585.1745,30,38,2,2,4,0,0
585.1978,30,34,12,0,0,0,0
585.2342,31,38,11,0,0,0,0
585.2401,24,42,16,0,0,0,0
585.2918,29,46,12,0,0,0,0
585.3282,30,50,11,0,0,0,0
585.3646,31,54,10,0,0,0,0
585.4008,32,58,9,0,0,0,0
586.3094,36,46,4,1,0,1,0
587.2709,28,44,13,0,0,0,0
587.2862,32,44,10,0,0,0,0
587.3074,29,48,12,0,0,0,0
588.1781,21,35,18,1,0,0,0
589.2502,27,42,14,0,0,0,0
589.2866,28,46,13,0,0,0,0
589.3018,32,46,10,0,0,0,0
591.1415,20,32,20,0,0,0,0
591.1965,43,28,3,0,0,0,0
591.2659,27,44,14,0,0,0,0
591.3023,28,48,13,0,0,0,0
591.3176,32,48,10,0,0,0,0
593.1646,27,36,7,2,1,2,0
593.1758,42,26,4,0,0,0,0
593.2814,27,46,14,0,0,0,0
593.2967,31,46,11,0,0,0,0
593.3332,32,50,10,0,0,0,0
594.1726,22,45,7,1,5,0,0
595.155,41,24,5,0,0,0,0
595.3124,31,48,11,0,0,0,0
595.3489,32,52,10,0,0,0,0
596.1518,21,43,8,1,5,0,0
597.1252,29,26,14,0,0,0,0
597.1978,31,34,12,0,0,0,0
597.2341,32,38,11,0,0,0,0
597.2402,25,42,16,0,0,0,0
597.2705,33,42,10,0,0,0,0
597.2917,30,46,12,0,0,0,0
597.3281,31,50,11,0,0,0,0
599.1043,28,24,15,0,0,0,0
599.2135,31,36,12,0,0,0,0
599.25,32,40,11,0,0,0,0
599.2557,25,44,16,0,0,0,0
599.271,29,44,13,0,0,0,0
599.2862,33,44,10,0,0,0,0
599.3074,30,48,12,0,0,0,0
599.3438,31,52,11,0,0,0,0
601.2502,28,42,14,0,0,0,0
601.2654,32,42,11,0,0,0,0
601.2867,29,46,13,0,0,0,0
601.3018,33,46,10,0,0,0,0
601.323,30,50,12,0,0,0,0
601.3956,32,58,10,0,0,0,0
601.396,32,58,10,0,0,0,0
602.2315,34,38,7,1,0,1,0
603.2659,28,44,14,0,0,0,0
603.281,32,44,11,0,0,0,0
603.3023,29,48,13,0,0,0,0
603.3175,33,48,10,0,0,0,0
603.328,34,53,5,0,1,1,0
605.2604,31,42,12,0,0,0,0
605.2816,28,46,14,0,0,0,0
605.2968,32,46,11,0,0,0,0
605.3333,33,50,10,0,0,0,0
607.1305,27,28,16,0,0,0,0
607.2761,31,44,12,0,0,0,0
607.297,28,48,14,0,0,0,0
607.3125,32,48,11,0,0,0,0
607.349,33,52,10,0,0,0,0
609.1461,27,30,16,0,0,0,0
609.1706,42,26,5,0,0,0,0
609.2917,31,46,12,0,0,0,0
609.3282,32,50,11,0,0,0,0
610.0957,28,25,9,3,2,0,0
611.1771,31,32,13,0,0,0,0
611.2194,25,40,17,0,0,0,0
611.3074,31,48,12,0,0,0,0
611.3438,32,52,11,0,0,0,0
613.1564,30,30,14,0,0,0,0
613.1694,27,35,14,0,0,1,0
613.1929,31,34,13,0,0,0,0
613.2292,32,38,12,0,0,0,0
613.235,25,42,17,0,0,0,0
613.2502,29,42,14,0,0,0,0
613.2655,33,42,11,0,0,0,0
613.2866,30,46,13,0,0,0,0
613.323,31,50,12,0,0,0,0
615.2084,31,36,13,0,0,0,0
615.2447,32,40,12,0,0,0,0
615.2506,25,44,17,0,0,0,0
615.2659,29,44,14,0,0,0,0
615.2811,33,44,11,0,0,0,0
615.3023,30,48,13,0,0,0,0
615.3177,34,48,10,0,0,0,0
615.3388,31,52,12,0,0,0,0
616.2473,26,51,7,1,4,0,0
617.1512,29,30,15,0,0,0,0
617.2241,31,38,13,0,0,0,0
617.2604,32,42,12,0,0,0,0
617.2816,29,46,14,0,0,0,0
617.2969,33,46,11,0,0,0,0
617.3028,26,50,16,0,0,0,0
617.3181,30,50,13,0,0,0,0
617.3334,34,50,10,0,0,0,0
617.829,17,17,4,1,10,0,0
619.2396,31,40,13,0,0,0,0
619.2761,32,44,12,0,0,0,0
619.3125,33,48,11,0,0,0,0
621.1826,29,34,15,0,0,0,0
621.2553,31,42,13,0,0,0,0
621.2917,32,46,12,0,0,0,0
621.3281,33,50,11,0,0,0,0
622.2102,24,37,16,3,0,0,0
623.2349,33,41,6,2,1,1,0
623.271,31,44,13,0,0,0,0
623.3074,32,48,12,0,0,0,0
623.344,33,52,11,0,0,0,0
625.0954,29,26,10,2,2,0,0
625.2293,33,38,12,0,0,0,0
625.2503,30,42,14,0,0,0,0
625.2655,34,42,11,0,0,0,0
625.2867,31,46,13,0,0,0,0
625.323,32,50,12,0,0,0,0
625.3596,33,54,11,0,0,0,0
627.1721,31,32,14,0,0,0,0
627.2086,32,36,13,0,0,0,0
627.2449,33,40,12,0,0,0,0
627.2506,26,44,17,0,0,0,0
627.2659,30,44,14,0,0,0,0
627.2813,34,44,11,0,0,0,0
627.3024,31,48,13,0,0,0,0
627.3388,32,52,12,0,0,0,0
629.1513,30,30,15,0,0,0,0
629.224,32,38,13,0,0,0,0
629.2606,33,42,12,0,0,0,0
629.2663,26,46,17,0,0,0,0
629.2815,30,46,14,0,0,0,0
629.2968,34,46,11,0,0,0,0
629.3179,31,50,13,0,0,0,0
631.167,30,32,15,0,0,0,0
631.2761,33,44,12,0,0,0,0
631.3125,34,48,11,0,0,0,0
631.3336,31,52,13,0,0,0,0
633.1827,30,34,15,0,0,0,0
633.2554,32,42,13,0,0,0,0
633.2917,33,46,12,0,0,0,0
633.3282,34,50,11,0,0,0,0
634.2119,34,37,9,1,1,0,0
635.2346,31,40,14,0,0,0,0
635.271,32,44,13,0,0,0,0
635.3075,33,48,12,0,0,0,0
635.3439,34,52,11,0,0,0,0
637.2115,23,43,18,0,0,1,0
637.2502,31,42,14,0,0,0,0
637.2866,32,46,13,0,0,0,0
637.3231,33,50,12,0,0,0,0
637.3596,34,54,11,0,0,0,0
639.266,31,44,14,0,0,0,0
639.3024,32,48,13,0,0,0,0
639.339,36,53,4,2,1,1,0
641.2606,34,42,12,0,0,0,0
641.2663,27,46,17,0,0,0,0
641.2814,31,46,14,0,0,0,0
641.2819,31,46,14,0,0,0,0
641.318,32,50,13,0,0,0,0
641.3544,33,54,12,0,0,0,0
643.2763,34,44,12,0,0,0,0
643.2818,27,48,17,0,0,0,0
643.2971,31,48,14,0,0,0,0
643.3126,35,48,11,0,0,0,0
644.2076,42,31,6,1,0,0,0
645.2554,33,42,13,0,0,0,0
645.2612,26,46,18,0,0,0,0
645.2919,34,46,12,0,0,0,0
645.3129,31,50,14,0,0,0,0
645.328,35,50,11,0,0,0,0
647.2348,32,40,14,0,0,0,0
647.2405,25,44,19,0,0,0,0
647.2711,33,44,13,0,0,0,0
647.3075,34,48,12,0,0,0,0
647.3285,31,52,14,0,0,0,0
647.3441,35,52,11,0,0,0,0
649.2505,32,42,14,0,0,0,0
649.2868,33,46,13,0,0,0,0
649.3231,34,50,12,0,0,0,0
649.3595,35,54,11,0,0,0,0
651.2275,27,46,10,2,1,2,0
651.2661,32,44,14,0,0,0,0
651.3025,33,48,13,0,0,0,0
651.339,34,52,12,0,0,0,0
652.1964,23,45,14,1,1,2,0
653.2816,32,46,14,0,0,0,0
653.3183,33,50,13,0,0,0,0
657.2555,34,42,13,0,0,0,0
657.2612,27,46,18,0,0,0,0
657.2918,35,46,12,0,0,0,0
657.3129,32,50,14,0,0,0,0
659.2769,27,48,18,0,0,0,0
659.3075,35,48,12,0,0,0,0
659.3285,32,52,14,0,0,0,0
660.1938,34,36,7,3,1,1,0
661.2561,26,46,19,0,0,0,0
661.323,35,50,12,0,0,0,0
661.3441,32,54,14,0,0,0,0
663.2353,25,44,20,0,0,0,0
663.2661,33,44,14,0,0,0,0
663.3026,34,48,13,0,0,0,0
663.3388,35,52,12,0,0,0,0
663.3599,32,56,14,0,0,0,0
665.3545,35,54,12,0,0,0,0
667.2973,33,48,14,0,0,0,0
668.1731,31,31,14,3,0,0,0
668.2521,26,43,17,3,0,0,0
669.3129,33,50,14,0,0,0,0
670.1888,31,33,14,3,0,0,0
670.2565,27,45,18,1,0,0,0
671.1621,32,32,16,0,0,0,0
671.2405,27,44,19,0,0,0,0
671.2769,28,48,18,0,0,0,0
671.3076,36,48,12,0,0,0,0
671.8469,21,11,9,3,7,0,0
673.2562,27,46,19,0,0,0,0
673.2867,35,46,13,0,0,0,0
675.2717,27,48,19,0,0,0,0
675.3025,35,48,13,0,0,0,0
676.7974,22,14,5,0,10,0,0
676.8036,15,18,10,0,10,0,0
676.8486,26,14,6,0,8,0,0
677.2455,33,42,15,0,0,0,0
677.2509,26,46,20,0,0,0,0
679.3337,35,52,13,0,0,0,0
681.192,45,30,7,0,0,0,0
681.3495,35,54,13,0,0,0,0
687.2296,34,40,15,0,0,0,0
687.272,28,48,19,0,0,0,0
687.3025,36,48,13,0,0,0,0
689.251,27,46,20,0,0,0,0
691.2975,35,48,14,0,0,0,0
693.1735,38,34,7,2,2,0,0
693.3132,35,50,14,0,0,0,0
694.279,37,46,10,1,0,1,0
695.2073,46,32,7,0,0,0,0
695.2078,46,32,7,0,0,0,0
695.2634,38,49,6,0,2,1,0
703.1212,24,32,24,0,0,0,0
703.2667,28,48,20,0,0,0,0
709.2235,47,34,7,0,0,0,0
710.2627,28,45,18,3,0,0,0
711.2026,46,32,8,0,0,0,0
715.1937,27,40,22,0,0,0,0
717.1369,25,34,24,0,0,0,0
717.2461,28,46,21,0,0,0,0
719.2615,28,48,21,0,0,0,0
719.2621,28,48,21,0,0,0,0
721.1316,24,34,25,0,0,0,0
721.2411,27,46,22,0,0,0,0
723.239,48,36,7,0,0,0,0
725.2185,39,40,8,2,0,2,0
729.246,29,46,21,0,0,0,0
731.1525,26,36,24,0,0,0,0
731.2251,28,44,22,0,0,0,0
731.2255,28,44,22,0,0,0,0
733.2775,29,50,21,0,0,0,0
735.1477,25,36,25,0,0,0,0
735.2565,28,48,22,0,0,0,0
745.1684,51,27,3,2,0,1,0
745.2773,30,50,21,0,0,0,0
745.2778,30,50,21,0,0,0,0
747.2567,29,48,22,0,0,0,0
747.2929,30,52,21,0,0,0,0
747.2934,44,48,5,2,2,0,0
749.163,26,38,25,0,0,0,0
749.1635,50,27,4,2,0,1,0
749.2358,28,46,23,0,0,0,0
757.2044,29,42,23,0,0,0,0
758.2049,34,37,17,3,0,0,0
759.2569,30,48,22,0,0,0,0
761.2723,30,50,22,0,0,0,0
763.1787,27,40,25,0,0,0,0
763.2515,29,48,23,0,0,0,0
763.2881,30,52,22,0,0,0,0
775.2885,53,44,4,0,1,0,0
777.2313,53,35,3,2,0,1,0
779.2467,53,37,3,2,0,1,0
781.2258,28,46,25,0,0,0,0
787.2152,30,44,24,0,0,0,0
791.2469,54,37,3,2,0,1,0
795.2418,29,48,25,0,0,0,0
809.2575,54,39,4,2,0,1,0
811.3108,45,54,6,2,1,2,0
819.2052,54,33,5,2,0,1,0
819.2423,53,40,7,0,1,0,0
819.2784,56,41,3,2,0,1,0
827.2681,52,44,8,0,1,0,0
841.2474,54,39,6,2,0,1,0
853.2115,54,35,7,2,0,1,0
861.2889,58,43,4,2,0,1,0
867.2629,56,41,6,2,0,1,0
867.2634,54,44,9,0,1,0,0
909.2742,56,46,10,0,1,0,0
909.3106,57,50,9,0,1,0,0
910.6131,47,95,9,1,1,2,0
921.2007,57,35,9,2,0,1,0
923.3259,60,49,6,2,0,1,0
965.3358,62,51,7,2,0,1,0
966.3398,61,49,9,3,0,0,0
971.3125,67,44,6,2,0,0,0
303.0722,12,16,9,0,0,0,0
328.115,13,19,7,3,0,0,0
319.1398,14,24,8,0,0,0,0
358.078,14,17,10,1,0,0,0
331.0307,12,12,11,0,0,0,0
597.0732,24,22,18,0,0,0,0
631.2456,25,44,18,0,0,0,0
737.1994,26,42,24,0,0,0,0
747.1834,27,40,24,0,0,0,0
733.241,28,46,22,0,0,0,0
601.2349,24,42,17,0,0,0,0
365.0362,12,14,13,0,0,0,0
311.062,10,16,11,0,0,0,0
658.1836,24,37,20,1,0,0,0
331.1147,13,20,8,2,0,0,0
593.1393,41,22,5,0,0,0,0
355.1148,15,20,8,2,0,0,0
659.1313,23,32,22,0,0,0,0
344.11,13,19,8,3,0,0,0
705.246,27,46,21,0,0,0,0
609.1343,41,22,6,0,0,0,0
567.1676,21,32,16,2,0,0,0
642.2364,24,41,17,3,0,0,0
456.1358,16,27,14,1,0,0,0
599.1619,26,32,16,0,0,0,0
330.1307,13,21,7,3,0,0,0
587.2193,23,40,17,0,0,0,0
644.2042,24,39,19,1,0,0,0
605.1877,29,34,14,0,0,0,0
438.1616,17,29,12,1,0,0,0
547.1668,23,32,15,0,0,0,0
416.0835,16,19,12,1,0,0,0
547.094,21,24,17,0,0,0,0
547.2032,24,36,14,0,0,0,0
356.0987,15,19,9,1,0,0,0
571.0941,23,24,17,0,0,0,0
444.1735,27,28,3,1,0,1,0
541.0473,21,18,17,0,0,0,0
514.2153,31,34,4,1,0,1,0
311.0984,11,20,10,0,0,0,0
371.146,16,24,8,2,0,0,0
789.2308,30,46,24,0,0,0,0
584.1832,22,35,17,1,0,0,0
422.0941,15,21,13,1,0,0,0
373.089,14,18,10,2,0,0,0
545.2087,21,38,16,0,0,0,0
341.015,13,10,11,0,0,0,0
339.1602,21,24,4,0,0,0,0
567.0628,23,20,17,0,0,0,0
411.348,25,48,4,0,0,0,0
777.2308,29,46,24,0,0,0,0
613.1775,27,34,16,0,0,0,0
625.1986,25,38,18,0,0,0,0
386.0729,15,17,11,1,0,0,0
347.1096,13,20,9,2,0,0,0
456.1735,28,28,3,1,0,1,0
839.2315,54,37,6,2,0,1,0
416.1198,17,23,11,1,0,0,0
392.1675,15,27,9,3,0,0,0
547.1305,22,28,16,0,0,0,0
470.1892,29,30,3,1,0,1,0
595.1879,24,36,17,0,0,0,0
462.1366,17,25,12,3,0,0,0
500.162,18,31,15,1,0,0,0
507.1944,29,33,6,0,0,1,0
569.0995,20,26,19,0,0,0,0
563.1619,23,32,16,0,0,0,0
414.0678,16,17,12,1,0,0,0
623.1983,29,36,15,0,0,0,0
583.2761,29,44,12,0,0,0,0
573.1825,25,34,15,0,0,0,0
509.1623,19,30,14,2,0,0,0
421.11,15,22,12,2,0,0,0
805.226,30,46,25,0,0,0,0
464.141,18,27,13,1,0,0,0
348.0936,13,19,10,1,0,0,0
519.2083,23,36,13,0,0,0,0
581.1149,25,26,16,0,0,0,0
390.1154,14,21,10,3,0,0,0
378.1518,14,25,9,3,0,0,0
533.224,24,38,13,0,0,0,0
729.2098,28,42,22,0,0,0,0
610.2103,23,37,16,3,0,0,0
462.173,18,29,11,3,0,0,0
559.1305,23,28,16,0,0,0,0
595.1187,40,20,6,0,0,0,0
545.0783,21,22,17,0,0,0,0
553.047,22,18,17,0,0,0,0
489.0523,18,18,16,0,0,0,0
500.1997,30,32,4,1,0,1,0
357.1304,15,22,8,2,0,0,0
609.1825,28,34,15,0,0,0,0
487.0364,18,16,16,0,0,0,0
505.1788,29,31,6,0,0,1,0
369.094,15,18,9,2,0,0,0
597.1786,22,34,17,2,0,0,0
573.1098,23,26,17,0,0,0,0
629.1208,22,30,21,0,0,0,0
363.141,14,24,9,2,0,0,0
507.2083,22,36,13,0,0,0,0
821.2208,30,46,26,0,0,0,0
573.1461,24,30,16,0,0,0,0
508.1307,19,27,15,1,0,0,0
433.1101,16,22,12,2,0,0,0
543.0628,21,20,17,0,0,0,0
563.1287,40,20,4,0,0,0,0
791.2099,29,44,25,0,0,0,0
377.1567,15,26,9,2,0,0,0
641.2299,26,42,18,0,0,0,0
549.1672,19,34,18,0,0,0,0
547.1879,20,36,17,0,0,0,0
533.1149,21,26,16,0,0,0,0
411.2422,19,40,7,0,1,0,0
493.0869,36,14,3,0,0,0,0
623.2345,30,40,14,0,0,0,0
391.0994,14,20,11,2,0,0,0
462.1253,18,25,13,1,0,0,0
335.1347,14,24,9,0,0,0,0
609.2553,30,42,13,0,0,0,0
434.1417,16,25,11,3,0,0,0
569.0784,23,22,17,0,0,0,0
779.2098,28,44,25,0,0,0,0
655.2093,26,40,19,0,0,0,0
474.2204,29,34,3,1,0,1,0
649.2197,24,42,20,0,0,0,0
585.2554,28,42,13,0,0,0,0
389.0395,11,18,13,0,1,0,0
478.1203,18,25,14,1,0,0,0
516.1946,30,32,5,1,0,1,0
412.1249,18,23,10,1,0,0,0
506.1628,19,29,13,3,0,0,0
397.0048,15,10,13,0,0,0,0
535.0975,38,16,4,0,0,0,0
569.1835,21,34,16,2,0,0,0
524.1257,19,27,16,1,0,0,0
343.1147,14,20,8,2,0,0,0
545.224,25,38,13,0,0,0,0
533.1876,23,34,14,0,0,0,0
633.2248,24,42,19,0,0,0,0
504.1836,20,31,12,3,0,0,0
511.0366,20,16,16,0,0,0,0
382.1256,16,21,8,3,0,0,0
319.1035,13,20,9,0,0,0,0
385.1253,16,22,9,2,0,0,0
572.1469,20,31,18,1,0,0,0
581.1514,26,30,15,0,0,0,0
765.2309,28,46,24,0,0,0,0
723.2202,26,44,23,0,0,0,0
555.0628,22,20,17,0,0,0,0
430.1025,14,25,12,1,1,0,0
434.1304,17,25,12,1,0,0,0
565.1081,39,18,5,0,0,0,0
685.2198,27,42,20,0,0,0,0
336.0936,12,19,10,1,0,0,0
474.184,28,30,4,1,0,1,0
669.1884,26,38,20,0,0,0,0
487.0941,16,24,17,0,0,0,0
541.2138,22,38,15,0,0,0,0
475.1681,28,29,5,0,0,1,0
613.2139,28,38,15,0,0,0,0
559.094,22,24,17,0,0,0,0
307.067,11,16,10,0,0,0,0
625.214,29,38,15,0,0,0,0
446.0973,14,25,13,1,1,0,0
499.0366,19,16,16,0,0,0,0
388.0886,15,19,11,1,0,0,0
521.1876,22,34,14,0,0,0,0
553.1047,20,26,18,0,0,0,0
460.1573,18,27,11,3,0,0,0
532.2258,31,36,5,1,0,1,0
395.1308,14,24,11,2,0,0,0
420.1623,16,27,10,3,0,0,0
449.0971,35,14,1,0,0,0,0
426.1015,22,21,6,1,1,0,0
395.0468,13,16,14,0,0,0,0
465.1362,17,26,13,2,0,0,0
583.1153,21,28,19,0,0,0,0
493.0835,18,22,16,0,0,0,0
554.1363,20,29,17,1,0,0,0
519.0993,20,24,16,0,0,0,0
557.0784,22,22,17,0,0,0,0
419.1783,26,29,3,0,0,1,0
557.1148,23,26,16,0,0,0,0
457.026,17,14,15,0,0,0,0
689.1418,24,34,23,0,0,0,0
380.0835,13,19,12,1,0,0,0
643.2455,26,44,18,0,0,0,0
538.1778,21,33,15,1,0,0,0
563.1466,19,32,19,0,0,0,0
402.1042,16,21,11,1,0,0,0
370.0991,12,21,12,1,0,0,0
659.2405,26,44,19,0,0,0,0
595.276,30,44,12,0,0,0,0
398.1205,16,21,9,3,0,0,0
515.089,17,24,18,0,0,0,0
551.1288,39,20,4,0,0,0,0
317.1242,14,22,8,0,0,0,0
465.1726,18,30,12,2,0,0,0
454.1566,17,29,13,1,0,0,0
585.1825,26,34,15,0,0,0,0
599.1982,27,36,15,0,0,0,0
427.0729,14,20,15,0,0,0,0
523.2032,22,36,14,0,0,0,0
573.2189,26,38,14,0,0,0,0
600.1781,22,35,18,1,0,0,0
461.0971,36,14,1,0,0,0,0
579.1237,40,20,5,0,0,0,0
427.0154,16,12,14,0,0,0,0
447.1733,27,29,4,0,0,1,0
481.1675,18,30,13,2,0,0,0
583.1305,25,28,16,0,0,0,0
356.1099,14,19,8,3,0,0,0
567.1931,23,36,16,0,0,0,0
586.1625,21,33,18,1,0,0,0
535.1339,39,20,3,0,0,0,0
393.1152,14,22,11,2,0,0,0
609.1672,24,34,18,0,0,0,0
687.2355,27,44,20,0,0,0,0
389.1566,16,26,9,2,0,0,0
675.2354,26,44,20,0,0,0,0
545.1876,24,34,14,0,0,0,0
400.0885,16,19,11,1,0,0,0
611.2711,30,44,13,0,0,0,0
502.2153,30,34,4,1,0,1,0
587.2346,27,40,14,0,0,0,0
309.0827,11,18,10,0,0,0,0
583.0941,24,24,17,0,0,0,0
807.2415,30,48,25,0,0,0,0
639.1416,24,32,20,0,0,0,0
569.2087,23,38,16,0,0,0,0
691.2303,26,44,21,0,0,0,0
446.1416,17,25,11,3,0,0,0
367.216,17,36,6,0,1,0,0
761.1993,28,42,24,0,0,0,0
598.1625,22,33,18,1,0,0,0
559.1668,24,32,15,0,0,0,0
362.1933,15,29,7,3,0,0,0
557.0995,19,26,19,0,0,0,0
449.2028,20,34,11,0,0,0,0
421.2079,19,34,10,0,0,0,0
559.2033,25,36,14,0,0,0,0
619.2091,23,40,19,0,0,0,0
793.2259,29,46,25,0,0,0,0
601.2138,27,38,15,0,0,0,0
571.1305,24,28,16,0,0,0,0
487.2046,30,33,4,0,0,1,0
479.1518,18,28,13,2,0,0,0
611.1983,28,36,15,0,0,0,0
535.1304,21,28,16,0,0,0,0
545.1149,22,26,16,0,0,0,0
404.1199,16,23,11,1,0,0,0
537.1098,20,26,17,0,0,0,0
370.078,15,17,10,1,0,0,0
449.0606,34,10,2,0,0,0,0
433.1465,17,26,11,2,0,0,0
367.161,15,28,10,0,0,0,0
503.1994,30,33,5,0,0,1,0
717.1732,26,38,23,0,0,0,0
451.182,19,32,12,0,0,0,0
533.1512,22,30,15,0,0,0,0
640.2207,24,39,17,3,0,0,0
542.1363,19,29,17,1,0,0,0
446.178,18,29,10,3,0,0,0
545.0996,18,26,19,0,0,0,0
360.0937,14,19,10,1,0,0,0
366.1406,14,25,10,1,0,0,0
317.0514,12,14,10,0,0,0,0
371.1097,15,20,9,2,0,0,0
557.2604,27,42,12,0,0,0,0
533.1182,39,18,3,0,0,0,0
543.1355,23,28,15,0,0,0,0
551.1254,21,28,17,0,0,0,0
597.1826,27,34,15,0,0,0,0
761.2358,29,46,23,0,0,0,0
519.1355,21,28,15,0,0,0,0
545.1513,23,30,15,0,0,0,0
521.1512,21,30,15,0,0,0,0
611.2346,29,40,14,0,0,0,0
417.0311,15,14,14,0,0,0,0
374.1093,15,21,10,1,0,0,0
443.3014,24,44,7,0,0,0,0
481.1926,20,34,13,0,0,0,0
387.0205,14,12,13,0,0,0,0
372.0936,15,19,10,1,0,0,0
701.2148,27,42,21,0,0,0,0
449.1414,17,26,12,2,0,0,0
484.1308,17,27,15,1,0,0,0
376.1362,14,23,9,3,0,0,0
635.2041,23,40,20,0,0,0,0
538.1414,20,29,16,1,0,0,0
352.0885,12,19,11,1,0,0,0
557.2087,22,38,16,0,0,0,0
469.0261,18,14,15,0,0,0,0
476.1522,18,27,12,3,0,0,0
436.1096,16,23,13,1,0,0,0
595.1517,23,32,18,0,0,0,0
572.1832,21,35,17,1,0,0,0
556.1883,21,35,16,1,0,0,0
475.2046,29,33,4,0,0,1,0
463.0763,35,12,2,0,0,0,0
531.1356,22,28,15,0,0,0,0
451.073,16,20,15,0,0,0,0
703.2303,27,44,21,0,0,0,0
503.0679,19,20,16,0,0,0,0
537.1825,22,34,15,0,0,0,0
466.1202,17,25,14,1,0,0,0
617.2299,24,42,18,0,0,0,0
567.1203,21,28,18,0,0,0,0
321.0463,11,14,11,0,0,0,0
571.1669,25,32,15,0,0,0,0
599.2346,28,40,14,0,0,0,0
451.157,17,28,12,2,0,0,0
362.1569,14,25,8,3,0,0,0
378.1406,15,25,10,1,0,0,0
517.1199,21,26,15,0,0,0,0
577.1622,20,34,19,0,0,0,0
531.2083,24,36,13,0,0,0,0
583.1669,26,32,15,0,0,0,0
517.0836,20,22,16,0,0,0,0
589.1258,20,30,20,0,0,0,0
359.0256,13,12,12,0,0,0,0
507.0992,19,24,16,0,0,0,0
503.2134,23,36,12,0,0,0,0
515.1981,20,36,15,0,0,0,0
387.1046,15,20,10,2,0,0,0
531.0991,21,24,16,0,0,0,0
529.229,25,38,12,0,0,0,0
350.1093,13,21,10,1,0,0,0
749.1995,27,42,24,0,0,0,0
376.1249,15,23,10,1,0,0,0
709.2045,25,42,23,0,0,0,0
423.1257,15,24,12,2,0,0,0
747.2201,28,44,23,0,0,0,0
450.1253,17,25,13,1,0,0,0
404.1311,15,23,10,3,0,0,0
823.2363,30,48,26,0,0,0,0
491.1043,19,24,15,0,0,0,0
685.1834,26,38,21,0,0,0,0
717.2096,27,42,22,0,0,0,0
401.0937,13,22,14,0,0,0,0
494.1515,19,29,14,1,0,0,0
390.1042,15,21,11,1,0,0,0
466.1566,18,29,13,1,0,0,0
419.0467,15,16,14,0,0,0,0
396.1512,15,27,11,1,0,0,0
401.1202,16,22,10,2,0,0,0
402.1154,15,21,10,3,0,0,0
406.1355,16,25,11,1,0,0,0
374.1933,16,29,7,3,0,0,0
436.146,17,27,12,1,0,0,0
473.2253,30,35,3,0,0,1,0
349.1504,15,26,9,0,0,0,0
505.1927,22,34,13,0,0,0,0
392.0835,14,19,12,1,0,0,0
403.147,25,25,3,0,0,1,0
549.1132,39,18,4,0,0,0,0
565.1411,22,30,17,0,0,0,0
497.0784,17,22,17,0,0,0,0
372.1049,14,19,9,3,0,0,0
410.094,14,21,13,1,0,0,0
495.2083,21,36,13,0,0,0,0
539.1981,22,36,15,0,0,0,0
387.1144,13,24,13,0,0,0,0
531.1719,23,32,14,0,0,0,0
597.2553,29,42,13,0,0,0,0
751.2152,27,44,24,0,0,0,0
521.1149,20,26,16,0,0,0,0
391.1358,15,24,10,2,0,0,0
553.1775,22,34,16,0,0,0,0
585.219,27,38,14,0,0,0,0
501.0522,19,18,16,0,0,0,0
641.1934,25,38,19,0,0,0,0
605.1934,22,38,19,0,0,0,0
463.073,17,20,15,0,0,0,0
375.1046,14,20,10,2,0,0,0
511.2032,21,36,14,0,0,0,0
517.1927,23,34,13,0,0,0,0
519.172,22,32,14,0,0,0,0
505.1563,21,30,14,0,0,0,0
613.1259,22,30,20,0,0,0,0
514.1413,18,29,16,1,0,0,0
373.1253,15,22,9,2,0,0,0
440.141,16,27,13,1,0,0,0
420.1148,16,23,12,1,0,0,0
417.1152,16,22,11,2,0,0,0
537.1462,21,30,16,0,0,0,0
421.1464,16,26,11,2,0,0,0
373.0447,11,18,12,0,1,0,0
517.1563,22,30,14,0,0,0,0
490.1678,19,29,12,3,0,0,0
569.1512,25,30,15,0,0,0,0
763.215,28,44,24,0,0,0,0
454.1202,16,25,14,1,0,0,0
587.1102,20,28,20,0,0,0,0
583.2397,28,40,13,0,0,0,0
408.1511,16,27,11,1,0,0,0
731.1888,27,40,23,0,0,0,0
609.2189,29,38,14,0,0,0,0
444.1623,18,27,10,3,0,0,0
445.1576,27,27,4,0,0,1,0
317.0878,13,18,9,0,0,0,0
557.1512,24,30,15,0,0,0,0
701.1784,26,38,22,0,0,0,0
363.2025,17,32,8,0,0,0,0
526.1777,20,33,15,1,0,0,0
407.1672,16,28,10,2,0,0,0
459.0417,17,16,15,0,0,0,0
554.1727,21,33,16,1,0,0,0
570.1676,21,33,17,1,0,0,0
661.1469,23,34,22,0,0,0,0
524.1621,20,31,15,1,0,0,0
489.1838,29,31,5,0,0,1,0
627.2143,25,40,18,0,0,0,0
665.1783,23,38,22,0,0,0,0
496.1308,18,27,15,1,0,0,0
333.0463,12,14,11,0,0,0,0
551.1618,22,32,16,0,0,0,0
671.1677,25,36,21,0,0,0,0
510.1464,19,29,15,1,0,0,0
561.1308,19,30,19,0,0,0,0
571.2033,26,36,14,0,0,0,0
531.193,20,36,16,0,0,0,0
416.1311,16,23,10,3,0,0,0
601.1258,21,30,20,0,0,0,0
421.0624,15,18,14,0,0,0,0
409.0624,14,18,14,0,0,0,0
368.1198,13,23,11,1,0,0,0
611.1465,23,32,19,0,0,0,0
412.1096,14,23,13,1,0,0,0
439.073,15,20,15,0,0,0,0
599.2193,24,40,17,0,0,0,0
543.2084,25,36,13,0,0,0,0
425.1664,17,30,12,0,0,0,0
571.2396,27,40,13,0,0,0,0
459.2097,29,33,3,0,0,1,0
529.0835,21,22,16,0,0,0,0
409.1715,17,30,11,0,0,0,0
390.1518,15,25,9,3,0,0,0
507.1719,21,32,14,0,0,0,0
499.2032,20,36,14,0,0,0,0
655.1729,25,36,20,0,0,0,0
543.172,24,32,14,0,0,0,0
493.1927,21,34,13,0,0,0,0
589.1985,22,38,18,0,0,0,0
595.2396,29,40,13,0,0,0,0
341.0725,11,18,12,0,0,0,0
353.1453,14,26,10,0,0,0,0
526.1414,19,29,16,1,0,0,0
597.2037,24,38,17,0,0,0,0
430.1467,17,25,10,3,0,0,0
503.1406,21,28,14,0,0,0,0
611.183,24,36,18,0,0,0,0
343.0307,13,12,11,0,0,0,0
406.0991,15,21,12,1,0,0,0
503.1043,20,24,15,0,0,0,0
687.1627,25,36,22,0,0,0,0
597.219,28,38,14,0,0,0,0
631.1364,22,32,21,0,0,0,0
480.1359,18,27,14,1,0,0,0
364.0885,13,19,11,1,0,0,0
695.1887,24,40,23,0,0,0,0
379.0518,13,16,13,0,0,0,0
418.1831,17,29,9,3,0,0,0
557.1876,25,34,14,0,0,0,0
447.0814,35,12,1,0,0,0,0
533.1723,19,34,17,0,0,0,0
629.2299,25,42,18,0,0,0,0
361.0413,13,14,12,0,0,0,0
399.1507,15,28,12,0,0,0,0
482.1516,18,29,14,1,0,0,0
469.2841,22,46,8,0,1,0,0
339.0569,11,16,12,0,0,0,0
389.0362,14,14,13,0,0,0,0
581.1724,23,34,17,0,0,0,0
452.1409,17,27,13,1,0,0,0
374.1205,14,21,9,3,0,0,0
457.3171,25,46,7,0,0,0,0
435.1872,19,32,11,0,0,0,0
405.1151,15,22,11,2,0,0,0
479.177,20,32,13,0,0,0,0
461.0573,17,18,15,0,0,0,0
361.1253,14,22,9,2,0,0,0
377.1202,14,22,10,2,0,0,0
705.1732,25,38,23,0,0,0,0
529.1563,23,30,14,0,0,0,0
407.2286,19,36,9,0,0,0,0
391.0518,14,16,13,0,0,0,0
375.141,15,24,9,2,0,0,0
362.1093,14,21,10,1,0,0,0
461.1889,28,31,4,0,0,1,0
485.279,22,46,9,0,1,0,0
429.0311,16,14,14,0,0,0,0
491.177,21,32,13,0,0,0,0
339.1297,13,24,10,0,0,0,0
376.0886,14,19,11,1,0,0,0
621.1883,22,38,20,0,0,0,0
643.1363,23,32,21,0,0,0,0
432.1624,17,27,10,3,0,0,0
625.1622,24,34,19,0,0,0,0
418.1467,16,25,10,3,0,0,0
651.199,23,40,21,0,0,0,0
424.146,16,27,12,1,0,0,0
509.1875,21,34,14,0,0,0,0
581.136,22,30,18,0,0,0,0
426.1253,15,25,13,1,0,0,0
733.2047,27,42,23,0,0,0,0
507.1355,20,28,15,0,0,0,0
597.1309,22,30,19,0,0,0,0
404.2038,17,31,8,3,0,0,0
431.0865,14,24,13,0,1,0,0
556.1518,20,31,17,1,0,0,0
477.1614,20,30,13,0,0,0,0
475.0729,18,20,15,0,0,0,0
468.1359,17,27,14,1,0,0,0
627.1415,23,32,20,0,0,0,0
540.157,20,31,16,1,0,0,0
375.0603,11,20,12,0,1,0,0
569.224,27,38,13,0,0,0,0
391.0552,11,20,13,0,1,0,0
527.089,18,24,18,0,0,0,0
645.2249,25,42,19,0,0,0,0
605.1571,21,34,20,0,0,0,0
419.0501,33,8,1,0,0,0,0
528.157,19,31,16,1,0,0,0
477.0886,18,22,15,0,0,0,0
527.1981,21,36,15,0,0,0,0
325.114,12,22,10,0,0,0,0
569.1876,26,34,14,0,0,0,0
481.0835,17,22,16,0,0,0,0
417.1627,26,27,3,0,0,1,0
399.078,13,20,14,0,0,0,0
512.1621,19,31,15,1,0,0,0
529.1927,24,34,13,0,0,0,0
661.2196,25,42,20,0,0,0,0
397.0624,13,18,14,0,0,0,0
663.1626,23,36,22,0,0,0,0
469.0835,16,22,16,0,0,0,0
424.1097,15,23,13,1,0,0,0
422.1304,16,25,12,1,0,0,0
433.0624,16,18,14,0,0,0,0
498.1464,18,29,15,1,0,0,0
392.1198,15,23,11,1,0,0,0
394.1355,15,25,11,1,0,0,0
603.1414,21,32,20,0,0,0,0
719.1889,26,40,23,0,0,0,0
501.1824,19,34,15,0,0,0,0
449.1664,19,30,12,0,0,0,0
501.0886,20,22,15,0,0,0,0
555.193,22,36,16,0,0,0,0
319.067,12,16,10,0,0,0,0
369.1402,14,26,11,0,0,0,0
435.1257,16,24,12,2,0,0,0
571.1152,20,28,19,0,0,0,0
705.2096,26,42,22,0,0,0,0
687.199,26,40,21,0,0,0,0
433.0658,34,10,1,0,0,0,0
635.1677,22,36,21,0,0,0,0
673.1471,24,34,22,0,0,0,0
525.1825,21,34,15,0,0,0,0
333.0827,13,18,10,0,0,0,0
382.1355,14,25,11,1,0,0,0
463.1821,20,32,12,0,0,0,0
643.2092,25,40,19,0,0,0,0
489.1613,21,30,13,0,0,0,0
633.1521,22,34,21,0,0,0,0
404.1675,16,27,9,3,0,0,0
515.177,23,32,13,0,0,0,0
421.0657,33,10,1,0,0,0,0
389.1203,15,22,10,2,0,0,0
558.1675,20,33,17,1,0,0,0
398.1304,14,25,12,1,0,0,0
347.062,13,16,11,0,0,0,0
401.0759,13,22,12,0,1,0,0
509.1148,19,26,16,0,0,0,0
415.1093,14,24,14,0,0,0,0
542.1726,20,33,16,1,0,0,0
517.1774,19,34,16,0,0,0,0
693.1731,24,38,23,0,0,0,0
707.1889,25,40,23,0,0,0,0
435.078,16,20,14,0,0,0,0
691.1575,24,36,23,0,0,0,0
693.2094,25,42,22,0,0,0,0
473.0573,18,18,15,0,0,0,0
575.1829,21,36,18,0,0,0,0
567.1567,22,32,17,0,0,0,0
465.0886,17,22,15,0,0,0,0
541.1047,19,26,18,0,0,0,0
463.1457,19,28,13,0,0,0,0
435.0814,34,12,1,0,0,0,0
721.2044,26,42,23,0,0,0,0
385.1351,14,26,12,0,0,0,0
387.0603,12,20,12,0,1,0,0
553.141,21,30,17,0,0,0,0
335.0984,13,20,10,0,0,0,0
657.152,24,34,21,0,0,0,0
525.1097,19,26,17,0,0,0,0
447.078,17,20,14,0,0,0,0
366.1042,13,21,11,1,0,0,0
363.0569,13,16,12,0,0,0,0
597.1673,23,34,18,0,0,0,0
367.0518,12,16,13,0,0,0,0
408.1147,15,23,12,1,0,0,0
703.1939,26,40,22,0,0,0,0
431.0467,16,16,14,0,0,0,0
349.114,14,22,10,0,0,0,0
410.1304,15,25,12,1,0,0,0
657.1884,25,38,20,0,0,0,0
559.1152,19,28,19,0,0,0,0
403.0552,12,20,13,0,1,0,0
523.1305,20,28,16,0,0,0,0
376.1726,15,27,8,3,0,0,0
497.1876,20,34,14,0,0,0,0
511.0941,18,24,17,0,0,0,0
591.1778,21,36,19,0,0,0,0
407.1307,15,24,11,2,0,0,0
585.1308,21,30,19,0,0,0,0
499.0941,17,24,17,0,0,0,0
641.157,24,34,20,0,0,0,0
355.1246,13,24,11,0,0,0,0
403.1359,16,24,10,2,0,0,0
417.0708,13,22,13,0,1,0,0
327.0933,11,20,11,0,0,0,0
380.1199,14,23,11,1,0,0,0
419.0865,13,24,13,0,1,0,0
681.2096,24,42,22,0,0,0,0
615.1414,22,32,20,0,0,0,0
569.1359,21,30,18,0,0,0,0
689.1783,25,38,22,0,0,0,0
433.1715,19,30,11,0,0,0,0
673.1834,25,38,21,0,0,0,0
323.062,11,16,11,0,0,0,0
405.0675,15,18,13,0,0,0,0
389.0759,12,22,12,0,1,0,0
583.1516,22,32,18,0,0,0,0
394.0991,14,21,12,1,0,0,0
378.1042,14,21,11,1,0,0,0
325.0776,11,18,11,0,0,0,0
423.078,15,20,14,0,0,0,0
393.0675,14,18,13,0,0,0,0
613.1622,23,34,19,0,0,0,0
645.1521,23,34,21,0,0,0,0
390.1882,16,29,8,3,0,0,0
441.0886,15,22,15,0,0,0,0
529.1046,18,26,18,0,0,0,0
539.1254,20,28,17,0,0,0,0
487.1668,18,32,15,0,0,0,0
349.0776,13,18,11,0,0,0,0
555.1203,20,28,18,0,0,0,0
495.0992,18,24,16,0,0,0,0
675.199,25,40,21,0,0,0,0
451.1457,18,28,13,0,0,0,0
503.1253,17,28,17,0,0,0,0
405.0708,12,22,13,0,1,0,0
437.1413,16,26,12,2,0,0,0
539.1618,21,32,16,0,0,0,0
335.062,12,16,11,0,0,0,0
377.0726,14,18,12,0,0,0,0
575.1466,20,32,19,0,0,0,0
533.1359,18,30,18,0,0,0,0
555.1566,21,32,17,0,0,0,0
443.1042,15,24,15,0,0,0,0
473.1512,17,30,15,0,0,0,0
443.1406,16,28,14,0,0,0,0
675.1626,24,36,22,0,0,0,0
691.1939,25,40,22,0,0,0,0
543.1203,19,28,18,0,0,0,0
371.1195,13,24,12,0,0,0,0
396.1147,14,23,12,1,0,0,0
501.1097,17,26,17,0,0,0,0
629.1572,23,34,20,0,0,0,0
453.0886,16,22,15,0,0,0,0
599.1465,22,32,19,0,0,0,0
371.0831,12,20,13,0,0,0,0
419.1307,16,24,11,2,0,0,0
471.0991,16,24,16,0,0,0,0
473.1148,16,26,16,0,0,0,0
573.1309,20,30,19,0,0,0,0
381.0675,13,18,13,0,0,0,0
411.078,14,20,14,0,0,0,0
619.1728,22,36,20,0,0,0,0
649.1833,23,38,21,0,0,0,0
439.1569,16,28,12,2,0,0,0
531.1203,18,28,18,0,0,0,0
547.1516,19,32,18,0,0,0,0
617.1572,22,34,20,0,0,0,0
587.1466,21,32,19,0,0,0,0
407.0831,15,20,13,0,0,0,0
647.1677,23,36,21,0,0,0,0
437.0937,16,22,14,0,0,0,0
483.0991,17,24,16,0,0,0,0
571.1516,21,32,18,0,0,0,0
459.1355,16,28,15,0,0,0,0
489.1461,17,30,16,0,0,0,0
451.1093,17,24,14,0,0,0,0
413.0937,14,22,14,0,0,0,0
527.1254,19,28,17,0,0,0,0
351.0933,13,20,11,0,0,0,0
467.1043,17,24,15,0,0,0,0
545.1359,19,30,18,0,0,0,0
385.0988,13,22,13,0,0,0,0
395.0831,14,20,13,0,0,0,0
531.1567,19,32,17,0,0,0,0
337.0776,12,18,11,0,0,0,0
379.0882,14,20,12,0,0,0,0
513.1097,18,26,17,0,0,0,0
557.1359,20,30,18,0,0,0,0
383.0831,13,20,13,0,0,0,0
455.1042,16,24,15,0,0,0,0
367.0882,13,20,12,0,0,0,0
425.0937,15,22,14,0,0,0,0
353.0726,12,18,12,0,0,0,0
369.1039,13,22,12,0,0,0,0
457.1199,16,26,15,0,0,0,0
485.1148,17,26,16,0,0,0,0
487.1304,17,28,16,0,0,0,0
399.1144,14,24,13,0,0,0,0
357.1039,12,22,12,0,0,0,0
312.1565,14,23,5,3,0,0,0
309.0252,13,10,9,0,0,0,0
327.0147,16,8,8,0,0,0,0
315.0146,15,8,8,0,0,0,0
333.1919,16,30,7,0,0,0,0
317.1394,18,22,5,0,0,0,0
350.9994,14,8,11,0,0,0,0
567.1872,30,32,11,0,0,0,0
307.0823,15,16,7,0,0,0,0
315.0874,17,16,6,0,0,0,0
349.1405,17,22,6,2,0,0,0
348.1088,17,19,7,1,0,0,0
617.0785,27,22,17,0,0,0,0
353.1031,20,18,6,0,0,0,0
307.046,14,12,8,0,0,0,0
367.1552,22,24,5,0,0,0,0
335.0884,15,16,7,2,0,0,0
363.0834,16,16,8,2,0,0,0
629.115,29,26,16,0,0,0,0
597.1249,29,26,14,0,0,0,0
363.0874,21,16,6,0,0,0,0
555.0417,25,16,15,0,0,0,0
633.2191,31,38,14,0,0,0,0
332.1463,13,23,7,3,0,0,0
435.2599,21,40,9,0,0,0,0
339.0874,19,16,6,0,0,0,0
388.1548,16,27,6,3,1,0,0
440.0834,18,19,12,1,0,0,0
585.2706,32,42,10,0,0,0,0
530.2465,32,38,4,1,0,1,0
358.0932,18,17,7,1,0,0,0
400.1249,17,23,10,1,0,0,0
478.0991,21,21,12,1,0,0,0
315.051,16,12,7,0,0,0,0
481.1868,27,30,8,0,0,0,0
375.0511,21,12,7,0,0,0,0
319.1551,18,24,5,0,0,0,0
419.0409,22,12,9,0,0,0,0
363.051,20,12,7,0,0,0,0
414.0467,19,13,10,1,0,0,0
587.2498,31,40,11,0,0,0,0
346.0568,16,13,8,1,0,0,0
363.1562,18,24,6,2,0,0,0
398.0517,19,13,9,1,0,0,0
327.1635,17,28,4,0,1,0,0
498.2204,31,34,3,1,0,1,0
388.2283,26,31,2,1,0,0,0
432.1301,21,23,9,1,0,0,0
451.2701,25,40,7,0,0,0,0
395.1865,24,28,5,0,0,0,0
635.1983,30,36,15,0,0,0,0
317.0303,15,10,8,0,0,0,0
458.0729,21,17,11,1,0,0,0
411.2177,25,32,5,0,0,0,0
525.3069,28,46,9,0,0,0,0
358.2177,25,29,1,1,0,0,0
409.1252,18,22,9,2,0,0,0
515.2498,25,40,11,0,0,0,0
333.1456,17,22,5,2,0,0,0
416.2232,27,31,3,1,0,0,0
428.2232,28,31,3,1,0,0,0
341.2082,17,30,5,2,0,0,0
467.1348,25,24,9,0,0,0,0
378.0467,16,13,10,1,0,0,0
406.0415,17,13,11,1,0,0,0
374.2085,20,29,4,3,0,0,0
585.0523,26,18,16,0,0,0,0
327.051,17,12,7,0,0,0,0
331.0096,15,8,9,0,0,0,0
397.2021,24,30,5,0,0,0,0
377.0667,21,14,7,0,0,0,0
405.094,18,18,9,2,0,0,0
348.0725,16,15,8,1,0,0,0
317.103,17,18,6,0,0,0,0
603.2631,32,44,9,0,1,0,0
407.1095,18,20,9,2,0,0,0
352.0674,15,15,9,1,0,0,0
426.1043,18,21,11,1,0,0,0
386.0517,18,13,9,1,0,0,0
381.094,16,18,9,2,0,0,0
335.0045,14,8,10,0,0,0,0
503.2498,24,40,11,0,0,0,0
523.0883,26,20,12,0,0,0,0
398.0881,20,17,8,1,0,0,0
393.098,22,18,7,0,0,0,0
621.2189,30,38,14,0,0,0,0
615.0992,28,24,16,0,0,0,0
423.145,24,24,7,0,0,0,0
415.2701,22,40,7,0,0,0,0
377.1355,18,22,7,2,0,0,0
396.1412,17,23,8,3,0,0,0
366.1195,17,21,8,1,0,0,0
495.2025,28,32,8,0,0,0,0
317.197,16,30,6,0,0,0,0
316.1878,14,27,5,3,0,0,0
418.0415,18,13,11,1,0,0,0
425.2334,26,34,5,0,0,0,0
409.0048,16,10,13,0,0,0,0
395.1096,17,20,9,2,0,0,0
423.0603,15,20,12,0,1,0,0
314.1722,14,25,5,3,0,0,0
479.062,24,16,11,0,0,0,0
555.2811,28,44,11,0,0,0,0
428.0623,20,15,10,1,0,0,0
601.229,31,38,12,0,0,0,0
539.2287,30,36,9,0,0,0,0
370.0568,18,13,8,1,0,0,0
414.2246,19,33,7,3,0,0,0
553.0623,26,18,14,0,0,0,0
629.1877,31,34,14,0,0,0,0
315.1198,13,20,7,2,0,0,0
549.1495,40,22,3,0,0,0,0
555.0781,26,20,14,0,0,0,0
683.2559,32,44,16,0,0,0,0
501.2202,31,35,4,0,0,1,0
377.0304,20,10,8,0,0,0,0
400.1038,20,19,8,1,0,0,0
358.0569,17,13,8,1,0,0,0
352.1038,16,19,8,1,0,0,0
378.1307,17,21,7,3,0,0,0
391.1147,18,20,8,2,0,0,0
323.1347,13,24,9,0,0,0,0
385.2596,21,38,6,0,0,0,0
569.2028,30,34,11,0,0,0,0
527.2862,27,44,10,0,0,0,0
414.083,20,17,9,1,0,0,0
367.1187,21,20,6,0,0,0,0
339.051,18,12,7,0,0,0,0
451.1398,25,24,8,0,0,0,0
525.2494,30,38,8,0,0,0,0
523.1247,27,24,11,0,0,0,0
446.1092,21,21,10,1,0,0,0
467.2076,27,32,7,0,0,0,0
341.1395,20,22,5,0,0,0,0
509.109,26,22,11,0,0,0,0
619.2033,30,36,14,0,0,0,0
339.2177,19,32,5,0,0,0,0
412.0674,20,15,9,1,0,0,0
603.2447,31,40,12,0,0,0,0
453.1555,25,26,8,0,0,0,0
446.073,20,17,11,1,0,0,0
489.2341,23,38,11,0,0,0,0
349.1041,16,18,7,2,0,0,0
421.0929,23,18,8,0,0,0,0
531.2811,26,44,11,0,0,0,0
414.9943,18,8,12,0,0,0,0
621.1462,28,30,16,0,0,0,0
421.0048,17,10,13,0,0,0,0
603.0992,27,24,16,0,0,0,0
463.0671,24,16,10,0,0,0,0
390.2398,21,33,4,3,0,0,0
409.1293,23,22,7,0,0,0,0
485.2756,25,42,9,0,0,0,0
323.1864,18,28,5,0,0,0,0
567.0782,27,20,14,0,0,0,0
327.0874,18,16,6,0,0,0,0
444.0935,21,19,10,1,0,0,0
453.1919,26,30,7,0,0,0,0
424.0885,18,19,11,1,0,0,0
392.1497,15,27,7,3,1,0,0
577.0471,24,18,17,0,0,0,0
402.0467,18,13,10,1,0,0,0
349.1868,16,30,8,0,0,0,0
396.13,18,23,9,1,0,0,0
334.1772,17,25,4,3,0,0,0
573.0522,25,18,16,0,0,0,0
362.0518,16,13,9,1,0,0,0
415.249,25,36,5,0,0,0,0
428.0987,21,19,9,1,0,0,0
364.1514,17,23,6,3,0,0,0
375.1926,20,28,5,2,0,0,0
406.162,19,25,7,3,0,0,0
563.1652,41,24,3,0,0,0,0
448.0885,20,19,11,1,0,0,0
450.1042,20,21,11,1,0,0,0
393.094,17,18,9,2,0,0,0
420.13,20,23,9,1,0,0,0
525.1767,28,30,10,0,0,0,0
314.2085,15,29,4,3,0,0,0
451.0306,22,12,11,0,0,0,0
535.3277,30,48,8,0,0,0,0
502.2516,31,38,3,1,0,1,0
391.0823,22,16,7,0,0,0,0
615.1721,30,32,14,0,0,0,0
453.2283,27,34,6,0,0,0,0
433.093,24,18,8,0,0,0,0
437.1242,24,22,8,0,0,0,0
547.0365,23,16,16,0,0,0,0
537.1404,28,26,11,0,0,0,0
424.1249,19,23,10,1,0,0,0
376.1912,16,31,5,3,1,0,0
431.265,22,40,8,0,0,0,0
347.0045,15,8,10,0,0,0,0
459.2599,23,40,9,0,0,0,0
420.1776,20,27,7,3,0,0,0
525.2131,29,34,9,0,0,0,0
384.13,17,23,9,1,0,0,0
436.1249,20,23,10,1,0,0,0
537.1039,27,22,12,0,0,0,0
326.1721,15,25,5,3,0,0,0
514.2517,32,38,3,1,0,1,0
581.0784,24,22,17,0,0,0,0
481.0412,23,14,12,0,0,0,0
587.2134,30,36,12,0,0,0,0
377.099,17,18,8,2,0,0,0
421.2595,24,38,6,0,0,0,0
589.2655,31,42,11,0,0,0,0
436.0885,19,19,11,1,0,0,0
362.9994,15,8,11,0,0,0,0
388.1514,19,23,6,3,0,0,0
420.0573,18,15,11,1,0,0,0
585.125,28,26,14,0,0,0,0
364.1038,17,19,8,1,0,0,0
465.2858,26,42,7,0,0,0,0
396.1776,18,27,7,3,0,0,0
523.1609,28,28,10,0,0,0,0
352.1514,16,23,6,3,0,0,0
355.0096,17,8,9,0,0,0,0
435.0722,23,16,9,0,0,0,0
435.0357,22,12,10,0,0,0,0
591.2811,31,44,11,0,0,0,0
400.0674,19,15,9,1,0,0,0
372.0725,18,15,8,1,0,0,0
603.2082,30,36,13,0,0,0,0
481.2232,28,34,7,0,0,0,0
363.1198,17,20,7,2,0,0,0
365.1817,16,30,9,0,0,0,0
597.1615,30,30,13,0,0,0,0
402.1194,20,21,8,1,0,0,0
553.3018,29,46,10,0,0,0,0
439.1762,25,28,7,0,0,0,0
317.0667,16,14,7,0,0,0,0
347.2075,17,32,7,0,0,0,0
374.9994,16,8,11,0,0,0,0
381.1344,22,22,6,0,0,0,0
373.2596,20,38,6,0,0,0,0
383.0045,18,8,10,0,0,0,0
393.0859,15,22,10,0,1,0,0
405.2858,21,42,7,0,0,0,0
321.1708,18,26,5,0,0,0,0
412.209,19,31,7,3,0,0,0
443.265,23,40,8,0,0,0,0
343.1511,15,24,7,2,0,0,0
467.1712,26,28,8,0,0,0,0
495.0569,24,16,12,0,0,0,0
413.2334,25,34,5,0,0,0,0
471.0205,21,12,13,0,0,0,0
559.2913,31,44,9,0,0,0,0
393.1303,18,22,8,2,0,0,0
383.1864,23,28,5,0,0,0,0
404.1351,20,23,8,1,0,0,0
427.249,26,36,5,0,0,0,0
495.1297,26,24,10,0,0,0,0
557.0574,25,18,15,0,0,0,0
571.2549,31,40,10,0,0,0,0
599.1407,29,28,14,0,0,0,0
362.1358,17,21,6,3,0,0,0
617.1877,30,34,14,0,0,0,0
365.0667,20,14,7,0,0,0,0
593.0786,25,22,17,0,0,0,0
481.1504,26,26,9,0,0,0,0
511.2913,27,44,9,0,0,0,0
350.0882,16,17,8,1,0,0,0
393.0252,20,10,9,0,0,0,0
555.2236,30,36,10,0,0,0,0
539.0831,26,20,13,0,0,0,0
434.1093,20,21,10,1,0,0,0
329.1031,18,18,6,0,0,0,0
377.2334,22,34,5,0,0,0,0
501.031,22,14,14,0,0,0,0
483.2752,29,40,6,0,0,0,0
405.2494,20,38,8,0,0,0,0
539.2862,28,44,10,0,0,0,0
601.0836,27,22,16,0,0,0,0
529.2654,26,42,11,0,0,0,0
369.1708,22,26,5,0,0,0,0
539.1196,27,24,12,0,0,0,0
449.0878,24,18,9,0,0,0,0
447.2752,26,40,6,0,0,0,0
511.161,27,28,10,0,0,0,0
513.031,23,14,14,0,0,0,0
341.1031,19,18,6,0,0,0,0
331.1915,20,28,4,0,0,0,0
300.1929,14,27,4,3,0,0,0
505.026,21,14,15,0,0,0,0
351.051,19,12,7,0,0,0,0
426.1882,19,29,8,3,0,0,0
313.1657,16,26,6,0,0,0,0
601.1927,30,34,13,0,0,0,0
405.0616,22,14,8,0,0,0,0
432.0572,19,15,11,1,0,0,0
391.2701,20,40,7,0,0,0,0
353.0667,19,14,7,0,0,0,0
591.0992,26,24,16,0,0,0,0
425.1606,24,26,7,0,0,0,0
390.1195,19,21,8,1,0,0,0
329.1354,14,22,7,2,0,0,0
386.0881,19,17,8,1,0,0,0
509.0725,25,18,12,0,0,0,0
465.0464,23,14,11,0,0,0,0
441.0099,20,10,12,0,0,0,0
331.2126,17,32,6,0,0,0,0
543.0416,24,16,15,0,0,0,0
575.2862,31,44,10,0,0,0,0
433.0049,18,10,13,0,0,0,0
449.2392,21,38,10,0,0,0,0
360.0725,17,15,8,1,0,0,0
525.1402,27,26,11,0,0,0,0
601.12,28,26,15,0,0,0,0
367.0095,18,8,9,0,0,0,0
481.0777,24,18,11,0,0,0,0
553.0989,27,22,13,0,0,0,0
425.0151,20,10,11,0,0,0,0
430.078,20,17,10,1,0,0,0
539.1559,28,28,11,0,0,0,0
434.0729,19,17,11,1,0,0,0
350.1722,17,25,5,3,0,0,0
497.2545,29,38,7,0,0,0,0
418.1143,20,21,9,1,0,0,0
599.1771,30,32,13,0,0,0,0
497.1817,27,30,9,0,0,0,0
379.0824,21,16,7,0,0,0,0
581.149,19,35,18,0,0,1,0
481.2807,26,42,8,0,0,0,0
411.0239,13,16,13,0,1,0,0
500.236,31,36,3,1,0,1,0
571.2184,30,36,11,0,0,0,0
362.0882,17,17,8,1,0,0,0
587.1043,27,24,15,0,0,0,0
587.1407,28,28,14,0,0,0,0
541.0988,26,22,13,0,0,0,0
374.0882,18,17,8,1,0,0,0
585.0887,27,22,15,0,0,0,0
329.0303,16,10,8,0,0,0,0
497.1453,26,26,10,0,0,0,0
495.0934,25,20,11,0,0,0,0
809.2569,30,50,25,0,0,0,0
390.0466,17,13,10,1,0,0,0
465.0827,24,18,10,0,0,0,0
395.1137,22,20,7,0,0,0,0
416.0623,19,15,10,1,0,0,0
329.1758,20,26,4,0,0,0,0
410.1933,19,29,7,3,0,0,0
365.0303,19,10,8,0,0,0,0
605.1513,28,30,15,0,0,0,0
579.0628,24,20,17,0,0,0,0
585.1614,29,30,13,0,0,0,0
571.1821,29,32,12,0,0,0,0
571.1457,28,28,13,0,0,0,0
471.26,24,40,9,0,0,0,0
531.0416,23,16,15,0,0,0,0
372.1565,19,23,5,3,0,0,0
587.0678,26,20,16,0,0,0,0
416.0987,20,19,9,1,0,0,0
407.0773,22,16,8,0,0,0,0
437.0878,23,18,9,0,0,0,0
391.046,21,12,8,0,0,0,0
451.1035,24,20,9,0,0,0,0
367.1529,15,29,8,0,0,1,0
473.2909,28,42,6,0,0,0,0
425.197,25,30,6,0,0,0,0
459.2752,27,40,6,0,0,0,0
398.9994,18,8,11,0,0,0,0
565.1199,25,26,15,0,0,0,0
422.0729,18,17,11,1,0,0,0
511.1974,28,32,9,0,0,0,0
423.1086,23,20,8,0,0,0,0
379.2338,18,36,8,0,0,0,0
403.249,24,36,5,0,0,0,0
449.0514,23,14,10,0,0,0,0
487.2549,24,40,10,0,0,0,0
513.2705,26,42,10,0,0,0,0
525.1038,26,22,12,0,0,0,0
409.0201,20,10,10,0,0,0,0
475.0154,20,12,14,0,0,0,0
521.312,29,46,8,0,0,0,0
422.1093,19,21,10,1,0,0,0
353.0303,18,10,8,0,0,0,0
418.0779,19,17,10,1,0,0,0
366.1307,16,21,7,3,0,0,0
389.2334,23,34,5,0,0,0,0
406.1143,19,21,9,1,0,0,0
315.1813,16,28,6,0,0,0,0
374.0518,17,13,9,1,0,0,0
481.1141,25,22,10,0,0,0,0
527.0468,24,16,14,0,0,0,0
513.2858,30,42,7,0,0,0,0
394.1143,18,21,9,1,0,0,0
601.1562,29,30,14,0,0,0,0
563.0678,24,20,16,0,0,0,0
412.2453,20,35,6,3,0,0,0
451.0671,23,16,10,0,0,0,0
493.0259,20,14,15,0,0,0,0
407.0408,21,12,9,0,0,0,0
511.1246,26,24,11,0,0,0,0
376.2242,20,31,4,3,0,0,0
543.1872,28,32,11,0,0,0,0
487.3065,29,44,6,0,0,0,0
467.0984,24,20,10,0,0,0,0
593.1149,26,26,16,0,0,0,0
485.2909,29,42,6,0,0,0,0
589.1563,28,30,14,0,0,0,0
541.0625,25,18,14,0,0,0,0
431.1229,15,28,12,0,1,0,0
357.1668,16,26,7,2,0,0,0
378.1195,18,21,8,1,0,0,0
491.3014,28,44,7,0,0,0,0
561.0522,24,18,16,0,0,0,0
497.2756,26,42,9,0,0,0,0
455.2439,27,36,6,0,0,0,0
445.0049,19,10,13,0,0,0,0
461.2908,27,42,6,0,0,0,0
497.0362,23,14,13,0,0,0,0
463.0154,19,12,14,0,0,0,0
343.0096,16,8,9,0,0,0,0
559.073,25,20,15,0,0,0,0
511.0883,25,20,12,0,0,0,0
413.2545,22,38,7,0,0,0,0
455.0256,21,12,12,0,0,0,0
513.1766,27,30,10,0,0,0,0
335.1711,15,28,8,0,0,0,0
388.1038,19,19,8,1,0,0,0
328.1878,15,27,5,3,0,0,0
381.098,21,18,7,0,0,0,0
425.2545,23,38,7,0,0,0,0
575.1042,26,24,15,0,0,0,0
565.3018,30,46,10,0,0,0,0
541.1716,28,30,11,0,0,0,0
583.1458,29,28,13,0,0,0,0
603.1718,29,32,14,0,0,0,0
573.2705,31,42,10,0,0,0,0
587.177,29,32,13,0,0,0,0
571.073,26,20,15,0,0,0,0
541.2443,30,38,9,0,0,0,0
325.202,18,30,5,0,0,0,0
555.1508,28,28,12,0,0,0,0
421.0565,22,14,9,0,0,0,0
364.0674,16,15,9,1,0,0,0
376.1038,18,19,8,1,0,0,0
437.2545,24,38,7,0,0,0,0
555.1144,27,24,13,0,0,0,0
589.12,27,26,15,0,0,0,0
543.1508,27,28,12,0,0,0,0
402.083,19,17,9,1,0,0,0
493.229,22,38,12,0,0,0,0
603.1356,28,28,15,0,0,0,0
411.1813,24,28,6,0,0,0,0
513.1402,26,26,11,0,0,0,0
527.2651,30,40,8,0,0,0,0
577.12,26,26,15,0,0,0,0
432.0936,20,19,10,1,0,0,0
404.0987,19,19,9,1,0,0,0
573.1614,28,30,13,0,0,0,0
439.1398,24,24,8,0,0,0,0
433.2595,25,38,6,0,0,0,0
571.1093,27,24,14,0,0,0,0
575.0679,25,20,16,0,0,0,0
453.1191,24,22,9,0,0,0,0
579.1356,26,28,15,0,0,0,0
455.265,24,40,8,0,0,0,0
423.0358,21,12,10,0,0,0,0
396.214,19,31,6,3,0,0,0
341.0303,17,10,8,0,0,0,0
569.1301,28,26,13,0,0,0,0
439.0307,21,12,11,0,0,0,0
420.0936,19,19,10,1,0,0,0
519.3327,30,48,7,0,0,0,0
549.0522,23,18,16,0,0,0,0
341.0667,18,14,7,0,0,0,0
467.062,23,16,11,0,0,0,0
383.1501,22,24,6,0,0,0,0
559.1093,26,24,14,0,0,0,0
394.162,18,25,7,3,0,0,0
557.2029,29,34,11,0,0,0,0
591.1356,27,28,15,0,0,0,0
561.125,26,26,14,0,0,0,0
511.0519,24,16,13,0,0,0,0
589.0835,26,22,16,0,0,0,0
575.1406,27,28,14,0,0,0,0
380.1464,17,23,7,3,0,0,0
428.2038,19,31,8,3,0,0,0
477.1726,19,30,12,2,0,0,0
486.1253,20,25,13,1,0,0,0
527.0831,25,20,13,0,0,0,0
404.0623,18,15,10,1,0,0,0
399.2177,24,32,5,0,0,0,0
394.1984,19,29,6,3,0,0,0
382.1984,18,29,6,3,0,0,0
499.161,26,28,10,0,0,0,0
407.2439,23,36,6,0,0,0,0
329.0666,17,14,7,0,0,0,0
527.1558,27,28,11,0,0,0,0
425.1242,23,22,8,0,0,0,0
579.0992,25,24,16,0,0,0,0
437.0515,22,14,10,0,0,0,0
511.2337,29,36,8,0,0,0,0
541.2079,29,34,10,0,0,0,0
499.3065,30,44,6,0,0,0,0
321.0252,14,10,9,0,0,0,0
525.0675,25,18,13,0,0,0,0
543.1145,26,24,13,0,0,0,0
366.1671,17,25,6,3,0,0,0
363.2177,21,32,5,0,0,0,0
545.0573,24,18,15,0,0,0,0
392.0623,17,15,10,1,0,0,0
543.078,25,20,14,0,0,0,0
471.2752,28,40,6,0,0,0,0
493.2807,27,42,8,0,0,0,0
409.0929,22,18,8,0,0,0,0
411.145,23,24,7,0,0,0,0
515.0467,23,16,14,0,0,0,0
376.1514,18,23,6,3,0,0,0
439.1035,23,20,9,0,0,0,0
541.1352,27,26,12,0,0,0,0
527.2287,29,36,9,0,0,0,0
573.0886,26,22,15,0,0,0,0
326.2085,16,29,4,3,0,0,0
469.114,24,22,10,0,0,0,0
401.2545,21,38,7,0,0,0,0
381.0252,19,10,9,0,0,0,0
505.3171,29,46,7,0,0,0,0
469.2596,28,38,6,0,0,0,0
328.2242,16,31,4,3,0,0,0
507.2963,28,44,8,0,0,0,0
463.2701,26,40,7,0,0,0,0
384.214,18,31,6,3,0,0,0
319.0459,15,12,8,0,0,0,0
329.197,17,30,6,0,0,0,0
335.1864,19,28,5,0,0,0,0
399.133,15,28,10,0,1,0,0
573.1977,29,34,12,0,0,0,0
388.0674,18,15,9,1,0,0,0
379.046,20,12,8,0,0,0,0
509.2756,27,42,9,0,0,0,0
499.1246,25,24,11,0,0,0,0
497.2181,28,34,8,0,0,0,0
513.1038,25,22,12,0,0,0,0
389.2545,20,38,7,0,0,0,0
557.0937,26,22,14,0,0,0,0
523.2912,28,44,9,0,0,0,0
354.1558,17,25,7,1,0,0,0
398.1933,18,29,7,3,0,0,0
469.2232,27,34,7,0,0,0,0
441.2283,26,34,6,0,0,0,0
457.2596,27,38,6,0,0,0,0
425.2215,19,38,8,0,1,0,0
483.0933,24,20,11,0,0,0,0
527.1923,28,32,10,0,0,0,0
483.1661,26,28,9,0,0,0,0
429.0099,19,10,12,0,0,0,0
393.0616,21,14,8,0,0,0,0
483.2388,28,36,7,0,0,0,0
485.3273,30,46,5,0,0,0,0
477.2858,27,42,7,0,0,0,0
453.0463,22,14,11,0,0,0,0
777.2674,30,50,23,0,0,0,0
423.0722,22,16,9,0,0,0,0
489.0311,21,14,14,0,0,0,0
413.0759,14,22,12,0,1,0,0
406.1983,20,29,6,3,0,0,0
406.078,18,17,10,1,0,0,0
376.0674,17,15,9,1,0,0,0
333.1707,19,26,5,0,0,0,0
338.1721,16,25,5,3,0,0,0
356.2555,18,35,4,3,0,0,0
379.0341,13,16,11,0,1,0,0
401.2333,24,34,5,0,0,0,0
465.128,28,22,3,2,1,0,0
408.1776,19,27,7,3,0,0,0
545.0937,25,22,14,0,0,0,0
359.0045,16,8,10,0,0,0,0
455.1348,24,24,9,0,0,0,0
549.3069,30,46,9,0,0,0,0
543.2236,29,36,10,0,0,0,0
547.1093,25,24,14,0,0,0,0
441.1555,24,26,8,0,0,0,0
513.0675,24,18,13,0,0,0,0
483.2025,27,32,8,0,0,0,0
453.0827,23,18,10,0,0,0,0
497.0725,24,18,12,0,0,0,0
483.0569,23,16,12,0,0,0,0
483.1297,25,24,10,0,0,0,0
445.2596,26,38,6,0,0,0,0
557.1301,27,26,13,0,0,0,0
485.1454,25,26,10,0,0,0,0
383.2439,21,36,6,0,0,0,0
378.2035,19,29,5,3,0,0,0
390.0831,18,17,9,1,0,0,0
337.202,19,30,5,0,0,0,0
459.0205,20,12,13,0,0,0,0
577.0836,25,22,16,0,0,0,0
375.2177,22,32,5,0,0,0,0
402.9943,17,8,12,0,0,0,0
531.1508,26,28,12,0,0,0,0
429.2494,22,38,8,0,0,0,0
529.0624,24,18,14,0,0,0,0
547.073,24,20,15,0,0,0,0
400.2089,18,31,7,3,0,0,0
457.2443,23,38,9,0,0,0,0
467.265,25,40,8,0,0,0,0
497.1089,25,22,11,0,0,0,0
515.1559,26,28,11,0,0,0,0
485.0361,22,14,13,0,0,0,0
529.1351,26,26,12,0,0,0,0
515.1195,25,24,12,0,0,0,0
367.0824,20,16,7,0,0,0,0
519.0416,22,16,15,0,0,0,0
419.265,21,40,8,0,0,0,0
391.2337,19,36,8,0,0,0,0
499.0518,23,16,13,0,0,0,0
395.2439,22,36,6,0,0,0,0
387.2177,23,32,5,0,0,0,0
499.0882,24,20,12,0,0,0,0
404.1827,20,27,6,3,0,0,0
573.125,27,26,14,0,0,0,0
469.1504,25,26,9,0,0,0,0
529.0987,25,22,13,0,0,0,0
543.26,30,40,9,0,0,0,0
469.0413,22,14,12,0,0,0,0
483.2599,25,40,9,0,0,0,0
378.1671,18,25,6,3,0,0,0
561.0886,25,22,15,0,0,0,0
469.1868,26,30,8,0,0,0,0
375.2752,20,40,6,0,0,0,0
531.0781,24,20,14,0,0,0,0
441.2494,23,38,8,0,0,0,0
427.2126,25,32,6,0,0,0,0
557.2393,30,38,10,0,0,0,0
371.0045,17,8,10,0,0,0,0
371.2439,20,36,6,0,0,0,0
381.1766,16,30,10,0,0,0,0
439.0671,22,16,10,0,0,0,0
499.2701,29,40,7,0,0,0,0
340.2242,17,31,4,3,0,0,0
441.1281,15,27,11,2,0,1,0
501.1402,25,26,11,0,0,0,0
343.1187,19,20,6,0,0,0,0
433.2443,21,38,9,0,0,0,0
355.0823,19,16,7,0,0,0,0
533.312,30,46,8,0,0,0,0
559.1458,27,28,13,0,0,0,0
397.1293,22,22,7,0,0,0,0
419.2439,24,36,6,0,0,0,0
395.0773,21,16,8,0,0,0,0
531.1145,25,24,13,0,0,0,0
557.1665,28,30,12,0,0,0,0
317.1064,14,22,6,0,1,0,0
443.2439,26,36,6,0,0,0,0
535.2913,29,44,9,0,0,0,0
390.1671,19,25,6,3,0,0,0
447.0205,19,12,13,0,0,0,0
469.0776,23,18,11,0,0,0,0
380.1827,18,27,6,3,0,0,0
367.0459,19,12,8,0,0,0,0
533.0937,24,22,14,0,0,0,0
479.265,26,40,8,0,0,0,0
508.1357,18,39,5,1,5,0,0
425.0878,22,18,9,0,0,0,0
503.3014,29,44,7,0,0,0,0
455.0984,23,20,10,0,0,0,0
355.0459,18,12,8,0,0,0,0
431.2439,25,36,6,0,0,0,0
449.2544,25,38,7,0,0,0,0
517.1352,25,26,12,0,0,0,0
413.015,19,10,11,0,0,0,0
515.3014,30,44,7,0,0,0,0
343.046,17,12,8,0,0,0,0
473.0362,21,14,13,0,0,0,0
513.2494,29,38,8,0,0,0,0
411.1085,22,20,8,0,0,0,0
397.0201,19,10,10,0,0,0,0
409.0565,21,14,9,0,0,0,0
503.0467,22,16,14,0,0,0,0
527.1195,26,24,12,0,0,0,0
471.1297,24,24,10,0,0,0,0
374.1722,19,25,5,3,0,0,0
529.2807,30,42,8,0,0,0,0
487.3429,30,48,5,0,0,0,0
489.2858,28,42,7,0,0,0,0
517.0624,23,18,14,0,0,0,0
427.0307,20,12,11,0,0,0,0
485.109,24,22,11,0,0,0,0
547.2913,30,44,9,0,0,0,0
361.202,21,30,5,0,0,0,0
351.2177,20,32,5,0,0,0,0
369.0252,18,10,9,0,0,0,0
515.0831,24,20,13,0,0,0,0
443.0256,20,12,12,0,0,0,0
344.2191,16,31,5,3,0,0,0
395.0409,20,12,9,0,0,0,0
485.0726,23,18,12,0,0,0,0
381.0616,20,14,8,0,0,0,0
429.2283,25,34,6,0,0,0,0
371.1018,13,24,10,0,1,0,0
425.0514,21,14,10,0,0,0,0
501.1039,24,22,12,0,0,0,0
519.2963,29,44,8,0,0,0,0
391.143,17,28,8,0,1,0,0
441.0463,21,14,11,0,0,0,0
441.1191,23,22,9,0,0,0,0
545.1289,30,28,6,0,0,2,0
417.01,18,10,12,0,0,0,0
411.0358,20,12,10,0,0,0,0
475.2701,27,40,7,0,0,0,0
499.1951,20,37,12,0,0,1,0
411.2058,18,36,8,0,1,0,0
487.1246,24,24,11,0,0,0,0
455.062,22,16,11,0,0,0,0
417.2494,21,38,8,0,0,0,0
517.3171,30,46,7,0,0,0,0
531.2964,30,44,8,0,0,0,0
521.2756,28,42,9,0,0,0,0
441.0827,22,18,10,0,0,0,0
505.2807,28,42,8,0,0,0,0
411.2388,22,36,7,0,0,0,0
389.1274,19,23,5,2,0,1,0
501.2858,29,42,7,0,0,0,0
381.2283,21,34,6,0,0,0,0
471.0569,22,16,12,0,0,0,0
485.2545,28,38,7,0,0,0,0
471.0933,23,20,11,0,0,0,0
364.1878,18,27,5,3,0,0,0
457.0412,21,14,12,0,0,0,0
411.0721,21,16,9,0,0,0,0
393.2283,22,34,6,0,0,0,0
819.2779,32,52,24,0,0,0,0
423.2388,23,36,7,0,0,0,0
457.114,23,22,10,0,0,0,0
427.1035,22,20,9,0,0,0,0
357.0252,17,10,9,0,0,0,0
499.2337,28,36,8,0,0,0,0
487.2701,28,40,7,0,0,0,0
327.2177,18,32,5,0,0,0,0
337.1327,14,26,7,0,1,0,0
383.0409,19,12,9,0,0,0,0
473.2545,27,38,7,0,0,0,0
405.2282,23,34,6,0,0,0,0
451.1123,27,20,3,2,1,0,0
392.1827,19,27,6,3,0,0,0
401.015,18,10,11,0,0,0,0
386.9994,17,8,11,0,0,0,0
457.0777,22,18,11,0,0,0,0
515.265,29,40,8,0,0,0,0
461.2544,26,38,7,0,0,0,0
385.0201,18,10,10,0,0,0,0
357.2283,19,34,6,0,0,0,0
342.2398,17,33,4,3,0,0,0
349.2021,20,30,5,0,0,0,0
387.2388,20,36,7,0,0,0,0
427.0671,21,16,10,0,0,0,0
359.2439,19,36,6,0,0,0,0
503.3378,30,48,6,0,0,0,0
411.133,16,28,10,0,1,0,0
385.1174,14,26,10,0,1,0,0
354.2035,17,29,5,3,0,0,0
377.2181,18,34,8,0,0,0,0
375.2388,19,36,7,0,0,0,0
330.2034,15,29,5,3,0,0,0
461.2392,22,38,10,0,0,0,0
495.2964,27,44,8,0,0,0,0
501.3222,30,46,6,0,0,0,0
363.2388,18,36,7,0,0,0,0
477.2341,22,38,11,0,0,0,0
329.2333,18,34,5,0,0,0,0
361.2232,18,34,7,0,0,0,0
439.0552,15,20,13,0,1,0,0
347.2439,18,36,6,0,0,0,0
345.2283,18,34,6,0,0,0,0
479.3014,27,44,7,0,0,0,0
331.249,18,36,5,0,0,0,0
343.0823,18,16,7,0,0,0,0
355.1187,20,20,6,0,0,0,0
333.0252,15,10,9,0,0,0,0
365.099,16,18,8,2,0,0,0
309.1344,16,22,6,0,0,0,0
345.1919,17,30,7,0,0,0,0
340.1514,15,23,6,3,0,0,0
317.1606,15,26,7,0,0,0,0
382.162,17,25,7,3,0,0,0
370.1984,17,29,6,3,0,0,0
591.172,28,32,14,0,0,0,0
329.1394,19,22,5,0,0,0,0
354.0831,15,17,9,1,0,0,0
397.1657,23,26,6,0,0,0,0
529.1716,27,30,11,0,0,0,0
455.2075,26,32,7,0,0,0,0
453.2494,24,38,8,0,0,0,0
311.0409,13,12,9,0,0,0,0
345.0252,16,10,9,0,0,0,0
499.2549,25,40,10,0,0,0,0
438.1042,19,21,11,1,0,0,0
573.2341,30,38,11,0,0,0,0
343.1551,20,24,5,0,0,0,0
471.2388,27,36,7,0,0,0,0
311.15,16,24,6,0,0,0,0
419.2286,20,36,9,0,0,0,0
309.0616,14,14,8,0,0,0,0
327.1813,17,28,6,0,0,0,0
371.1864,22,28,5,0,0,0,0
392.0987,18,19,9,1,0,0,0
355.2126,19,32,6,0,0,0,0
517.0988,24,22,13,0,0,0,0
331.0823,17,16,7,0,0,0,0
510.1828,20,33,14,1,0,0,0
513.213,28,34,9,0,0,0,0
501.0675,23,18,13,0,0,0,0
593.1512,27,30,15,0,0,0,0
378.0831,17,17,9,1,0,0,0
332.1827,14,27,6,3,0,0,0
359.146,15,24,8,2,0,0,0
319.1187,17,20,6,0,0,0,0
340.1878,16,27,5,3,0,0,0
357.1708,21,26,5,0,0,0,0
309.098,15,18,7,0,0,0,0
385.2021,23,30,5,0,0,0,0
383.1137,21,20,7,0,0,0,0
487.0518,22,16,13,0,0,0,0
396.1091,21,19,7,1,0,0,0
455.1711,25,28,8,0,0,0,0
386.1093,16,21,10,1,0,0,0
366.0831,16,17,9,1,0,0,0
408.0572,17,15,11,1,0,0,0
397.0565,20,14,9,0,0,0,0
355.1551,21,24,5,0,0,0,0
413.0514,20,14,10,0,0,0,0
368.0623,15,15,10,1,0,0,0
503.265,28,40,8,0,0,0,0
559.1821,28,32,12,0,0,0,0
331.0459,16,12,8,0,0,0,0
595.1305,26,28,16,0,0,0,0
368.1827,17,27,6,3,0,0,0
563.1043,25,24,15,0,0,0,0
370.1144,16,21,9,1,0,0,0
396.0572,16,15,11,1,0,0,0
369.098,20,18,7,0,0,0,0
417.2283,24,34,6,0,0,0,0
519.1145,24,24,13,0,0,0,0
503.0831,23,20,13,0,0,0,0
589.1927,29,34,13,0,0,0,0
340.115,14,19,7,3,0,0,0
567.0991,24,24,16,0,0,0,0
503.1195,24,24,12,0,0,0,0
533.0573,23,18,15,0,0,0,0
383.0773,20,16,8,0,0,0,0
408.0936,18,19,10,1,0,0,0
341.197,18,30,6,0,0,0,0
415.2126,24,32,6,0,0,0,0
459.2388,26,36,7,0,0,0,0
547.1457,26,28,13,0,0,0,0
396.0936,17,19,10,1,0,0,0
369.2283,20,34,6,0,0,0,0
457.2232,26,34,7,0,0,0,0
499.1974,27,32,9,0,0,0,0
354.1671,16,25,6,3,0,0,0
427.1399,23,24,8,0,0,0,0
495.26,26,40,9,0,0,0,0
319.0823,16,16,7,0,0,0,0
397.0929,21,18,8,0,0,0,0
431.0256,19,12,12,0,0,0,0
331.1551,19,24,5,0,0,0,0
485.1817,26,30,9,0,0,0,0
369.1344,21,22,6,0,0,0,0
412.1726,18,27,8,3,0,0,0
331.1187,18,20,6,0,0,0,0
477.0311,20,14,14,0,0,0,0
435.2388,24,36,7,0,0,0,0
465.2494,25,38,8,0,0,0,0
579.2811,30,44,11,0,0,0,0
473.2392,23,38,10,0,0,0,0
545.1665,27,30,12,0,0,0,0
486.2204,30,34,3,1,0,1,0
533.1301,25,26,13,0,0,0,0
369.0616,19,14,8,0,0,0,0
359.1864,21,28,5,0,0,0,0
563.1407,26,28,14,0,0,0,0
408.13,19,23,9,1,0,0,0
517.2807,29,42,8,0,0,0,0
529.2443,29,38,9,0,0,0,0
589.2291,30,38,12,0,0,0,0
379.2126,21,32,6,0,0,0,0
380.0624,16,15,10,1,0,0,0
451.0154,18,12,14,0,0,0,0
343.2126,18,32,6,0,0,0,0
545.2757,30,42,9,0,0,0,0
565.0836,24,22,16,0,0,0,0
551.1042,24,24,15,0,0,0,0
447.2388,25,36,7,0,0,0,0
471.1661,25,28,9,0,0,0,0
567.2811,29,44,11,0,0,0,0
445.2443,22,38,9,0,0,0,0
393.213,18,34,9,0,0,0,0
347.1864,20,28,5,0,0,0,0
481.026,19,14,15,0,0,0,0
563.2862,30,44,10,0,0,0,0
549.0887,24,22,15,0,0,0,0
443.062,21,16,11,0,0,0,0
441.1919,25,30,7,0,0,0,0
367.2126,20,32,6,0,0,0,0
715.2303,28,44,21,0,0,0,0
410.1093,18,21,10,1,0,0,0
389.015,17,10,11,0,0,0,0
399.2388,21,36,7,0,0,0,0
443.0984,22,20,10,0,0,0,0
507.0416,21,16,15,0,0,0,0
487.0882,23,20,12,0,0,0,0
380.1563,15,27,10,1,0,0,0
382.1144,17,21,9,1,0,0,0
559.2549,30,40,10,0,0,0,0
535.073,23,20,15,0,0,0,0
325.0201,13,10,10,0,0,0,0
551.2862,29,44,10,0,0,0,0
577.1563,27,30,14,0,0,0,0
357.098,19,18,7,0,0,0,0
551.0678,23,20,16,0,0,0,0
412.0885,17,19,11,1,0,0,0
549.125,25,26,14,0,0,0,0
373.2232,19,34,7,0,0,0,0
387.141,16,24,9,2,0,0,0
553.0835,23,22,16,0,0,0,0
373.2021,22,30,5,0,0,0,0
414.1042,17,21,11,1,0,0,0
489.1039,23,22,12,0,0,0,0
491.2134,22,36,12,0,0,0,0
394.078,17,17,10,1,0,0,0
567.1356,25,28,15,0,0,0,0
413.0878,21,18,9,0,0,0,0
427.1763,24,28,7,0,0,0,0
414.1882,18,29,8,3,0,0,0
607.2033,29,36,14,0,0,0,0
491.1995,29,33,5,0,0,1,0
569.1148,24,26,16,0,0,0,0
413.1242,22,22,8,0,0,0,0
519.078,23,20,14,0,0,0,0
325.1657,17,26,6,0,0,0,0
473.109,23,22,11,0,0,0,0
605.224,30,38,13,0,0,0,0
311.0773,14,16,8,0,0,0,0
368.0987,16,19,9,1,0,0,0
373.0201,17,10,10,0,0,0,0
461.0361,20,14,13,0,0,0,0
508.1784,19,31,13,3,0,0,0
371.0409,18,12,9,0,0,0,0
657.2248,26,42,19,0,0,0,0
491.265,27,40,8,0,0,0,0
537.0522,22,18,16,0,0,0,0
469.2443,24,38,9,0,0,0,0
460.2047,28,32,3,1,0,1,0
315.1449,15,24,7,0,0,0,0
525.2705,27,42,10,0,0,0,0
410.0729,17,17,11,1,0,0,0
413.1969,24,30,6,0,0,0,0
309.1707,17,26,5,0,0,0,0
439.0154,17,12,14,0,0,0,0
579.172,27,32,14,0,0,0,0
521.0573,22,18,15,0,0,0,0
458.1891,28,30,3,1,0,1,0
398.1093,17,21,10,1,0,0,0
472.2047,29,32,3,1,0,1,0
473.0726,22,18,12,0,0,0,0
382.078,16,17,10,1,0,0,0
475.0518,21,16,13,0,0,0,0
429.0463,20,14,11,0,0,0,0
323.0409,14,12,9,0,0,0,0
543.2448,26,40,12,0,0,0,0
491.0467,21,16,14,0,0,0,0
537.2705,28,42,10,0,0,0,0
445.0412,20,14,12,0,0,0,0
561.1615,27,30,13,0,0,0,0
385.0565,19,14,9,0,0,0,0
333.1555,15,26,8,0,0,0,0
459.0569,21,16,12,0,0,0,0
485.2181,27,34,8,0,0,0,0
521.0937,23,22,14,0,0,0,0
380.0987,17,19,9,1,0,0,0
555.0991,23,24,16,0,0,0,0
313.0565,13,14,9,0,0,0,0
345.1708,20,26,5,0,0,0,0
429.0827,21,18,10,0,0,0,0
575.177,28,32,13,0,0,0,0
398.0729,16,17,11,1,0,0,0
391.2126,22,32,6,0,0,0,0
415.0307,19,12,11,0,0,0,0
555.1355,24,28,15,0,0,0,0
561.2705,30,42,10,0,0,0,0
403.2337,20,36,8,0,0,0,0
435.0205,18,12,13,0,0,0,0
575.2134,29,36,12,0,0,0,0
427.2337,22,36,8,0,0,0,0
489.0675,22,18,13,0,0,0,0
328.1514,14,23,6,3,0,0,0
321.0616,15,14,8,0,0,0,0
330.1671,14,25,6,3,0,0,0
357.0616,18,14,8,0,0,0,0
459.0933,22,20,11,0,0,0,0
389.2181,19,34,8,0,0,0,0
477.2494,26,38,8,0,0,0,0
541.0836,22,22,16,0,0,0,0
457.1504,24,26,9,0,0,0,0
399.0721,20,16,9,0,0,0,0
501.2341,24,38,11,0,0,0,0
384.0937,16,19,10,1,0,0,0
719.2252,27,44,22,0,0,0,0
371.0773,19,16,8,0,0,0,0
569.2604,28,42,12,0,0,0,0
399.0358,19,12,10,0,0,0,0
603.2141,23,40,18,0,0,0,0
595.167,27,32,15,0,0,0,0
501.2494,28,38,8,0,0,0,0
337.0201,14,10,10,0,0,0,0
505.0624,22,18,14,0,0,0,0
529.208,28,34,10,0,0,0,0
481.2443,25,38,9,0,0,0,0
357.1344,20,22,6,0,0,0,0
474.1729,19,29,11,3,0,0,0
533.2756,29,42,9,0,0,0,0
428.1675,18,27,9,3,0,0,0
539.0679,22,20,16,0,0,0,0
405.213,19,34,9,0,0,0,0
439.2337,23,36,8,0,0,0,0
541.2654,27,42,11,0,0,0,0
487.161,25,28,10,0,0,0,0
430.1831,18,29,9,3,0,0,0
575.2498,30,40,11,0,0,0,0
525.0522,21,18,16,0,0,0,0
553.1199,24,26,15,0,0,0,0
485.2392,24,38,10,0,0,0,0
489.2494,27,38,8,0,0,0,0
501.1766,26,30,10,0,0,0,0
505.0988,23,22,13,0,0,0,0
399.1813,23,28,6,0,0,0,0
535.1093,24,24,14,0,0,0,0
607.2396,30,40,13,0,0,0,0
354.1307,15,21,7,3,0,0,0
353.197,19,30,6,0,0,0,0
591.2083,29,36,13,0,0,0,0
387.0358,18,12,10,0,0,0,0
577.2654,30,42,11,0,0,0,0
368.1463,16,23,7,3,0,0,0
399.1086,21,20,8,0,0,0,0
745.2047,28,42,23,0,0,0,0
385.0929,20,18,8,0,0,0,0
531.26,29,40,9,0,0,0,0
527.2498,26,40,11,0,0,0,0
591.2447,30,40,12,0,0,0,0
345.0616,17,14,8,0,0,0,0
443.2075,25,32,7,0,0,0,0
384.1777,17,27,7,3,0,0,0
491.1406,20,28,14,0,0,0,0
553.2654,28,42,11,0,0,0,0
327.0358,13,12,10,0,0,0,0
445.2232,25,34,7,0,0,0,0
321.1344,17,22,6,0,0,0,0
443.1348,23,24,9,0,0,0,0
551.1406,25,28,14,0,0,0,0
511.2548,26,40,10,0,0,0,0
369.01,14,10,12,0,0,0,0
577.1927,28,34,13,0,0,0,0
473.1454,24,26,10,0,0,0,0
537.0886,23,22,15,0,0,0,0
323.15,17,24,6,0,0,0,0
515.1923,27,32,10,0,0,0,0
707.2253,26,44,22,0,0,0,0
565.1563,26,30,14,0,0,0,0
492.1835,19,31,12,3,0,0,0
339.1813,18,28,6,0,0,0,0
342.1671,15,25,6,3,0,0,0
344.1463,14,23,7,3,0,0,0
405.0099,17,10,12,0,0,0,0
475.0882,22,20,12,0,0,0,0
371.1136,20,20,7,0,0,0,0
581.2604,29,42,12,0,0,0,0
413.1606,23,26,7,0,0,0,0
345.1304,14,22,8,2,0,0,0
515.2287,28,36,9,0,0,0,0
361.0201,16,10,10,0,0,0,0
311.1136,15,20,7,0,0,0,0
418.104,15,33,2,1,5,0,0
415.2337,21,36,8,0,0,0,0
429.1191,22,22,9,0,0,0,0
451.2337,24,36,8,0,0,0,0
505.1199,20,26,15,0,0,0,0
395.1922,17,32,10,0,0,0,0
608.2308,24,39,15,3,0,0,0
537.125,24,26,14,0,0,0,0
372.214,17,31,6,3,0,0,0
471.2024,26,32,8,0,0,0,0
517.1715,26,30,11,0,0,0,0
333.0616,16,14,8,0,0,0,0
523.0729,22,20,15,0,0,0,0
443.2286,22,36,9,0,0,0,0
345.098,18,18,7,0,0,0,0
563.1771,27,32,13,0,0,0,0
356.1827,16,27,6,3,0,0,0
593.1876,28,34,14,0,0,0,0
447.2236,21,36,10,0,0,0,0
349.0201,15,10,10,0,0,0,0
475.2185,22,36,11,0,0,0,0
397.2232,21,34,7,0,0,0,0
559.2185,29,36,11,0,0,0,0
331.1762,16,28,7,0,0,0,0
445.0776,21,18,11,0,0,0,0
539.1043,23,24,15,0,0,0,0
529.1199,22,26,15,0,0,0,0
519.1508,25,28,12,0,0,0,0
455.2287,23,36,9,0,0,0,0
593.2604,30,42,12,0,0,0,0
489.1403,24,26,11,0,0,0,0
359.0409,17,12,9,0,0,0,0
315.1086,14,20,8,0,0,0,0
491.0831,22,20,13,0,0,0,0
507.2599,27,40,9,0,0,0,0
421.2232,23,34,7,0,0,0,0
459.2236,22,36,10,0,0,0,0
409.0446,14,18,12,0,1,0,0
333.098,17,18,7,0,0,0,0
321.098,16,18,7,0,0,0,0
417.1072,14,26,12,0,1,0,0
549.1614,26,30,13,0,0,0,0
507.078,22,20,14,0,0,0,0
595.2033,28,36,14,0,0,0,0
359.0773,18,16,8,0,0,0,0
361.1868,17,30,8,0,0,0,0
386.1933,17,29,7,3,0,0,0
393.01,16,10,12,0,0,0,0
409.2232,22,34,7,0,0,0,0
315.0722,13,16,9,0,0,0,0
433.194,27,31,3,0,0,1,0
513.0522,20,18,16,0,0,0,0
385.1293,21,22,7,0,0,0,0
495.0417,20,16,15,0,0,0,0
535.1458,25,28,13,0,0,0,0
543.0993,22,24,16,0,0,0,0
457.1868,25,30,8,0,0,0,0
581.1877,27,34,14,0,0,0,0
385.2232,20,34,7,0,0,0,0
501.213,27,34,9,0,0,0,0
401.197,23,30,6,0,0,0,0
479.2134,21,36,12,0,0,0,0
557.224,26,38,13,0,0,0,0
567.172,26,32,14,0,0,0,0
399.1449,22,24,7,0,0,0,0
347.0409,16,12,9,0,0,0,0
545.2029,28,34,11,0,0,0,0
521.1301,24,26,13,0,0,0,0
313.0929,14,18,8,0,0,0,0
359.2075,18,32,7,0,0,0,0
371.15,21,24,6,0,0,0,0
313.1293,15,22,7,0,0,0,0
335.0408,15,12,9,0,0,0,0
519.2599,28,40,9,0,0,0,0
533.1665,26,30,12,0,0,0,0
398.1569,17,25,8,3,0,0,0
503.1559,25,28,11,0,0,0,0
433.2232,24,34,7,0,0,0,0
513.2342,25,38,11,0,0,0,0
527.0678,21,20,16,0,0,0,0
583.2032,27,36,14,0,0,0,0
465.0311,19,14,14,0,0,0,0
549.2705,29,42,10,0,0,0,0
403.2126,23,32,6,0,0,0,0
573.2036,22,38,17,0,0,0,0
487.2337,27,36,8,0,0,0,0
415.1034,21,20,9,0,0,0,0
402.1882,17,29,8,3,0,0,0
346.162,14,25,7,3,0,0,0
515.0679,20,20,16,0,0,0,0
735.2202,27,44,23,0,0,0,0
561.1978,28,34,12,0,0,0,0
489.1977,22,34,12,0,0,0,0
545.2393,29,38,10,0,0,0,0
433.2079,20,34,10,0,0,0,0
457.194,29,31,3,0,0,1,0
445.114,22,22,10,0,0,0,0
593.224,29,38,13,0,0,0,0
553.1563,25,30,14,0,0,0,0
497.2392,25,38,10,0,0,0,0
565.2654,29,42,11,0,0,0,0
531.2236,28,36,10,0,0,0,0
337.1656,18,26,6,0,0,0,0
523.1093,23,24,14,0,0,0,0
403.0307,18,12,11,0,0,0,0
433.1021,14,26,13,0,1,0,0
539.1407,24,28,14,0,0,0,0
547.1821,27,32,12,0,0,0,0
429.1919,24,30,7,0,0,0,0
414.1518,17,25,9,3,0,0,0
415.0671,20,16,10,0,0,0,0
401.0514,19,14,10,0,0,0,0
459.1297,23,24,10,0,0,0,0
419.0256,18,12,12,0,0,0,0
333.1344,18,22,6,0,0,0,0
515.2134,24,36,12,0,0,0,0
345.1344,19,22,6,0,0,0,0
463.2337,25,36,8,0,0,0,0
342.1307,14,21,7,3,0,0,0
443.1711,24,28,8,0,0,0,0
463.2185,21,36,11,0,0,0,0
493.1563,20,30,14,0,0,0,0
505.1352,24,26,12,0,0,0,0
381.01,15,10,12,0,0,0,0
333.1191,14,22,9,0,0,0,0
377.0151,16,10,11,0,0,0,0
385.1657,22,26,6,0,0,0,0
423.1871,18,32,11,0,0,0,0
523.1669,21,32,15,0,0,0,0
493.2443,26,38,9,0,0,0,0
541.1199,23,26,15,0,0,0,0
531.1872,27,32,11,0,0,0,0
323.0772,15,16,8,0,0,0,0
347.1711,16,28,8,0,0,0,0
489.0886,19,22,15,0,0,0,0
455.1769,18,32,13,0,0,0,0
483.0417,19,16,15,0,0,0,0
461.0725,21,18,12,0,0,0,0
581.224,28,38,13,0,0,0,0
475.1246,23,24,11,0,0,0,0
431.062,20,16,11,0,0,0,0
351.1813,19,28,6,0,0,0,0
585.2037,23,38,17,0,0,0,0
525.0886,22,22,15,0,0,0,0
509.0573,21,18,15,0,0,0,0
364.1249,14,23,10,1,0,0,0
358.1256,14,21,8,3,0,0,0
555.1719,25,32,14,0,0,0,0
473.2181,26,34,8,0,0,0,0
477.1977,21,34,12,0,0,0,0
347.0773,17,16,8,0,0,0,0
389.197,22,30,6,0,0,0,0
325.0565,14,14,9,0,0,0,0
541.1563,24,30,14,0,0,0,0
373.0565,18,14,9,0,0,0,0
487.2185,23,36,11,0,0,0,0
539.2498,27,40,11,0,0,0,0
671.2041,26,40,20,0,0,0,0
525.1249,23,26,14,0,0,0,0
377.197,21,30,6,0,0,0,0
391.1974,18,32,9,0,0,0,0
517.2443,28,38,9,0,0,0,0
433.0413,19,14,12,0,0,0,0
335.15,18,24,6,0,0,0,0
579.2084,28,36,13,0,0,0,0
535.2549,28,40,10,0,0,0,0
577.2291,29,38,12,0,0,0,0
507.1144,23,24,13,0,0,0,0
461.1089,22,22,11,0,0,0,0
417.0463,19,14,11,0,0,0,0
393.1766,17,30,10,0,0,0,0
527.1043,22,24,15,0,0,0,0
579.2448,29,40,12,0,0,0,0
384.1413,16,23,8,3,0,0,0
515.1042,21,24,15,0,0,0,0
541.2291,26,38,12,0,0,0,0
445.194,28,31,3,0,0,1,0
423.0205,17,12,13,0,0,0,0
491.1195,23,24,12,0,0,0,0
503.177,22,32,13,0,0,0,0
429.1627,27,27,3,0,0,1,0
443.1784,28,29,3,0,0,1,0
463.0518,20,16,13,0,0,0,0
523.2549,27,40,10,0,0,0,0
547.2549,29,40,10,0,0,0,0
515.1407,22,28,14,0,0,0,0
477.0675,21,18,13,0,0,0,0
473.1889,29,31,4,0,0,1,0
335.0772,16,16,8,0,0,0,0
477.1039,22,22,12,0,0,0,0
377.1817,17,30,9,0,0,0,0
509.0937,22,22,14,0,0,0,0
493.0624,21,18,14,0,0,0,0
353.015,14,10,11,0,0,0,0
471.0416,18,16,15,0,0,0,0
561.2341,29,38,11,0,0,0,0
467.177,19,32,13,0,0,0,0
555.2447,27,40,12,0,0,0,0
365.015,15,10,11,0,0,0,0
387.0722,19,16,9,0,0,0,0
449.0361,19,14,13,0,0,0,0
475.2337,26,36,8,0,0,0,0
447.0569,20,16,12,0,0,0,0
401.0878,20,18,9,0,0,0,0
471.2236,23,36,10,0,0,0,0
479.0467,20,16,14,0,0,0,0
487.1973,26,32,9,0,0,0,0
497.0573,20,18,15,0,0,0,0
547.2185,28,36,11,0,0,0,0
567.2448,28,40,12,0,0,0,0
431.0984,21,20,10,0,0,0,0
441.0311,17,14,14,0,0,0,0
360.1413,14,23,8,3,0,0,0
477.125,19,26,14,0,0,0,0
489.125,20,26,14,0,0,0,0
416.1675,17,27,9,3,0,0,0
509.2392,26,38,10,0,0,0,0
375.2024,18,32,8,0,0,0,0
453.0311,18,14,14,0,0,0,0
431.2075,24,32,7,0,0,0,0
541.1927,25,34,13,0,0,0,0
495.078,21,20,14,0,0,0,0
467.2286,24,36,9,0,0,0,0
323.1136,16,20,7,0,0,0,0
343.1762,17,28,7,0,0,0,0
373.0929,19,18,8,0,0,0,0
503.2286,27,36,9,0,0,0,0
665.2147,24,42,21,0,0,0,0
513.0886,21,22,15,0,0,0,0
689.2147,26,42,21,0,0,0,0
499.0729,20,20,15,0,0,0,0
359.1136,19,20,7,0,0,0,0
370.1256,15,21,8,3,0,0,0
473.1817,25,30,9,0,0,0,0
493.0987,22,22,13,0,0,0,0
461.2181,25,34,8,0,0,0,0
505.2443,27,38,9,0,0,0,0
565.1927,27,34,13,0,0,0,0
499.2185,24,36,11,0,0,0,0
511.073,21,20,15,0,0,0,0
429.1555,23,26,8,0,0,0,0
563.2498,29,40,11,0,0,0,0
419.1922,19,32,10,0,0,0,0
501.1977,23,34,12,0,0,0,0
375.0358,17,12,10,0,0,0,0
365.197,20,30,6,0,0,0,0
415.1762,23,28,7,0,0,0,0
459.2025,25,32,8,0,0,0,0
329.0514,13,14,10,0,0,0,0
415.1398,22,24,8,0,0,0,0
543.1931,21,36,16,0,0,0,0
359.15,20,24,6,0,0,0,0
463.0882,21,20,12,0,0,0,0
551.177,26,32,13,0,0,0,0
465.1614,19,30,13,0,0,0,0
447.0933,21,20,11,0,0,0,0
493.1199,19,26,15,0,0,0,0
501.125,21,26,14,0,0,0,0
347.1136,18,20,7,0,0,0,0
419.2075,23,32,7,0,0,0,0
371.2075,19,32,7,0,0,0,0
417.0827,20,18,10,0,0,0,0
555.2083,26,36,13,0,0,0,0
399.0205,15,12,13,0,0,0,0
523.1458,24,28,13,0,0,0,0
509.13,23,26,13,0,0,0,0
407.1923,18,32,10,0,0,0,0
527.1406,23,28,14,0,0,0,0
444.1181,15,27,12,1,1,0,0
425.2181,22,34,8,0,0,0,0
339.0358,14,12,10,0,0,0,0
360.1776,15,27,7,3,0,0,0
517.2079,27,34,10,0,0,0,0
387.1813,22,28,6,0,0,0,0
465.3044,27,46,4,0,1,0,0
511.1094,22,24,14,0,0,0,0
401.1242,21,22,8,0,0,0,0
400.1725,17,27,8,3,0,0,0
551.2498,28,40,11,0,0,0,0
431.1784,27,29,3,0,0,1,0
459.1661,24,28,9,0,0,0,0
361.0565,17,14,9,0,0,0,0
521.2392,27,38,10,0,0,0,0
475.1093,19,24,14,0,0,0,0
525.2342,26,38,11,0,0,0,0
563.2134,28,36,12,0,0,0,0
527.2134,25,36,12,0,0,0,0
487.073,19,20,15,0,0,0,0
479.0831,21,20,13,0,0,0,0
503.1923,26,32,10,0,0,0,0
677.2146,25,42,21,0,0,0,0
513.125,22,26,14,0,0,0,0
387.1085,20,20,8,0,0,0,0
437.1664,18,30,12,0,0,0,0
483.2236,24,36,10,0,0,0,0
501.1613,22,30,13,0,0,0,0
401.2181,20,34,8,0,0,0,0
347.15,19,24,6,0,0,0,0
411.0205,16,12,13,0,0,0,0
533.2393,28,38,10,0,0,0,0
331.0671,13,16,10,0,0,0,0
537.1615,25,30,13,0,0,0,0
485.0573,19,18,15,0,0,0,0
413.2181,21,34,8,0,0,0,0
383.2075,20,32,7,0,0,0,0
345.0464,13,14,11,0,0,0,0
363.1661,16,28,9,0,0,0,0
349.0565,16,14,9,0,0,0,0
433.0776,20,18,11,0,0,0,0
449.2181,24,34,8,0,0,0,0
489.213,26,34,9,0,0,0,0
344.1827,15,27,6,3,0,0,0
437.2181,23,34,8,0,0,0,0
549.1978,27,34,12,0,0,0,0
395.2075,21,32,7,0,0,0,0
337.0565,15,14,9,0,0,0,0
335.1136,17,20,7,0,0,0,0
565.2291,28,38,12,0,0,0,0
479.2287,25,36,9,0,0,0,0
553.1927,26,34,13,0,0,0,0
475.1457,20,28,13,0,0,0,0
535.1821,26,32,12,0,0,0,0
349.1657,19,26,6,0,0,0,0
495.1719,20,32,14,0,0,0,0
337.114,13,22,10,0,0,0,0
473.2028,22,34,11,0,0,0,0
499.1093,21,24,14,0,0,0,0
513.1978,24,34,12,0,0,0,0
533.2029,27,34,11,0,0,0,0
373.1657,21,26,6,0,0,0,0
461.0937,18,22,14,0,0,0,0
331.1398,15,24,8,0,0,0,0
358.162,15,25,7,3,0,0,0
673.2198,26,42,20,0,0,0,0
461.2028,21,34,11,0,0,0,0
511.2185,25,36,11,0,0,0,0
549.2342,28,38,11,0,0,0,0
513.1614,23,30,13,0,0,0,0
467.0467,19,16,14,0,0,0,0
615.2142,24,40,18,0,0,0,0
329.1606,16,26,7,0,0,0,0
331.1035,14,20,9,0,0,0,0
567.2084,27,36,13,0,0,0,0
491.2286,26,36,9,0,0,0,0
479.1406,19,28,14,0,0,0,0
325.0929,15,18,8,0,0,0,0
495.2236,25,36,10,0,0,0,0
521.1664,25,30,12,0,0,0,0
389.0514,18,14,10,0,0,0,0
327.0721,14,16,9,0,0,0,0
559.188,21,36,17,0,0,0,0
527.177,24,32,13,0,0,0,0
371.0256,14,12,12,0,0,0,0
357.1919,18,30,7,0,0,0,0
407.2075,22,32,7,0,0,0,0
445.1504,23,26,9,0,0,0,0
453.213,23,34,9,0,0,0,0
489.1766,25,30,10,0,0,0,0
386.1569,16,25,8,3,0,0,0
487.1094,20,24,14,0,0,0,0
539.177,25,32,13,0,0,0,0
351.1297,14,24,10,0,0,0,0
519.1872,26,32,11,0,0,0,0
407.0256,17,12,12,0,0,0,0
495.1144,22,24,13,0,0,0,0
505.1715,25,30,11,0,0,0,0
445.1868,24,30,8,0,0,0,0
325.1293,16,22,7,0,0,0,0
481.0624,20,18,14,0,0,0,0
449.0725,20,18,12,0,0,0,0
403.0916,13,24,12,0,1,0,0
283.2643,18,36,2,0,0,0,0
447.1872,20,32,11,0,0,0,0
372.1412,15,23,8,3,0,0,0
388.1726,16,27,8,3,0,0,0
327.1449,16,24,7,0,0,0,0
539.2134,26,36,12,0,0,0,0
441.213,22,34,9,0,0,0,0
365.1453,15,26,10,0,0,0,0
613.1986,24,38,18,0,0,0,0
361.1657,20,26,6,0,0,0,0
356.1463,15,23,7,3,0,0,0
485.2028,23,34,11,0,0,0,0
497.0937,21,22,14,0,0,0,0
429.213,21,34,9,0,0,0,0
373.1293,20,22,7,0,0,0,0
421.1715,18,30,11,0,0,0,0
363.0358,16,12,10,0,0,0,0
391.0307,17,12,11,0,0,0,0
507.1508,24,28,12,0,0,0,0
370.162,16,25,7,3,0,0,0
445.2079,21,34,10,0,0,0,0
417.213,20,34,9,0,0,0,0
553.2291,27,38,12,0,0,0,0
487.1821,22,32,12,0,0,0,0
537.2341,27,38,11,0,0,0,0
387.145,21,24,7,0,0,0,0
525.1614,24,30,13,0,0,0,0
403.0671,19,16,10,0,0,0,0
507.2236,26,36,10,0,0,0,0
487.1457,21,28,13,0,0,0,0
481.0988,21,22,13,0,0,0,0
491.1559,24,28,11,0,0,0,0
363.1813,20,28,6,0,0,0,0
461.1301,19,26,13,0,0,0,0
417.1919,23,30,7,0,0,0,0
388.1362,15,23,9,3,0,0,0
437.0361,18,14,13,0,0,0,0
465.0674,20,18,13,0,0,0,0
375.1813,21,28,6,0,0,0,0
431.1348,22,24,9,0,0,0,0
493.1352,23,26,12,0,0,0,0
419.062,19,16,11,0,0,0,0
475.161,24,28,10,0,0,0,0
347.1348,15,24,9,0,0,0,0
441.1613,17,30,13,0,0,0,0
519.2235,27,36,10,0,0,0,0
457.2079,22,34,10,0,0,0,0
509.1512,20,30,15,0,0,0,0
395.1559,16,28,11,0,0,0,0
451.0518,19,16,13,0,0,0,0
511.1457,23,28,13,0,0,0,0
461.1664,20,30,12,0,0,0,0
355.0307,14,12,11,0,0,0,0
417.1191,21,22,9,0,0,0,0
447.1508,19,28,12,0,0,0,0
461.1453,23,26,10,0,0,0,0
389.0878,19,18,9,0,0,0,0
401.1606,22,26,7,0,0,0,0
421.0413,18,14,12,0,0,0,0
485.1875,19,34,14,0,0,0,0
447.2024,24,32,8,0,0,0,0
455.0467,18,16,14,0,0,0,0
358.1984,16,29,6,3,0,0,0
475.1821,21,32,12,0,0,0,0
347.0984,14,20,10,0,0,0,0
443.0467,17,16,14,0,0,0,0
329.0878,14,18,9,0,0,0,0
475.1974,25,32,9,0,0,0,0
361.0929,18,18,8,0,0,0,0
337.0929,16,18,8,0,0,0,0
497.2029,24,34,11,0,0,0,0
535.2185,27,36,11,0,0,0,0
449.1089,21,22,11,0,0,0,0
351.0358,15,12,10,0,0,0,0
477.213,25,34,9,0,0,0,0
485.0937,20,22,14,0,0,0,0
551.2134,27,36,12,0,0,0,0
479.1195,22,24,12,0,0,0,0
435.0569,19,16,12,0,0,0,0
405.0463,18,14,11,0,0,0,0
463.1093,18,24,14,0,0,0,0
431.1711,23,28,8,0,0,0,0
601.1985,23,38,18,0,0,0,0
349.0929,17,18,8,0,0,0,0
449.0937,17,22,14,0,0,0,0
483.078,20,20,14,0,0,0,0
341.1606,17,26,7,0,0,0,0
463.1246,22,24,11,0,0,0,0
411.1508,16,28,12,0,0,0,0
473.0937,19,22,14,0,0,0,0
497.13,22,26,13,0,0,0,0
375.0722,18,16,9,0,0,0,0
469.2079,23,34,10,0,0,0,0
525.1978,25,34,12,0,0,0,0
499.1458,22,28,13,0,0,0,0
477.1403,23,26,11,0,0,0,0
402.1518,16,25,9,3,0,0,0
329.1242,15,22,8,0,0,0,0
521.2028,26,34,11,0,0,0,0
423.1508,17,28,12,0,0,0,0
627.1779,24,36,19,0,0,0,0
445.0624,17,18,14,0,0,0,0
537.1978,26,34,12,0,0,0,0
447.1296,22,24,10,0,0,0,0
459.078,18,20,14,0,0,0,0
403.1034,20,20,9,0,0,0,0
435.1508,18,28,12,0,0,0,0
433.114,21,22,10,0,0,0,0
465.213,24,34,9,0,0,0,0
659.2041,25,40,20,0,0,0,0
469.0624,19,18,14,0,0,0,0
523.1821,25,32,12,0,0,0,0
499.1821,23,32,12,0,0,0,0
523.2185,26,36,11,0,0,0,0
379.161,16,28,10,0,0,0,0
341.0514,14,14,10,0,0,0,0
435.2024,23,32,8,0,0,0,0
449.1301,18,26,13,0,0,0,0
505.2079,26,34,10,0,0,0,0
571.188,22,36,17,0,0,0,0
374.1569,15,25,8,3,0,0,0
473.1301,20,26,13,0,0,0,0
369.1919,19,30,7,0,0,0,0
479.1042,18,24,15,0,0,0,0
465.1039,21,22,12,0,0,0,0
599.1829,23,36,18,0,0,0,0
407.1558,17,28,11,0,0,0,0
391.161,17,28,10,0,0,0,0
419.0831,16,20,13,0,0,0,0
372.1776,16,27,7,3,0,0,0
339.0722,15,16,9,0,0,0,0
459.1872,21,32,11,0,0,0,0
467.0831,20,20,13,0,0,0,0
419.0984,20,20,10,0,0,0,0
509.1664,24,30,12,0,0,0,0
481.2079,24,34,10,0,0,0,0
363.1297,15,24,10,0,0,0,0
435.0933,20,20,11,0,0,0,0
323.0984,12,20,10,0,0,0,0
383.0256,15,12,12,0,0,0,0
433.1351,18,26,12,0,0,0,0
433.0988,17,22,13,0,0,0,0
485.1301,21,26,13,0,0,0,0
401.0362,15,14,13,0,0,0,0
511.1821,24,32,12,0,0,0,0
451.0882,20,20,12,0,0,0,0
493.2079,25,34,10,0,0,0,0
381.1402,15,26,11,0,0,0,0
423.2024,22,32,8,0,0,0,0
339.1449,17,24,7,0,0,0,0
459.1144,19,24,13,0,0,0,0
337.1293,17,22,7,0,0,0,0
509.2028,25,34,11,0,0,0,0
491.1923,25,32,10,0,0,0,0
425.0362,17,14,13,0,0,0,0
483.1144,21,24,13,0,0,0,0
471.078,19,20,14,0,0,0,0
457.0624,18,18,14,0,0,0,0
431.1923,20,32,10,0,0,0,0
583.188,23,36,17,0,0,0,0
453.1613,18,30,13,0,0,0,0
511.1668,20,32,15,0,0,0,0
377.0514,17,14,10,0,0,0,0
361.1293,19,22,7,0,0,0,0
355.1762,18,28,7,0,0,0,0
405.1919,22,30,7,0,0,0,0
327.1085,15,20,8,0,0,0,0
403.1973,19,32,9,0,0,0,0
513.1825,20,34,15,0,0,0,0
395.0256,16,12,12,0,0,0,0
461.1817,24,30,9,0,0,0,0
403.1762,22,28,7,0,0,0,0
345.1555,16,26,8,0,0,0,0
447.1144,18,24,13,0,0,0,0
427.1457,16,28,13,0,0,0,0
463.1973,24,32,9,0,0,0,0
379.0307,16,12,11,0,0,0,0
405.1766,18,30,10,0,0,0,0
345.0827,14,18,10,0,0,0,0
495.1508,23,28,12,0,0,0,0
473.1665,21,30,12,0,0,0,0
363.0722,17,16,9,0,0,0,0
507.1872,25,32,11,0,0,0,0
411.2024,21,32,8,0,0,0,0
419.1559,18,28,11,0,0,0,0
471.1872,22,32,11,0,0,0,0
421.0776,19,18,11,0,0,0,0
497.1664,23,30,12,0,0,0,0
437.0725,19,18,12,0,0,0,0
403.0518,15,16,13,0,0,0,0
351.0722,16,16,9,0,0,0,0
495.1355,19,28,15,0,0,0,0
631.2092,24,40,19,0,0,0,0
453.0675,19,18,13,0,0,0,0
375.0569,14,16,12,0,0,0,0
393.1919,21,30,7,0,0,0,0
413.0362,16,14,13,0,0,0,0
439.0518,18,16,13,0,0,0,0
485.1665,22,30,12,0,0,0,0
471.1144,20,24,13,0,0,0,0
391.0671,18,16,10,0,0,0,0
349.1293,18,22,7,0,0,0,0
375.1086,19,20,8,0,0,0,0
469.0988,20,22,13,0,0,0,0
495.1872,24,32,11,0,0,0,0
459.1508,20,28,12,0,0,0,0
417.1555,22,26,8,0,0,0,0
493.1716,24,30,11,0,0,0,0
381.1919,20,30,7,0,0,0,0
373.0413,14,14,12,0,0,0,0
457.0987,19,22,13,0,0,0,0
447.1661,23,28,9,0,0,0,0
433.1868,23,30,8,0,0,0,0
389.1242,20,22,8,0,0,0,0
445.0988,18,22,13,0,0,0,0
399.2024,20,32,8,0,0,0,0
405.0827,19,18,10,0,0,0,0
439.1973,22,32,9,0,0,0,0
421.1351,17,26,12,0,0,0,0
359.1712,17,28,8,0,0,0,0
529.1775,20,34,16,0,0,0,0
477.1766,24,30,10,0,0,0,0
419.1195,17,24,12,0,0,0,0
629.1936,24,38,19,0,0,0,0
343.0671,14,16,10,0,0,0,0
445.1352,19,26,12,0,0,0,0
415.1974,20,32,9,0,0,0,0
481.1563,19,30,14,0,0,0,0
483.172,19,32,14,0,0,0,0
431.0831,17,20,13,0,0,0,0
357.0463,14,14,11,0,0,0,0
483.1872,23,32,11,0,0,0,0
481.1352,22,26,12,0,0,0,0
345.1191,15,22,9,0,0,0,0
361.0776,14,18,11,0,0,0,0
451.1973,23,32,9,0,0,0,0
367.0307,15,12,11,0,0,0,0
353.0514,15,14,10,0,0,0,0
389.1606,21,26,7,0,0,0,0
341.1089,12,22,11,0,0,0,0
321.0827,12,18,10,0,0,0,0
457.1562,17,30,14,0,0,0,0
365.0514,16,14,10,0,0,0,0
569.1723,22,34,17,0,0,0,0
443.1923,21,32,10,0,0,0,0
367.1762,19,28,7,0,0,0,0
389.1817,18,30,9,0,0,0,0
617.1935,23,38,19,0,0,0,0
393.1402,16,26,11,0,0,0,0
435.1144,17,24,13,0,0,0,0
341.0878,15,18,9,0,0,0,0
587.1829,22,36,18,0,0,0,0
455.0831,19,20,13,0,0,0,0
467.1923,23,32,10,0,0,0,0
339.1085,16,20,8,0,0,0,0
379.1246,15,24,11,0,0,0,0
479.1923,24,32,10,0,0,0,0
483.1508,22,28,12,0,0,0,0
377.0878,18,18,9,0,0,0,0
557.1723,21,34,17,0,0,0,0
405.1402,17,26,11,0,0,0,0
471.1508,21,28,12,0,0,0,0
353.1606,18,26,7,0,0,0,0
467.1195,21,24,12,0,0,0,0
427.1974,21,32,9,0,0,0,0
375.145,20,24,7,0,0,0,0
403.1399,21,24,8,0,0,0,0
361.114,15,22,10,0,0,0,0
417.1766,19,30,10,0,0,0,0
479.1559,23,28,11,0,0,0,0
445.1715,20,30,11,0,0,0,0
417.0675,16,18,13,0,0,0,0
463.161,23,28,10,0,0,0,0
455.1923,22,32,10,0,0,0,0
423.0569,18,16,12,0,0,0,0
409.0412,17,14,12,0,0,0,0
377.109,15,22,11,0,0,0,0
375.1661,17,28,9,0,0,0,0
471.1719,18,32,14,0,0,0,0
433.1504,22,26,9,0,0,0,0
453.1038,20,22,12,0,0,0,0
441.0675,18,18,13,0,0,0,0
351.1449,18,24,7,0,0,0,0
407.062,18,16,11,0,0,0,0
427.0518,17,16,13,0,0,0,0
393.0463,17,14,11,0,0,0,0
391.1762,21,28,7,0,0,0,0
443.0831,18,20,13,0,0,0,0
431.1195,18,24,12,0,0,0,0
449.1817,23,30,9,0,0,0,0
481.1715,23,30,11,0,0,0,0
377.1453,16,26,10,0,0,0,0
421.0988,16,22,13,0,0,0,0
343.1035,15,20,9,0,0,0,0
503.1617,18,32,16,0,0,0,0
391.1035,19,20,9,0,0,0,0
431.1559,19,28,11,0,0,0,0
385.1868,19,30,8,0,0,0,0
449.1453,22,26,10,0,0,0,0
469.1351,21,26,12,0,0,0,0
663.199,24,40,21,0,0,0,0
421.1868,22,30,8,0,0,0,0
363.1086,18,20,8,0,0,0,0
391.1246,16,24,11,0,0,0,0
647.2041,24,40,20,0,0,0,0
341.1242,16,22,8,0,0,0,0
419.1712,22,28,8,0,0,0,0
415.0518,16,16,13,0,0,0,0
457.1715,21,30,11,0,0,0,0
359.062,14,16,11,0,0,0,0
429.0674,17,18,13,0,0,0,0
439.0882,19,20,12,0,0,0,0
343.1399,16,24,8,0,0,0,0
379.0671,17,16,10,0,0,0,0
417.1039,17,22,12,0,0,0,0
385.0413,15,14,12,0,0,0,0
363.1449,19,24,7,0,0,0,0
389.0726,15,18,12,0,0,0,0
351.1086,17,20,8,0,0,0,0
465.1402,22,26,11,0,0,0,0
469.1715,22,30,11,0,0,0,0
391.0882,15,20,12,0,0,0,0
451.1246,21,24,11,0,0,0,0
437.1089,20,22,11,0,0,0,0
615.1778,23,36,19,0,0,0,0
457.1352,20,26,12,0,0,0,0
455.1195,20,24,12,0,0,0,0
379.1762,20,28,7,0,0,0,0
409.1351,16,26,12,0,0,0,0
419.1348,21,24,9,0,0,0,0
353.1089,13,22,11,0,0,0,0
361.1504,16,26,9,0,0,0,0
465.1766,23,30,10,0,0,0,0
365.1089,14,22,11,0,0,0,0
585.1673,22,34,18,0,0,0,0
365.1606,19,26,7,0,0,0,0
423.0933,19,20,11,0,0,0,0
409.1868,21,30,8,0,0,0,0
443.1195,19,24,12,0,0,0,0
353.0878,16,18,9,0,0,0,0
389.1453,17,26,10,0,0,0,0
643.1728,24,36,20,0,0,0,0
437.1817,22,30,9,0,0,0,0
351.0569,12,16,12,0,0,0,0
633.1885,23,38,20,0,0,0,0
407.1195,16,24,12,0,0,0,0
437.13,17,26,13,0,0,0,0
421.114,20,22,10,0,0,0,0
359.0984,15,20,10,0,0,0,0
435.1297,21,24,10,0,0,0,0
397.0413,16,14,12,0,0,0,0
381.0464,16,14,11,0,0,0,0
425.0726,18,18,12,0,0,0,0
389.1089,16,22,11,0,0,0,0
397.1351,15,26,12,0,0,0,0
393.0827,18,18,10,0,0,0,0
365.0878,17,18,9,0,0,0,0
467.1559,22,28,11,0,0,0,0
355.0671,15,16,10,0,0,0,0
465.125,18,26,14,0,0,0,0
417.1402,18,26,11,0,0,0,0
439.1457,17,28,13,0,0,0,0
403.161,18,28,10,0,0,0,0
429.1766,20,30,10,0,0,0,0
405.1191,20,22,9,0,0,0,0
363.0933,14,20,11,0,0,0,0
375.0933,15,20,11,0,0,0,0
453.1766,22,30,10,0,0,0,0
441.1038,19,22,12,0,0,0,0
403.1246,17,24,11,0,0,0,0
443.1559,20,28,11,0,0,0,0
525.1461,20,30,16,0,0,0,0
367.1246,14,24,11,0,0,0,0
357.1555,17,26,8,0,0,0,0
377.1606,20,26,7,0,0,0,0
441.1766,21,30,10,0,0,0,0
405.1515,16,26,10,2,0,0,0
387.0569,15,16,12,0,0,0,0
573.1673,21,34,18,0,0,0,0
403.0882,16,20,12,0,0,0,0
357.0827,15,18,10,0,0,0,0
429.1038,18,22,12,0,0,0,0
499.1668,19,32,15,0,0,0,0
407.0984,19,20,10,0,0,0,0
401.1817,19,30,9,0,0,0,0
409.0776,18,18,11,0,0,0,0
497.1512,19,30,15,0,0,0,0
435.1661,22,28,9,0,0,0,0
369.0675,12,18,13,0,0,0,0
367.0671,16,16,10,0,0,0,0
369.0463,15,14,11,0,0,0,0
411.0569,17,16,12,0,0,0,0
511.1305,19,28,16,0,0,0,0
425.1817,21,30,9,0,0,0,0
451.1609,22,28,10,0,0,0,0
397.1868,20,30,8,0,0,0,0
413.1301,15,26,13,0,0,0,0
545.1724,20,34,17,0,0,0,0
455.1559,21,28,11,0,0,0,0
377.1242,19,22,8,0,0,0,0
453.1402,21,26,11,0,0,0,0
589.1622,21,34,19,0,0,0,0
659.1677,24,36,21,0,0,0,0
353.1242,17,22,8,0,0,0,0
395.062,17,16,11,0,0,0,0
427.0882,18,20,12,0,0,0,0
405.1555,21,26,8,0,0,0,0
355.1399,17,24,8,0,0,0,0
371.1712,18,28,8,0,0,0,0
429.1402,19,26,11,0,0,0,0
359.1348,16,24,9,0,0,0,0
645.1885,24,38,20,0,0,0,0
375.1297,16,24,10,0,0,0,0
415.0882,17,20,12,0,0,0,0
541.1774,21,34,16,0,0,0,0
387.1661,18,28,9,0,0,0,0
631.1728,23,36,20,0,0,0,0
373.0777,15,18,11,0,0,0,0
677.1782,24,38,22,0,0,0,0
679.1939,24,40,22,0,0,0,0
379.1035,18,20,9,0,0,0,0
413.1817,20,30,9,0,0,0,0
383.1712,19,28,8,0,0,0,0
373.1504,17,26,9,0,0,0,0
391.1399,20,24,8,0,0,0,0
355.1035,16,20,9,0,0,0,0
365.0726,13,18,12,0,0,0,0
405.1038,16,22,12,0,0,0,0
439.1246,20,24,11,0,0,0,0
541.1411,20,30,17,0,0,0,0
371.062,15,16,11,0,0,0,0
441.1402,20,26,11,0,0,0,0
407.1711,21,28,8,0,0,0,0
413.0725,17,18,12,0,0,0,0
401.0725,16,18,12,0,0,0,0
357.1191,16,22,9,0,0,0,0
415.161,19,28,10,0,0,0,0
381.0827,17,18,10,0,0,0,0
399.0569,16,16,12,0,0,0,0
415.1246,18,24,11,0,0,0,0
515.1618,19,32,16,0,0,0,0
365.1242,18,22,8,0,0,0,0
425.1089,19,22,11,0,0,0,0
439.161,21,28,10,0,0,0,0
481.1199,18,26,15,0,0,0,0
383.062,16,16,11,0,0,0,0
387.0933,16,20,11,0,0,0,0
527.1617,20,32,16,0,0,0,0
387.1297,17,24,10,0,0,0,0
437.1453,21,26,10,0,0,0,0
601.1622,22,34,19,0,0,0,0
423.166,21,28,9,0,0,0,0
469.1563,18,30,14,0,0,0,0
561.1673,20,34,18,0,0,0,0
421.1504,21,26,9,0,0,0,0
401.1089,17,22,11,0,0,0,0
425.1301,16,26,13,0,0,0,0
603.1778,22,36,19,0,0,0,0
427.1246,19,24,11,0,0,0,0
393.1038,15,22,12,0,0,0,0
385.0776,16,18,11,0,0,0,0
373.114,16,22,10,0,0,0,0
423.1297,20,24,10,0,0,0,0
427.161,20,28,10,0,0,0,0
411.0933,18,20,11,0,0,0,0
367.1035,17,20,9,0,0,0,0
369.1555,18,26,8,0,0,0,0
397.0776,17,18,11,0,0,0,0
395.1711,20,28,8,0,0,0,0
401.1453,18,26,10,0,0,0,0
369.0827,16,18,10,0,0,0,0
395.0984,18,20,10,0,0,0,0
393.1191,19,22,9,0,0,0,0
467.1406,18,28,14,0,0,0,0
381.1555,19,26,8,0,0,0,0
371.0984,16,20,10,0,0,0,0
661.1833,24,38,21,0,0,0,0
413.1089,18,22,11,0,0,0,0
379.1399,19,24,8,0,0,0,0
371.1348,17,24,9,0,0,0,0
407.1347,20,24,9,0,0,0,0
385.1504,18,26,9,0,0,0,0
367.1398,18,24,8,0,0,0,0
399.166,19,28,9,0,0,0,0
393.1555,20,26,8,0,0,0,0
409.114,19,22,10,0,0,0,0
413.1453,19,26,10,0,0,0,0
383.0984,17,20,10,0,0,0,0
425.1453,20,26,10,0,0,0,0
399.0933,17,20,11,0,0,0,0
411.166,20,28,9,0,0,0,0
385.114,17,22,10,0,0,0,0
381.1191,18,22,9,0,0,0,0
395.1195,15,24,12,0,0,0,0
369.1191,17,22,9,0,0,0,0
409.1504,20,26,9,0,0,0,0
383.1348,18,24,9,0,0,0,0
543.1567,20,32,17,0,0,0,0
423.1144,16,24,13,0,0,0,0
513.1461,19,30,16,0,0,0,0
411.1297,19,24,10,0,0,0,0
397.114,18,22,10,0,0,0,0
399.1297,18,24,10,0,0,0,0
397.1504,19,26,9,0,0,0,0
439.1093,16,24,14,0,0,0,0
339.0933,12,20,11,0,0,0,0
395.1348,19,24,9,0,0,0,0
409.0988,15,22,13,0,0,0,0
455.1406,17,28,14,0,0,0,0
529.141,19,30,17,0,0,0,0
441.125,16,26,14,0,0,0,0
497.1148,18,26,16,0,0,0,0
559.1516,20,32,18,0,0,0,0
383.1195,14,24,12,0,0,0,0
453.125,17,26,14,0,0,0,0
485.1512,18,30,15,0,0,0,0
429.125,15,26,14,0,0,0,0
519.1567,18,32,17,0,0,0,0
483.1356,18,28,15,0,0,0,0
411.1144,15,24,13,0,0,0,0
469.1199,17,26,15,0,0,0,0
381.1039,14,22,12,0,0,0,0
355.0882,12,20,12,0,0,0,0
397.0988,14,22,13,0,0,0,0
427.1093,15,24,14,0,0,0,0
515.1254,18,28,17,0,0,0,0
501.1461,18,30,16,0,0,0,0
499.1305,18,28,16,0,0,0,0
471.1355,17,28,15,0,0,0,0
517.141,18,30,17,0,0,0,0
