"Mass","C","H","N","O","S","P"
351.0569,12,16,0,12,0,0
323.0984,12,20,0,10,0,0
355.0882,12,20,0,12,0,0
341.1089,12,22,0,11,0,0
327.0358,13,12,0,10,0,0
329.0514,13,14,0,10,0,0
315.0722,13,16,0,9,0,0
365.0725,13,18,0,12,0,0
315.1198,13,20,2,7,0,0
353.1089,13,22,0,11,0,0
371.1017,13,24,0,10,1,0
403.0916,13,24,0,12,1,0
321.0252,14,10,0,9,0,0
337.0201,14,10,0,10,0,0
353.015,14,10,0,11,0,0
323.0409,14,12,0,9,0,0
339.0358,14,12,0,10,0,0
355.0307,14,12,0,11,0,0
325.0565,14,14,0,9,0,0
341.0514,14,14,0,10,0,0
357.0463,14,14,0,11,0,0
373.0412,14,14,0,12,0,0
311.0772,14,16,0,8,0,0
327.0722,14,16,0,9,0,0
343.0671,14,16,0,10,0,0
359.062,14,16,0,11,0,0
382.1004,14,17,5,8,0,0
313.0929,14,18,0,8,0,0
329.0878,14,18,0,9,0,0
345.0827,14,18,0,10,0,0
409.0446,14,18,0,12,1,0
331.1035,14,20,0,9,0,0
347.0984,14,20,0,10,0,0
363.0933,14,20,0,11,0,0
342.1307,14,21,3,7,0,0
358.1256,14,21,3,8,0,0
333.1191,14,22,0,9,0,0
365.1089,14,22,0,11,0,0
381.1038,14,22,0,12,0,0
413.0759,14,22,0,12,1,0
345.1303,14,22,2,8,0,0
364.1249,14,23,1,10,0,0
312.1565,14,23,3,5,0,0
328.1514,14,23,3,6,0,0
367.1246,14,24,0,11,0,0
383.1195,14,24,0,12,0,0
359.1572,14,24,4,7,0,0
330.1671,14,25,3,6,0,0
346.162,14,25,3,7,0,0
337.1326,14,26,0,7,1,0
385.1174,14,26,0,10,1,0
417.1072,14,26,0,12,1,0
433.1021,14,26,0,13,1,0
345.178,14,26,4,6,0,0
316.1878,14,27,3,5,0,0
331.0096,15,8,0,9,0,0
333.0252,15,10,0,9,0,0
349.0201,15,10,0,10,0,0
365.015,15,10,0,11,0,0
381.0099,15,10,0,12,0,0
319.0459,15,12,0,8,0,0
335.0409,15,12,0,9,0,0
351.0358,15,12,0,10,0,0
367.0307,15,12,0,11,0,0
383.0256,15,12,0,12,0,0
399.0205,15,12,0,13,0,0
321.0616,15,14,0,8,0,0
337.0565,15,14,0,9,0,0
353.0514,15,14,0,10,0,0
369.0463,15,14,0,11,0,0
385.0412,15,14,0,12,0,0
323.0772,15,16,0,8,0,0
339.0722,15,16,0,9,0,0
355.0671,15,16,0,10,0,0
371.062,15,16,0,11,0,0
387.0569,15,16,0,12,0,0
403.0518,15,16,0,13,0,0
354.0831,15,17,1,9,0,0
325.0929,15,18,0,8,0,0
341.0878,15,18,0,9,0,0
357.0827,15,18,0,10,0,0
373.0776,15,18,0,11,0,0
389.0725,15,18,0,12,0,0
311.1136,15,20,0,7,0,0
327.1085,15,20,0,8,0,0
343.1035,15,20,0,9,0,0
359.0984,15,20,0,10,0,0
375.0933,15,20,0,11,0,0
391.0882,15,20,0,12,0,0
439.0552,15,20,0,13,1,0
354.1307,15,21,3,7,0,0
313.1293,15,22,0,7,0,0
329.1242,15,22,0,8,0,0
345.1191,15,22,0,9,0,0
361.114,15,22,0,10,0,0
377.1089,15,22,0,11,0,0
393.1038,15,22,0,12,0,0
409.0988,15,22,0,13,0,0
385.1365,15,22,4,8,0,0
340.1514,15,23,3,6,0,0
356.1463,15,23,3,7,0,0
372.1412,15,23,3,8,0,0
384.1525,15,23,5,7,0,0
315.1449,15,24,0,7,0,0
331.1398,15,24,0,8,0,0
347.1348,15,24,0,9,0,0
379.1246,15,24,0,11,0,0
395.1195,15,24,0,12,0,0
411.1144,15,24,0,13,0,0
427.1093,15,24,0,14,0,0
343.1511,15,24,2,7,0,0
359.146,15,24,2,8,0,0
355.1623,15,24,4,6,0,0
371.1572,15,24,4,7,0,0
387.1521,15,24,4,8,0,0
326.1721,15,25,3,5,0,0
342.1671,15,25,3,6,0,0
358.162,15,25,3,7,0,0
374.1569,15,25,3,8,0,0
365.1453,15,26,0,10,0,0
381.1402,15,26,0,11,0,0
397.1351,15,26,0,12,0,0
413.1301,15,26,0,13,0,0
429.125,15,26,0,14,0,0
341.183,15,26,4,5,0,0
357.178,15,26,4,6,0,0
373.1729,15,26,4,7,0,0
380.1562,15,27,1,10,0,0
444.1181,15,27,1,12,1,0
441.128,15,27,2,11,0,1
328.1878,15,27,3,5,0,0
344.1827,15,27,3,6,0,0
360.1776,15,27,3,7,0,0
372.1889,15,27,5,6,0,0
335.1711,15,28,0,8,0,0
399.133,15,28,0,10,1,0
431.1229,15,28,0,12,1,0
343.1987,15,28,4,5,0,0
359.1936,15,28,4,6,0,0
375.1885,15,28,4,7,0,0
314.2085,15,29,3,4,0,0
330.2034,15,29,3,5,0,0
343.0096,16,8,0,9,0,0
359.0045,16,8,0,10,0,0
374.9994,16,8,0,11,0,0
329.0303,16,10,0,8,0,0
345.0252,16,10,0,9,0,0
361.0201,16,10,0,10,0,0
377.015,16,10,0,11,0,0
393.0099,16,10,0,12,0,0
331.0459,16,12,0,8,0,0
347.0409,16,12,0,9,0,0
363.0358,16,12,0,10,0,0
379.0307,16,12,0,11,0,0
395.0256,16,12,0,12,0,0
411.0205,16,12,0,13,0,0
362.0518,16,13,1,9,0,0
317.0667,16,14,0,7,0,0
333.0616,16,14,0,8,0,0
349.0565,16,14,0,9,0,0
365.0514,16,14,0,10,0,0
381.0463,16,14,0,11,0,0
397.0412,16,14,0,12,0,0
413.0362,16,14,0,13,0,0
348.0725,16,15,1,8,0,0
364.0674,16,15,1,9,0,0
380.0623,16,15,1,10,0,0
319.0823,16,16,0,7,0,0
335.0772,16,16,0,8,0,0
351.0722,16,16,0,9,0,0
367.0671,16,16,0,10,0,0
383.062,16,16,0,11,0,0
399.0569,16,16,0,12,0,0
415.0518,16,16,0,13,0,0
350.0881,16,17,1,8,0,0
366.0831,16,17,1,9,0,0
382.078,16,17,1,10,0,0
321.098,16,18,0,7,0,0
337.0929,16,18,0,8,0,0
353.0878,16,18,0,9,0,0
369.0827,16,18,0,10,0,0
385.0776,16,18,0,11,0,0
401.0725,16,18,0,12,0,0
417.0675,16,18,0,13,0,0
365.099,16,18,2,8,0,0
352.1038,16,19,1,8,0,0
368.0987,16,19,1,9,0,0
384.0936,16,19,1,10,0,0
323.1136,16,20,0,7,0,0
339.1085,16,20,0,8,0,0
355.1035,16,20,0,9,0,0
371.0984,16,20,0,10,0,0
387.0933,16,20,0,11,0,0
403.0882,16,20,0,12,0,0
325.1293,16,22,0,7,0,0
341.1242,16,22,0,8,0,0
357.1191,16,22,0,9,0,0
373.114,16,22,0,10,0,0
389.1089,16,22,0,11,0,0
405.1038,16,22,0,12,0,0
352.1514,16,23,3,6,0,0
368.1463,16,23,3,7,0,0
384.1412,16,23,3,8,0,0
400.1362,16,23,3,9,0,0
311.15,16,24,0,6,0,0
327.1449,16,24,0,7,0,0
343.1398,16,24,0,8,0,0
359.1348,16,24,0,9,0,0
375.1297,16,24,0,10,0,0
407.1195,16,24,0,12,0,0
423.1144,16,24,0,13,0,0
387.1409,16,24,2,9,0,0
383.1572,16,24,4,7,0,0
399.1521,16,24,4,8,0,0
451.1123,16,25,2,11,0,1
338.1721,16,25,3,5,0,0
354.1671,16,25,3,6,0,0
370.162,16,25,3,7,0,0
386.1569,16,25,3,8,0,0
402.1518,16,25,3,9,0,0
313.1657,16,26,0,6,0,0
329.1606,16,26,0,7,0,0
345.1555,16,26,0,8,0,0
361.1504,16,26,0,9,0,0
377.1453,16,26,0,10,0,0
393.1402,16,26,0,11,0,0
409.1351,16,26,0,12,0,0
425.1301,16,26,0,13,0,0
441.125,16,26,0,14,0,0
357.1667,16,26,2,7,0,0
405.1515,16,26,2,10,0,0
369.178,16,26,4,6,0,0
385.1729,16,26,4,7,0,0
401.1678,16,26,4,8,0,0
340.1878,16,27,3,5,0,0
356.1827,16,27,3,6,0,0
372.1776,16,27,3,7,0,0
388.1725,16,27,3,8,0,0
315.1813,16,28,0,6,0,0
331.1762,16,28,0,7,0,0
347.1711,16,28,0,8,0,0
363.1661,16,28,0,9,0,0
379.161,16,28,0,10,0,0
411.133,16,28,0,10,1,0
427.1457,16,28,0,13,0,0
355.1987,16,28,4,5,0,0
371.1936,16,28,4,6,0,0
387.1885,16,28,4,7,0,0
403.1834,16,28,4,8,0,0
326.2085,16,29,3,4,0,0
358.1984,16,29,3,6,0,0
349.1868,16,30,0,8,0,0
365.1817,16,30,0,9,0,0
381.1766,16,30,0,10,0,0
357.2143,16,30,4,5,0,0
373.2093,16,30,4,6,0,0
389.2042,16,30,4,7,0,0
328.2242,16,31,3,4,0,0
344.2191,16,31,3,5,0,0
376.1912,16,31,3,5,1,0
337.2054,16,34,0,5,1,0
353.2003,16,34,0,6,1,0
371.0045,17,8,0,10,0,0
386.9994,17,8,0,11,0,0
402.9943,17,8,0,12,0,0
341.0303,17,10,0,8,0,0
357.0252,17,10,0,9,0,0
373.0201,17,10,0,10,0,0
389.015,17,10,0,11,0,0
405.0099,17,10,0,12,0,0
327.051,17,12,0,7,0,0
343.0459,17,12,0,8,0,0
359.0409,17,12,0,9,0,0
375.0358,17,12,0,10,0,0
391.0307,17,12,0,11,0,0
407.0256,17,12,0,12,0,0
423.0205,17,12,0,13,0,0
329.0667,17,14,0,7,0,0
345.0616,17,14,0,8,0,0
361.0565,17,14,0,9,0,0
377.0514,17,14,0,10,0,0
393.0463,17,14,0,11,0,0
409.0412,17,14,0,12,0,0
425.0362,17,14,0,13,0,0
441.0311,17,14,0,14,0,0
360.0725,17,15,1,8,0,0
376.0674,17,15,1,9,0,0
392.0623,17,15,1,10,0,0
331.0823,17,16,0,7,0,0
347.0772,17,16,0,8,0,0
363.0722,17,16,0,9,0,0
379.0671,17,16,0,10,0,0
395.062,17,16,0,11,0,0
411.0569,17,16,0,12,0,0
427.0518,17,16,0,13,0,0
362.0881,17,17,1,8,0,0
378.0831,17,17,1,9,0,0
394.078,17,17,1,10,0,0
410.0729,17,17,1,11,0,0
333.098,17,18,0,7,0,0
349.0929,17,18,0,8,0,0
365.0878,17,18,0,9,0,0
381.0827,17,18,0,10,0,0
397.0776,17,18,0,11,0,0
413.0725,17,18,0,12,0,0
429.0675,17,18,0,13,0,0
364.1038,17,19,1,8,0,0
380.0987,17,19,1,9,0,0
396.0936,17,19,1,10,0,0
319.1187,17,20,0,6,0,0
335.1136,17,20,0,7,0,0
351.1085,17,20,0,8,0,0
367.1035,17,20,0,9,0,0
383.0984,17,20,0,10,0,0
399.0933,17,20,0,11,0,0
415.0882,17,20,0,12,0,0
431.0831,17,20,0,13,0,0
395.1096,17,20,2,9,0,0
366.1194,17,21,1,8,0,0
398.1093,17,21,1,10,0,0
414.1042,17,21,1,11,0,0
378.1307,17,21,3,7,0,0
321.1344,17,22,0,6,0,0
337.1293,17,22,0,7,0,0
353.1242,17,22,0,8,0,0
369.1191,17,22,0,9,0,0
385.114,17,22,0,10,0,0
401.1089,17,22,0,11,0,0
417.1038,17,22,0,12,0,0
433.0988,17,22,0,13,0,0
349.1405,17,22,2,6,0,0
384.13,17,23,1,9,0,0
380.1463,17,23,3,7,0,0
396.1412,17,23,3,8,0,0
323.15,17,24,0,6,0,0
339.1449,17,24,0,7,0,0
355.1398,17,24,0,8,0,0
371.1348,17,24,0,9,0,0
387.1297,17,24,0,10,0,0
403.1246,17,24,0,11,0,0
419.1195,17,24,0,12,0,0
435.1144,17,24,0,13,0,0
395.1572,17,24,4,7,0,0
334.1772,17,25,3,4,0,0
350.1721,17,25,3,5,0,0
366.1671,17,25,3,6,0,0
382.162,17,25,3,7,0,0
398.1569,17,25,3,8,0,0
309.1707,17,26,0,5,0,0
325.1657,17,26,0,6,0,0
341.1606,17,26,0,7,0,0
357.1555,17,26,0,8,0,0
373.1504,17,26,0,9,0,0
389.1453,17,26,0,10,0,0
405.1402,17,26,0,11,0,0
421.1351,17,26,0,12,0,0
437.1301,17,26,0,13,0,0
453.125,17,26,0,14,0,0
469.1199,17,26,0,15,0,0
397.1729,17,26,4,7,0,0
413.1678,17,26,4,8,0,0
465.128,17,27,2,11,0,1
368.1827,17,27,3,6,0,0
384.1776,17,27,3,7,0,0
400.1725,17,27,3,8,0,0
416.1675,17,27,3,9,0,0
412.1838,17,27,5,7,0,0
508.1355,17,27,5,11,1,0
311.1686,17,28,0,3,1,0
327.1813,17,28,0,6,0,0
343.1762,17,28,0,7,0,0
359.1711,17,28,0,8,0,0
375.1661,17,28,0,9,0,0
391.161,17,28,0,10,0,0
423.1508,17,28,0,12,0,0
439.1457,17,28,0,13,0,0
455.1406,17,28,0,14,0,0
471.1355,17,28,0,15,0,0
383.1936,17,28,4,6,0,0
399.1885,17,28,4,7,0,0
415.1834,17,28,4,8,0,0
354.2034,17,29,3,5,0,0
370.1984,17,29,3,6,0,0
386.1933,17,29,3,7,0,0
402.1882,17,29,3,8,0,0
430.1943,17,29,5,8,0,0
329.197,17,30,0,6,0,0
345.1919,17,30,0,7,0,0
361.1868,17,30,0,8,0,0
377.1817,17,30,0,9,0,0
393.1766,17,30,0,10,0,0
441.1614,17,30,0,13,0,0
457.1563,17,30,0,14,0,0
369.2143,17,30,4,5,0,0
385.2093,17,30,4,6,0,0
401.2042,17,30,4,7,0,0
417.1991,17,30,4,8,0,0
340.2242,17,31,3,4,0,0
372.214,17,31,3,6,0,0
400.2202,17,31,5,6,0,0
416.2151,17,31,5,7,0,0
331.2126,17,32,0,6,0,0
347.2075,17,32,0,7,0,0
395.1923,17,32,0,10,0,0
371.23,17,32,4,5,0,0
387.2249,17,32,4,6,0,0
403.2198,17,32,4,7,0,0
342.2398,17,33,3,4,0,0
383.0045,18,8,0,10,0,0
398.9994,18,8,0,11,0,0
353.0303,18,10,0,8,0,0
369.0252,18,10,0,9,0,0
385.0201,18,10,0,10,0,0
401.015,18,10,0,11,0,0
417.0099,18,10,0,12,0,0
433.0049,18,10,0,13,0,0
339.051,18,12,0,7,0,0
355.0459,18,12,0,8,0,0
371.0409,18,12,0,9,0,0
387.0358,18,12,0,10,0,0
403.0307,18,12,0,11,0,0
419.0256,18,12,0,12,0,0
435.0205,18,12,0,13,0,0
451.0154,18,12,0,14,0,0
386.0518,18,13,1,9,0,0
402.0467,18,13,1,10,0,0
341.0667,18,14,0,7,0,0
357.0616,18,14,0,8,0,0
373.0565,18,14,0,9,0,0
389.0514,18,14,0,10,0,0
405.0463,18,14,0,11,0,0
421.0412,18,14,0,12,0,0
437.0362,18,14,0,13,0,0
453.0311,18,14,0,14,0,0
372.0725,18,15,1,8,0,0
388.0674,18,15,1,9,0,0
404.0623,18,15,1,10,0,0
327.0874,18,16,0,6,0,0
343.0823,18,16,0,7,0,0
359.0772,18,16,0,8,0,0
375.0722,18,16,0,9,0,0
391.0671,18,16,0,10,0,0
407.062,18,16,0,11,0,0
423.0569,18,16,0,12,0,0
439.0518,18,16,0,13,0,0
455.0467,18,16,0,14,0,0
374.0881,18,17,1,8,0,0
390.0831,18,17,1,9,0,0
406.078,18,17,1,10,0,0
329.1031,18,18,0,6,0,0
345.098,18,18,0,7,0,0
361.0929,18,18,0,8,0,0
377.0878,18,18,0,9,0,0
393.0827,18,18,0,10,0,0
409.0776,18,18,0,11,0,0
425.0725,18,18,0,12,0,0
441.0675,18,18,0,13,0,0
457.0624,18,18,0,14,0,0
376.1038,18,19,1,8,0,0
392.0987,18,19,1,9,0,0
408.0936,18,19,1,10,0,0
424.0885,18,19,1,11,0,0
331.1187,18,20,0,6,0,0
347.1136,18,20,0,7,0,0
363.1085,18,20,0,8,0,0
379.1035,18,20,0,9,0,0
395.0984,18,20,0,10,0,0
411.0933,18,20,0,11,0,0
427.0882,18,20,0,12,0,0
443.0831,18,20,0,13,0,0
459.078,18,20,0,14,0,0
394.1144,18,21,1,9,0,0
410.1093,18,21,1,10,0,0
317.1394,18,22,0,5,0,0
333.1344,18,22,0,6,0,0
349.1293,18,22,0,7,0,0
365.1242,18,22,0,8,0,0
381.1191,18,22,0,9,0,0
397.114,18,22,0,10,0,0
413.1089,18,22,0,11,0,0
429.1038,18,22,0,12,0,0
445.0988,18,22,0,13,0,0
461.0937,18,22,0,14,0,0
377.1354,18,22,2,7,0,0
376.1514,18,23,3,6,0,0
392.1463,18,23,3,7,0,0
335.15,18,24,0,6,0,0
351.1449,18,24,0,7,0,0
367.1398,18,24,0,8,0,0
383.1348,18,24,0,9,0,0
399.1297,18,24,0,10,0,0
415.1246,18,24,0,11,0,0
431.1195,18,24,0,12,0,0
447.1144,18,24,0,13,0,0
463.1093,18,24,0,14,0,0
363.1562,18,24,2,6,0,0
378.1671,18,25,3,6,0,0
394.162,18,25,3,7,0,0
321.1707,18,26,0,5,0,0
337.1657,18,26,0,6,0,0
353.1606,18,26,0,7,0,0
369.1555,18,26,0,8,0,0
385.1504,18,26,0,9,0,0
401.1453,18,26,0,10,0,0
417.1402,18,26,0,11,0,0
433.1351,18,26,0,12,0,0
449.1301,18,26,0,13,0,0
465.125,18,26,0,14,0,0
497.1148,18,26,0,16,0,0
364.1878,18,27,3,5,0,0
380.1827,18,27,3,6,0,0
412.1725,18,27,3,8,0,0
323.1864,18,28,0,5,0,0
339.1813,18,28,0,6,0,0
355.1762,18,28,0,7,0,0
371.1711,18,28,0,8,0,0
387.1661,18,28,0,9,0,0
403.161,18,28,0,10,0,0
419.1559,18,28,0,11,0,0
467.1406,18,28,0,14,0,0
483.1355,18,28,0,15,0,0
499.1305,18,28,0,16,0,0
411.1885,18,28,4,7,0,0
427.1834,18,28,4,8,0,0
382.1984,18,29,3,6,0,0
398.1933,18,29,3,7,0,0
414.1882,18,29,3,8,0,0
430.1831,18,29,3,9,0,0
442.1943,18,29,5,8,0,0
325.1843,18,30,0,3,1,0
325.202,18,30,0,5,0,0
341.197,18,30,0,6,0,0
357.1919,18,30,0,7,0,0
373.1868,18,30,0,8,0,0
389.1817,18,30,0,9,0,0
405.1766,18,30,0,10,0,0
437.1664,18,30,0,12,0,0
453.1614,18,30,0,13,0,0
469.1563,18,30,0,14,0,0
485.1512,18,30,0,15,0,0
501.1461,18,30,0,16,0,0
517.141,18,30,0,17,0,0
397.2093,18,30,4,6,0,0
413.2042,18,30,4,7,0,0
429.1991,18,30,4,8,0,0
384.214,18,31,3,6,0,0
400.2089,18,31,3,7,0,0
412.2202,18,31,5,6,0,0
428.2151,18,31,5,7,0,0
444.21,18,31,5,8,0,0
327.2177,18,32,0,5,0,0
343.2126,18,32,0,6,0,0
359.2075,18,32,0,7,0,0
375.2024,18,32,0,8,0,0
391.1974,18,32,0,9,0,0
407.1923,18,32,0,10,0,0
423.1872,18,32,0,11,0,0
455.177,18,32,0,13,0,0
471.1719,18,32,0,14,0,0
503.1618,18,32,0,16,0,0
383.23,18,32,4,5,0,0
399.2249,18,32,4,6,0,0
415.2198,18,32,4,7,0,0
431.2147,18,32,4,8,0,0
414.2358,18,33,5,6,0,0
430.2307,18,33,5,7,0,0
329.2333,18,34,0,5,0,0
345.2283,18,34,0,6,0,0
361.2232,18,34,0,7,0,0
377.2181,18,34,0,8,0,0
393.213,18,34,0,9,0,0
385.2456,18,34,4,5,0,0
401.2406,18,34,4,6,0,0
417.2355,18,34,4,7,0,0
356.2555,18,35,3,4,0,0
283.2643,18,36,0,2,0,0
331.249,18,36,0,5,0,0
347.2439,18,36,0,6,0,0
363.2388,18,36,0,7,0,0
379.2337,18,36,0,8,0,0
411.2058,18,36,0,8,1,0
381.2316,18,38,0,6,1,0
397.2265,18,38,0,7,1,0
365.0303,19,10,0,8,0,0
381.0252,19,10,0,9,0,0
397.0201,19,10,0,10,0,0
413.015,19,10,0,11,0,0
429.0099,19,10,0,12,0,0
367.0459,19,12,0,8,0,0
383.0409,19,12,0,9,0,0
399.0358,19,12,0,10,0,0
415.0307,19,12,0,11,0,0
431.0256,19,12,0,12,0,0
447.0205,19,12,0,13,0,0
353.0667,19,14,0,7,0,0
369.0616,19,14,0,8,0,0
385.0565,19,14,0,9,0,0
401.0514,19,14,0,10,0,0
417.0463,19,14,0,11,0,0
433.0412,19,14,0,12,0,0
449.0362,19,14,0,13,0,0
465.0311,19,14,0,14,0,0
400.0674,19,15,1,9,0,0
355.0823,19,16,0,7,0,0
371.0772,19,16,0,8,0,0
387.0722,19,16,0,9,0,0
403.0671,19,16,0,10,0,0
419.062,19,16,0,11,0,0
435.0569,19,16,0,12,0,0
451.0518,19,16,0,13,0,0
467.0467,19,16,0,14,0,0
386.0881,19,17,1,8,0,0
402.0831,19,17,1,9,0,0
418.078,19,17,1,10,0,0
341.1031,19,18,0,6,0,0
357.098,19,18,0,7,0,0
373.0929,19,18,0,8,0,0
389.0878,19,18,0,9,0,0
405.0827,19,18,0,10,0,0
421.0776,19,18,0,11,0,0
437.0725,19,18,0,12,0,0
453.0675,19,18,0,13,0,0
469.0624,19,18,0,14,0,0
485.0573,19,18,0,15,0,0
388.1038,19,19,1,8,0,0
404.0987,19,19,1,9,0,0
420.0936,19,19,1,10,0,0
343.1187,19,20,0,6,0,0
359.1136,19,20,0,7,0,0
375.1085,19,20,0,8,0,0
391.1035,19,20,0,9,0,0
407.0984,19,20,0,10,0,0
423.0933,19,20,0,11,0,0
439.0882,19,20,0,12,0,0
455.0831,19,20,0,13,0,0
471.078,19,20,0,14,0,0
487.0729,19,20,0,15,0,0
390.1194,19,21,1,8,0,0
406.1144,19,21,1,9,0,0
422.1093,19,21,1,10,0,0
329.1394,19,22,0,5,0,0
345.1344,19,22,0,6,0,0
361.1293,19,22,0,7,0,0
377.1242,19,22,0,8,0,0
393.1191,19,22,0,9,0,0
409.114,19,22,0,10,0,0
425.1089,19,22,0,11,0,0
441.1038,19,22,0,12,0,0
457.0988,19,22,0,13,0,0
473.0937,19,22,0,14,0,0
331.1551,19,24,0,5,0,0
347.15,19,24,0,6,0,0
363.1449,19,24,0,7,0,0
379.1398,19,24,0,8,0,0
395.1348,19,24,0,9,0,0
411.1297,19,24,0,10,0,0
427.1246,19,24,0,11,0,0
443.1195,19,24,0,12,0,0
459.1144,19,24,0,13,0,0
374.1721,19,25,3,5,0,0
390.1671,19,25,3,6,0,0
406.162,19,25,3,7,0,0
333.1707,19,26,0,5,0,0
349.1657,19,26,0,6,0,0
365.1606,19,26,0,7,0,0
381.1555,19,26,0,8,0,0
397.1504,19,26,0,9,0,0
413.1453,19,26,0,10,0,0
429.1402,19,26,0,11,0,0
445.1351,19,26,0,12,0,0
461.1301,19,26,0,13,0,0
477.125,19,26,0,14,0,0
392.1827,19,27,3,6,0,0
408.1776,19,27,3,7,0,0
335.1864,19,28,0,5,0,0
351.1813,19,28,0,6,0,0
367.1762,19,28,0,7,0,0
383.1711,19,28,0,8,0,0
399.1661,19,28,0,9,0,0
415.161,19,28,0,10,0,0
431.1559,19,28,0,11,0,0
447.1508,19,28,0,12,0,0
378.2034,19,29,3,5,0,0
394.1984,19,29,3,6,0,0
474.1729,19,29,3,11,0,0
353.197,19,30,0,6,0,0
369.1919,19,30,0,7,0,0
385.1868,19,30,0,8,0,0
401.1817,19,30,0,9,0,0
417.1766,19,30,0,10,0,0
497.1512,19,30,0,15,0,0
513.1461,19,30,0,16,0,0
477.1726,19,30,2,12,0,0
425.2042,19,30,4,7,0,0
441.1991,19,30,4,8,0,0
396.214,19,31,3,6,0,0
492.1835,19,31,3,12,0,0
508.1784,19,31,3,13,0,0
456.21,19,31,5,8,0,0
339.1999,19,32,0,3,1,0
355.2126,19,32,0,6,0,0
371.2075,19,32,0,7,0,0
387.2024,19,32,0,8,0,0
403.1974,19,32,0,9,0,0
483.1719,19,32,0,14,0,0
499.1668,19,32,0,15,0,0
515.1618,19,32,0,16,0,0
411.2249,19,32,4,6,0,0
427.2198,19,32,4,7,0,0
443.2147,19,32,4,8,0,0
442.2307,19,33,5,7,0,0
458.2256,19,33,5,8,0,0
357.2283,19,34,0,6,0,0
373.2232,19,34,0,7,0,0
389.2181,19,34,0,8,0,0
405.213,19,34,0,9,0,0
485.1876,19,34,0,14,0,0
397.2456,19,34,4,5,0,0
413.2406,19,34,4,6,0,0
429.2355,19,34,4,7,0,0
445.2304,19,34,4,8,0,0
428.2515,19,35,5,6,0,0
444.2464,19,35,5,7,0,0
359.2439,19,36,0,6,0,0
375.2388,19,36,0,7,0,0
391.2337,19,36,0,8,0,0
399.2613,19,36,4,5,0,0
415.2562,19,36,4,6,0,0
431.2511,19,36,4,7,0,0
395.2473,19,40,0,6,1,0
393.0252,20,10,0,9,0,0
409.0201,20,10,0,10,0,0
425.015,20,10,0,11,0,0
441.0099,20,10,0,12,0,0
363.051,20,12,0,7,0,0
379.0459,20,12,0,8,0,0
395.0409,20,12,0,9,0,0
411.0358,20,12,0,10,0,0
427.0307,20,12,0,11,0,0
443.0256,20,12,0,12,0,0
459.0205,20,12,0,13,0,0
365.0667,20,14,0,7,0,0
381.0616,20,14,0,8,0,0
397.0565,20,14,0,9,0,0
413.0514,20,14,0,10,0,0
429.0463,20,14,0,11,0,0
445.0412,20,14,0,12,0,0
461.0362,20,14,0,13,0,0
477.0311,20,14,0,14,0,0
367.0823,20,16,0,7,0,0
383.0772,20,16,0,8,0,0
399.0722,20,16,0,9,0,0
415.0671,20,16,0,10,0,0
431.062,20,16,0,11,0,0
447.0569,20,16,0,12,0,0
463.0518,20,16,0,13,0,0
479.0467,20,16,0,14,0,0
495.0416,20,16,0,15,0,0
414.0831,20,17,1,9,0,0
353.1031,20,18,0,6,0,0
369.098,20,18,0,7,0,0
385.0929,20,18,0,8,0,0
401.0878,20,18,0,9,0,0
417.0827,20,18,0,10,0,0
433.0776,20,18,0,11,0,0
449.0725,20,18,0,12,0,0
465.0675,20,18,0,13,0,0
481.0624,20,18,0,14,0,0
497.0573,20,18,0,15,0,0
448.0885,20,19,1,11,0,0
355.1187,20,20,0,6,0,0
371.1136,20,20,0,7,0,0
387.1085,20,20,0,8,0,0
403.1035,20,20,0,9,0,0
419.0984,20,20,0,10,0,0
435.0933,20,20,0,11,0,0
451.0882,20,20,0,12,0,0
467.0831,20,20,0,13,0,0
483.078,20,20,0,14,0,0
499.0729,20,20,0,15,0,0
434.1093,20,21,1,10,0,0
357.1344,20,22,0,6,0,0
373.1293,20,22,0,7,0,0
389.1242,20,22,0,8,0,0
405.1191,20,22,0,9,0,0
421.114,20,22,0,10,0,0
437.1089,20,22,0,11,0,0
453.1038,20,22,0,12,0,0
469.0988,20,22,0,13,0,0
485.0937,20,22,0,14,0,0
343.1551,20,24,0,5,0,0
359.15,20,24,0,6,0,0
375.1449,20,24,0,7,0,0
391.1398,20,24,0,8,0,0
407.1348,20,24,0,9,0,0
423.1297,20,24,0,10,0,0
439.1246,20,24,0,11,0,0
455.1195,20,24,0,12,0,0
471.1144,20,24,0,13,0,0
487.1093,20,24,0,14,0,0
486.1253,20,25,1,13,0,0
345.1707,20,26,0,5,0,0
361.1657,20,26,0,6,0,0
377.1606,20,26,0,7,0,0
393.1555,20,26,0,8,0,0
409.1504,20,26,0,9,0,0
425.1453,20,26,0,10,0,0
441.1402,20,26,0,11,0,0
457.1351,20,26,0,12,0,0
473.1301,20,26,0,13,0,0
388.1878,20,27,3,5,0,0
404.1827,20,27,3,6,0,0
347.1864,20,28,0,5,0,0
363.1813,20,28,0,6,0,0
379.1762,20,28,0,7,0,0
395.1711,20,28,0,8,0,0
411.1661,20,28,0,9,0,0
427.161,20,28,0,10,0,0
443.1559,20,28,0,11,0,0
459.1508,20,28,0,12,0,0
475.1457,20,28,0,13,0,0
406.1984,20,29,3,6,0,0
349.202,20,30,0,5,0,0
365.197,20,30,0,6,0,0
381.1919,20,30,0,7,0,0
397.1868,20,30,0,8,0,0
413.1817,20,30,0,9,0,0
429.1766,20,30,0,10,0,0
445.1715,20,30,0,11,0,0
509.1512,20,30,0,15,0,0
525.1461,20,30,0,16,0,0
541.141,20,30,0,17,0,0
421.2093,20,30,4,6,0,0
376.2242,20,31,3,4,0,0
351.2177,20,32,0,5,0,0
367.2126,20,32,0,6,0,0
383.2075,20,32,0,7,0,0
399.2024,20,32,0,8,0,0
415.1974,20,32,0,9,0,0
431.1923,20,32,0,10,0,0
495.1719,20,32,0,14,0,0
527.1618,20,32,0,16,0,0
543.1567,20,32,0,17,0,0
559.1516,20,32,0,18,0,0
439.2198,20,32,4,7,0,0
455.2147,20,32,4,8,0,0
470.2256,20,33,5,8,0,0
369.2283,20,34,0,6,0,0
385.2232,20,34,0,7,0,0
401.2181,20,34,0,8,0,0
417.213,20,34,0,9,0,0
433.2079,20,34,0,10,0,0
513.1825,20,34,0,15,0,0
545.1723,20,34,0,17,0,0
561.1672,20,34,0,18,0,0
425.2406,20,34,4,6,0,0
441.2355,20,34,4,7,0,0
457.2304,20,34,4,8,0,0
456.2464,20,35,5,7,0,0
472.2413,20,35,5,8,0,0
371.2439,20,36,0,6,0,0
387.2388,20,36,0,7,0,0
403.2337,20,36,0,8,0,0
419.2287,20,36,0,9,0,0
411.2613,20,36,4,5,0,0
427.2562,20,36,4,6,0,0
443.2511,20,36,4,7,0,0
459.246,20,36,4,8,0,0
458.262,20,37,5,7,0,0
373.2596,20,38,0,6,0,0
389.2545,20,38,0,7,0,0
421.2265,20,38,0,7,1,0
405.2494,20,38,0,8,0,0
413.2769,20,38,4,5,0,0
429.2719,20,38,4,6,0,0
375.2752,20,40,0,6,0,0
425.2578,20,42,0,7,1,0
441.2528,20,42,0,8,1,0
391.0459,21,12,0,8,0,0
407.0409,21,12,0,9,0,0
423.0358,21,12,0,10,0,0
439.0307,21,12,0,11,0,0
455.0256,21,12,0,12,0,0
471.0205,21,12,0,13,0,0
377.0667,21,14,0,7,0,0
393.0616,21,14,0,8,0,0
409.0565,21,14,0,9,0,0
425.0514,21,14,0,10,0,0
441.0463,21,14,0,11,0,0
457.0412,21,14,0,12,0,0
473.0362,21,14,0,13,0,0
489.0311,21,14,0,14,0,0
379.0823,21,16,0,7,0,0
395.0772,21,16,0,8,0,0
411.0722,21,16,0,9,0,0
427.0671,21,16,0,10,0,0
443.062,21,16,0,11,0,0
459.0569,21,16,0,12,0,0
475.0518,21,16,0,13,0,0
491.0467,21,16,0,14,0,0
507.0416,21,16,0,15,0,0
381.098,21,18,0,7,0,0
397.0929,21,18,0,8,0,0
413.0878,21,18,0,9,0,0
429.0827,21,18,0,10,0,0
445.0776,21,18,0,11,0,0
461.0725,21,18,0,12,0,0
477.0675,21,18,0,13,0,0
493.0624,21,18,0,14,0,0
509.0573,21,18,0,15,0,0
428.0987,21,19,1,9,0,0
367.1187,21,20,0,6,0,0
383.1136,21,20,0,7,0,0
399.1085,21,20,0,8,0,0
415.1035,21,20,0,9,0,0
431.0984,21,20,0,10,0,0
447.0933,21,20,0,11,0,0
463.0882,21,20,0,12,0,0
479.0831,21,20,0,13,0,0
495.078,21,20,0,14,0,0
511.0729,21,20,0,15,0,0
527.0679,21,20,0,16,0,0
369.1344,21,22,0,6,0,0
385.1293,21,22,0,7,0,0
401.1242,21,22,0,8,0,0
417.1191,21,22,0,9,0,0
433.114,21,22,0,10,0,0
449.1089,21,22,0,11,0,0
465.1038,21,22,0,12,0,0
481.0988,21,22,0,13,0,0
497.0937,21,22,0,14,0,0
513.0886,21,22,0,15,0,0
355.1551,21,24,0,5,0,0
371.15,21,24,0,6,0,0
387.1449,21,24,0,7,0,0
403.1398,21,24,0,8,0,0
419.1348,21,24,0,9,0,0
435.1297,21,24,0,10,0,0
451.1246,21,24,0,11,0,0
467.1195,21,24,0,12,0,0
483.1144,21,24,0,13,0,0
499.1093,21,24,0,14,0,0
357.1707,21,26,0,5,0,0
373.1657,21,26,0,6,0,0
389.1606,21,26,0,7,0,0
405.1555,21,26,0,8,0,0
421.1504,21,26,0,9,0,0
437.1453,21,26,0,10,0,0
453.1402,21,26,0,11,0,0
469.1351,21,26,0,12,0,0
485.1301,21,26,0,13,0,0
359.1864,21,28,0,5,0,0
375.1813,21,28,0,6,0,0
391.1762,21,28,0,7,0,0
407.1711,21,28,0,8,0,0
423.1661,21,28,0,9,0,0
439.161,21,28,0,10,0,0
455.1559,21,28,0,11,0,0
471.1508,21,28,0,12,0,0
487.1457,21,28,0,13,0,0
361.202,21,30,0,5,0,0
377.197,21,30,0,6,0,0
393.1919,21,30,0,7,0,0
409.1868,21,30,0,8,0,0
425.1817,21,30,0,9,0,0
441.1766,21,30,0,10,0,0
457.1715,21,30,0,11,0,0
473.1664,21,30,0,12,0,0
363.2177,21,32,0,5,0,0
379.2126,21,32,0,6,0,0
395.2075,21,32,0,7,0,0
411.2024,21,32,0,8,0,0
427.1974,21,32,0,9,0,0
443.1923,21,32,0,10,0,0
459.1872,21,32,0,11,0,0
523.1668,21,32,0,15,0,0
435.2249,21,32,4,6,0,0
374.2449,21,33,3,3,0,0
381.2283,21,34,0,6,0,0
397.2232,21,34,0,7,0,0
413.2181,21,34,0,8,0,0
429.213,21,34,0,9,0,0
445.2079,21,34,0,10,0,0
461.2028,21,34,0,11,0,0
541.1774,21,34,0,16,0,0
557.1723,21,34,0,17,0,0
589.1622,21,34,0,19,0,0
469.2304,21,34,4,8,0,0
383.2439,21,36,0,6,0,0
399.2388,21,36,0,7,0,0
415.2337,21,36,0,8,0,0
431.2287,21,36,0,9,0,0
447.2236,21,36,0,10,0,0
463.2185,21,36,0,11,0,0
455.2511,21,36,4,7,0,0
486.2569,21,37,5,8,0,0
401.2545,21,38,0,7,0,0
417.2494,21,38,0,8,0,0
433.2443,21,38,0,9,0,0
457.2668,21,38,4,7,0,0
419.265,21,40,0,8,0,0
435.26,21,40,0,9,0,0
419.0409,22,12,0,9,0,0
405.0616,22,14,0,8,0,0
421.0565,22,14,0,9,0,0
437.0514,22,14,0,10,0,0
453.0463,22,14,0,11,0,0
469.0412,22,14,0,12,0,0
485.0362,22,14,0,13,0,0
501.0311,22,14,0,14,0,0
407.0772,22,16,0,8,0,0
423.0722,22,16,0,9,0,0
439.0671,22,16,0,10,0,0
455.062,22,16,0,11,0,0
471.0569,22,16,0,12,0,0
487.0518,22,16,0,13,0,0
503.0467,22,16,0,14,0,0
393.098,22,18,0,7,0,0
409.0929,22,18,0,8,0,0
425.0878,22,18,0,9,0,0
441.0827,22,18,0,10,0,0
457.0776,22,18,0,11,0,0
473.0725,22,18,0,12,0,0
489.0675,22,18,0,13,0,0
505.0624,22,18,0,14,0,0
521.0573,22,18,0,15,0,0
395.1136,22,20,0,7,0,0
411.1085,22,20,0,8,0,0
427.1035,22,20,0,9,0,0
443.0984,22,20,0,10,0,0
459.0933,22,20,0,11,0,0
475.0882,22,20,0,12,0,0
491.0831,22,20,0,13,0,0
507.078,22,20,0,14,0,0
523.0729,22,20,0,15,0,0
539.0679,22,20,0,16,0,0
397.1293,22,22,0,7,0,0
413.1242,22,22,0,8,0,0
429.1191,22,22,0,9,0,0
445.114,22,22,0,10,0,0
461.1089,22,22,0,11,0,0
477.1038,22,22,0,12,0,0
493.0988,22,22,0,13,0,0
509.0937,22,22,0,14,0,0
525.0886,22,22,0,15,0,0
383.15,22,24,0,6,0,0
399.1449,22,24,0,7,0,0
415.1398,22,24,0,8,0,0
431.1348,22,24,0,9,0,0
447.1297,22,24,0,10,0,0
463.1246,22,24,0,11,0,0
479.1195,22,24,0,12,0,0
495.1144,22,24,0,13,0,0
511.1093,22,24,0,14,0,0
527.1042,22,24,0,15,0,0
369.1707,22,26,0,5,0,0
385.1657,22,26,0,6,0,0
401.1606,22,26,0,7,0,0
417.1555,22,26,0,8,0,0
433.1504,22,26,0,9,0,0
449.1453,22,26,0,10,0,0
465.1402,22,26,0,11,0,0
481.1351,22,26,0,12,0,0
497.1301,22,26,0,13,0,0
513.125,22,26,0,14,0,0
371.1864,22,28,0,5,0,0
387.1813,22,28,0,6,0,0
403.1762,22,28,0,7,0,0
419.1711,22,28,0,8,0,0
435.1661,22,28,0,9,0,0
451.161,22,28,0,10,0,0
467.1559,22,28,0,11,0,0
483.1508,22,28,0,12,0,0
499.1457,22,28,0,13,0,0
373.202,22,30,0,5,0,0
389.197,22,30,0,6,0,0
405.1919,22,30,0,7,0,0
421.1868,22,30,0,8,0,0
437.1817,22,30,0,9,0,0
453.1766,22,30,0,10,0,0
469.1715,22,30,0,11,0,0
485.1664,22,30,0,12,0,0
375.2177,22,32,0,5,0,0
391.2126,22,32,0,6,0,0
407.2075,22,32,0,7,0,0
423.2024,22,32,0,8,0,0
439.1974,22,32,0,9,0,0
455.1923,22,32,0,10,0,0
471.1872,22,32,0,11,0,0
487.1821,22,32,0,12,0,0
503.177,22,32,0,13,0,0
393.2283,22,34,0,6,0,0
409.2232,22,34,0,7,0,0
425.2181,22,34,0,8,0,0
441.213,22,34,0,9,0,0
457.2079,22,34,0,10,0,0
473.2028,22,34,0,11,0,0
489.1977,22,34,0,12,0,0
585.1672,22,34,0,18,0,0
395.2439,22,36,0,6,0,0
411.2388,22,36,0,7,0,0
427.2337,22,36,0,8,0,0
443.2287,22,36,0,9,0,0
459.2236,22,36,0,10,0,0
475.2185,22,36,0,11,0,0
491.2134,22,36,0,12,0,0
571.188,22,36,0,17,0,0
587.1829,22,36,0,18,0,0
603.1778,22,36,0,19,0,0
413.2545,22,38,0,7,0,0
429.2494,22,38,0,8,0,0
445.2443,22,38,0,9,0,0
461.2392,22,38,0,10,0,0
477.2341,22,38,0,11,0,0
493.229,22,38,0,12,0,0
481.0412,23,14,0,12,0,0
435.0722,23,16,0,9,0,0
451.0671,23,16,0,10,0,0
467.062,23,16,0,11,0,0
483.0569,23,16,0,12,0,0
499.0518,23,16,0,13,0,0
515.0467,23,16,0,14,0,0
531.0416,23,16,0,15,0,0
437.0878,23,18,0,9,0,0
453.0827,23,18,0,10,0,0
469.0776,23,18,0,11,0,0
485.0725,23,18,0,12,0,0
501.0675,23,18,0,13,0,0
517.0624,23,18,0,14,0,0
533.0573,23,18,0,15,0,0
549.0522,23,18,0,16,0,0
439.1035,23,20,0,9,0,0
455.0984,23,20,0,10,0,0
471.0933,23,20,0,11,0,0
487.0882,23,20,0,12,0,0
503.0831,23,20,0,13,0,0
519.078,23,20,0,14,0,0
535.0729,23,20,0,15,0,0
551.0679,23,20,0,16,0,0
409.1293,23,22,0,7,0,0
425.1242,23,22,0,8,0,0
441.1191,23,22,0,9,0,0
457.114,23,22,0,10,0,0
473.1089,23,22,0,11,0,0
489.1038,23,22,0,12,0,0
505.0988,23,22,0,13,0,0
521.0937,23,22,0,14,0,0
537.0886,23,22,0,15,0,0
553.0835,23,22,0,16,0,0
395.15,23,24,0,6,0,0
411.1449,23,24,0,7,0,0
427.1398,23,24,0,8,0,0
443.1348,23,24,0,9,0,0
459.1297,23,24,0,10,0,0
475.1246,23,24,0,11,0,0
491.1195,23,24,0,12,0,0
507.1144,23,24,0,13,0,0
523.1093,23,24,0,14,0,0
539.1042,23,24,0,15,0,0
397.1657,23,26,0,6,0,0
413.1606,23,26,0,7,0,0
429.1555,23,26,0,8,0,0
445.1504,23,26,0,9,0,0
461.1453,23,26,0,10,0,0
477.1402,23,26,0,11,0,0
493.1351,23,26,0,12,0,0
509.1301,23,26,0,13,0,0
525.125,23,26,0,14,0,0
541.1199,23,26,0,15,0,0
399.1813,23,28,0,6,0,0
415.1762,23,28,0,7,0,0
431.1711,23,28,0,8,0,0
447.1661,23,28,0,9,0,0
463.161,23,28,0,10,0,0
479.1559,23,28,0,11,0,0
495.1508,23,28,0,12,0,0
511.1457,23,28,0,13,0,0
527.1406,23,28,0,14,0,0
385.202,23,30,0,5,0,0
401.197,23,30,0,6,0,0
417.1919,23,30,0,7,0,0
433.1868,23,30,0,8,0,0
449.1817,23,30,0,9,0,0
465.1766,23,30,0,10,0,0
481.1715,23,30,0,11,0,0
497.1664,23,30,0,12,0,0
387.2177,23,32,0,5,0,0
403.2126,23,32,0,6,0,0
419.2075,23,32,0,7,0,0
435.2024,23,32,0,8,0,0
451.1974,23,32,0,9,0,0
467.1923,23,32,0,10,0,0
483.1872,23,32,0,11,0,0
499.1821,23,32,0,12,0,0
389.2333,23,34,0,5,0,0
405.2283,23,34,0,6,0,0
421.2232,23,34,0,7,0,0
437.2181,23,34,0,8,0,0
453.213,23,34,0,9,0,0
469.2079,23,34,0,10,0,0
485.2028,23,34,0,11,0,0
407.2439,23,36,0,6,0,0
423.2388,23,36,0,7,0,0
439.2337,23,36,0,8,0,0
455.2287,23,36,0,9,0,0
471.2236,23,36,0,10,0,0
487.2185,23,36,0,11,0,0
583.188,23,36,0,17,0,0
425.2545,23,38,0,7,0,0
441.2494,23,38,0,8,0,0
457.2443,23,38,0,9,0,0
617.1935,23,38,0,19,0,0
633.1884,23,38,0,20,0,0
459.26,23,40,0,9,0,0
603.2142,23,40,0,18,0,0
479.062,24,16,0,11,0,0
495.0569,24,16,0,12,0,0
481.0776,24,18,0,11,0,0
497.0725,24,18,0,12,0,0
513.0675,24,18,0,13,0,0
529.0624,24,18,0,14,0,0
545.0573,24,18,0,15,0,0
561.0522,24,18,0,16,0,0
467.0984,24,20,0,10,0,0
483.0933,24,20,0,11,0,0
499.0882,24,20,0,12,0,0
515.0831,24,20,0,13,0,0
531.078,24,20,0,14,0,0
547.0729,24,20,0,15,0,0
563.0679,24,20,0,16,0,0
453.1191,24,22,0,9,0,0
469.114,24,22,0,10,0,0
485.1089,24,22,0,11,0,0
501.1038,24,22,0,12,0,0
517.0988,24,22,0,13,0,0
533.0937,24,22,0,14,0,0
549.0886,24,22,0,15,0,0
455.1348,24,24,0,9,0,0
471.1297,24,24,0,10,0,0
487.1246,24,24,0,11,0,0
503.1195,24,24,0,12,0,0
519.1144,24,24,0,13,0,0
535.1093,24,24,0,14,0,0
425.1606,24,26,0,7,0,0
441.1555,24,26,0,8,0,0
457.1504,24,26,0,9,0,0
473.1453,24,26,0,10,0,0
489.1402,24,26,0,11,0,0
505.1351,24,26,0,12,0,0
521.1301,24,26,0,13,0,0
537.125,24,26,0,14,0,0
553.1199,24,26,0,15,0,0
411.1813,24,28,0,6,0,0
427.1762,24,28,0,7,0,0
443.1711,24,28,0,8,0,0
459.1661,24,28,0,9,0,0
475.161,24,28,0,10,0,0
491.1559,24,28,0,11,0,0
507.1508,24,28,0,12,0,0
523.1457,24,28,0,13,0,0
539.1406,24,28,0,14,0,0
413.197,24,30,0,6,0,0
429.1919,24,30,0,7,0,0
445.1868,24,30,0,8,0,0
461.1817,24,30,0,9,0,0
477.1766,24,30,0,10,0,0
493.1715,24,30,0,11,0,0
509.1664,24,30,0,12,0,0
525.1614,24,30,0,13,0,0
399.2177,24,32,0,5,0,0
415.2126,24,32,0,6,0,0
431.2075,24,32,0,7,0,0
447.2024,24,32,0,8,0,0
463.1974,24,32,0,9,0,0
479.1923,24,32,0,10,0,0
495.1872,24,32,0,11,0,0
511.1821,24,32,0,12,0,0
401.2333,24,34,0,5,0,0
417.2283,24,34,0,6,0,0
433.2232,24,34,0,7,0,0
449.2181,24,34,0,8,0,0
465.213,24,34,0,9,0,0
481.2079,24,34,0,10,0,0
497.2028,24,34,0,11,0,0
513.1977,24,34,0,12,0,0
403.249,24,36,0,5,0,0
419.2439,24,36,0,6,0,0
435.2388,24,36,0,7,0,0
451.2337,24,36,0,8,0,0
467.2287,24,36,0,9,0,0
483.2236,24,36,0,10,0,0
499.2185,24,36,0,11,0,0
515.2134,24,36,0,12,0,0
643.1727,24,36,0,20,0,0
421.2596,24,38,0,6,0,0
437.2545,24,38,0,7,0,0
453.2494,24,38,0,8,0,0
469.2443,24,38,0,9,0,0
485.2392,24,38,0,10,0,0
645.1884,24,38,0,20,0,0
661.1833,24,38,0,21,0,0
608.2308,24,39,3,15,0,0
471.26,24,40,0,9,0,0
631.2091,24,40,0,19,0,0
647.204,24,40,0,20,0,0
367.3582,24,48,0,2,0,0
511.0882,25,20,0,12,0,0
527.0831,25,20,0,13,0,0
543.078,25,20,0,14,0,0
559.0729,25,20,0,15,0,0
513.1038,25,22,0,12,0,0
529.0988,25,22,0,13,0,0
545.0937,25,22,0,14,0,0
499.1246,25,24,0,11,0,0
515.1195,25,24,0,12,0,0
531.1144,25,24,0,13,0,0
547.1093,25,24,0,14,0,0
563.1042,25,24,0,15,0,0
485.1453,25,26,0,10,0,0
501.1402,25,26,0,11,0,0
517.1351,25,26,0,12,0,0
533.1301,25,26,0,13,0,0
549.125,25,26,0,14,0,0
565.1199,25,26,0,15,0,0
439.1762,25,28,0,7,0,0
455.1711,25,28,0,8,0,0
471.1661,25,28,0,9,0,0
487.161,25,28,0,10,0,0
503.1559,25,28,0,11,0,0
519.1508,25,28,0,12,0,0
535.1457,25,28,0,13,0,0
551.1406,25,28,0,14,0,0
441.1919,25,30,0,7,0,0
457.1868,25,30,0,8,0,0
473.1817,25,30,0,9,0,0
489.1766,25,30,0,10,0,0
505.1715,25,30,0,11,0,0
521.1664,25,30,0,12,0,0
537.1614,25,30,0,13,0,0
427.2126,25,32,0,6,0,0
443.2075,25,32,0,7,0,0
459.2024,25,32,0,8,0,0
475.1974,25,32,0,9,0,0
491.1923,25,32,0,10,0,0
507.1872,25,32,0,11,0,0
523.1821,25,32,0,12,0,0
429.2283,25,34,0,6,0,0
445.2232,25,34,0,7,0,0
461.2181,25,34,0,8,0,0
477.213,25,34,0,9,0,0
493.2079,25,34,0,10,0,0
509.2028,25,34,0,11,0,0
525.1977,25,34,0,12,0,0
541.1927,25,34,0,13,0,0
415.249,25,36,0,5,0,0
431.2439,25,36,0,6,0,0
447.2388,25,36,0,7,0,0
463.2337,25,36,0,8,0,0
479.2287,25,36,0,9,0,0
495.2236,25,36,0,10,0,0
511.2185,25,36,0,11,0,0
449.2545,25,38,0,7,0,0
465.2494,25,38,0,8,0,0
481.2443,25,38,0,9,0,0
497.2392,25,38,0,10,0,0
451.2701,25,40,0,7,0,0
467.265,25,40,0,8,0,0
499.2549,25,40,0,10,0,0
659.204,25,40,0,20,0,0
677.2146,25,42,0,21,0,0
523.0882,26,20,0,12,0,0
555.078,26,20,0,14,0,0
541.0988,26,22,0,13,0,0
511.1246,26,24,0,11,0,0
543.1144,26,24,0,13,0,0
559.1093,26,24,0,14,0,0
497.1453,26,26,0,10,0,0
513.1402,26,26,0,11,0,0
529.1351,26,26,0,12,0,0
561.125,26,26,0,14,0,0
577.1199,26,26,0,15,0,0
467.1711,26,28,0,8,0,0
483.1661,26,28,0,9,0,0
499.161,26,28,0,10,0,0
515.1559,26,28,0,11,0,0
531.1508,26,28,0,12,0,0
547.1457,26,28,0,13,0,0
563.1406,26,28,0,14,0,0
485.1817,26,30,0,9,0,0
501.1766,26,30,0,10,0,0
517.1715,26,30,0,11,0,0
533.1664,26,30,0,12,0,0
549.1614,26,30,0,13,0,0
565.1563,26,30,0,14,0,0
455.2075,26,32,0,7,0,0
471.2024,26,32,0,8,0,0
487.1974,26,32,0,9,0,0
503.1923,26,32,0,10,0,0
519.1872,26,32,0,11,0,0
535.1821,26,32,0,12,0,0
551.177,26,32,0,13,0,0
441.2283,26,34,0,6,0,0
457.2232,26,34,0,7,0,0
473.2181,26,34,0,8,0,0
489.213,26,34,0,9,0,0
505.2079,26,34,0,10,0,0
521.2028,26,34,0,11,0,0
537.1977,26,34,0,12,0,0
443.2439,26,36,0,6,0,0
459.2388,26,36,0,7,0,0
475.2337,26,36,0,8,0,0
491.2287,26,36,0,9,0,0
507.2236,26,36,0,10,0,0
523.2185,26,36,0,11,0,0
539.2134,26,36,0,12,0,0
445.2596,26,38,0,6,0,0
461.2545,26,38,0,7,0,0
477.2494,26,38,0,8,0,0
493.2443,26,38,0,9,0,0
509.2392,26,38,0,10,0,0
525.2341,26,38,0,11,0,0
463.2701,26,40,0,7,0,0
479.265,26,40,0,8,0,0
495.26,26,40,0,9,0,0
511.2549,26,40,0,10,0,0
527.2498,26,40,0,11,0,0
481.2807,26,42,0,8,0,0
497.2756,26,42,0,9,0,0
513.2705,26,42,0,10,0,0
529.2654,26,42,0,11,0,0
657.2248,26,42,0,19,0,0
673.2197,26,42,0,20,0,0
543.1508,27,28,0,12,0,0
575.1406,27,28,0,14,0,0
497.1817,27,30,0,9,0,0
513.1766,27,30,0,10,0,0
561.1614,27,30,0,13,0,0
467.2075,27,32,0,7,0,0
499.1974,27,32,0,9,0,0
515.1923,27,32,0,10,0,0
531.1872,27,32,0,11,0,0
547.1821,27,32,0,12,0,0
563.177,27,32,0,13,0,0
469.2232,27,34,0,7,0,0
485.2181,27,34,0,8,0,0
501.213,27,34,0,9,0,0
517.2079,27,34,0,10,0,0
533.2028,27,34,0,11,0,0
549.1977,27,34,0,12,0,0
565.1927,27,34,0,13,0,0
455.2439,27,36,0,6,0,0
471.2388,27,36,0,7,0,0
487.2337,27,36,0,8,0,0
503.2287,27,36,0,9,0,0
519.2236,27,36,0,10,0,0
535.2185,27,36,0,11,0,0
551.2134,27,36,0,12,0,0
457.2596,27,38,0,6,0,0
473.2545,27,38,0,7,0,0
489.2494,27,38,0,8,0,0
505.2443,27,38,0,9,0,0
521.2392,27,38,0,10,0,0
537.2341,27,38,0,11,0,0
553.229,27,38,0,12,0,0
459.2752,27,40,0,6,0,0
475.2701,27,40,0,7,0,0
491.265,27,40,0,8,0,0
507.26,27,40,0,9,0,0
523.2549,27,40,0,10,0,0
539.2498,27,40,0,11,0,0
477.2858,27,42,0,7,0,0
493.2807,27,42,0,8,0,0
509.2756,27,42,0,9,0,0
525.2705,27,42,0,10,0,0
479.3014,27,44,0,7,0,0
495.2963,27,44,0,8,0,0
735.2201,27,44,0,23,0,0
571.1457,28,28,0,13,0,0
573.1614,28,30,0,13,0,0
543.1872,28,32,0,11,0,0
559.1821,28,32,0,12,0,0
513.213,28,34,0,9,0,0
529.2079,28,34,0,10,0,0
545.2028,28,34,0,11,0,0
561.1977,28,34,0,12,0,0
483.2388,28,36,0,7,0,0
499.2337,28,36,0,8,0,0
515.2287,28,36,0,9,0,0
531.2236,28,36,0,10,0,0
547.2185,28,36,0,11,0,0
563.2134,28,36,0,12,0,0
579.2083,28,36,0,13,0,0
485.2545,28,38,0,7,0,0
501.2494,28,38,0,8,0,0
517.2443,28,38,0,9,0,0
533.2392,28,38,0,10,0,0
549.2341,28,38,0,11,0,0
471.2752,28,40,0,6,0,0
487.2701,28,40,0,7,0,0
503.265,28,40,0,8,0,0
519.26,28,40,0,9,0,0
535.2549,28,40,0,10,0,0
551.2498,28,40,0,11,0,0
473.2909,28,42,0,6,0,0
489.2858,28,42,0,7,0,0
505.2807,28,42,0,8,0,0
521.2756,28,42,0,9,0,0
537.2705,28,42,0,10,0,0
553.2654,28,42,0,11,0,0
539.2862,28,44,0,10,0,0
585.1614,29,30,0,13,0,0
587.177,29,32,0,13,0,0
525.213,29,34,0,9,0,0
527.2287,29,36,0,9,0,0
543.2236,29,36,0,10,0,0
497.2545,29,38,0,7,0,0
513.2494,29,38,0,8,0,0
529.2443,29,38,0,9,0,0
545.2392,29,38,0,10,0,0
561.2341,29,38,0,11,0,0
499.2701,29,40,0,7,0,0
515.265,29,40,0,8,0,0
531.26,29,40,0,9,0,0
547.2549,29,40,0,10,0,0
563.2498,29,40,0,11,0,0
485.2909,29,42,0,6,0,0
501.2858,29,42,0,7,0,0
517.2807,29,42,0,8,0,0
533.2756,29,42,0,9,0,0
549.2705,29,42,0,10,0,0
487.3065,29,44,0,6,0,0
503.3014,29,44,0,7,0,0
519.2963,29,44,0,8,0,0
535.2913,29,44,0,9,0,0
551.2862,29,44,0,10,0,0
505.3171,29,46,0,7,0,0
521.312,29,46,0,8,0,0
545.1288,30,28,0,6,0,2
486.2204,30,34,1,3,0,1
587.2134,30,36,0,12,0,0
527.265,30,40,0,8,0,0
543.26,30,40,0,9,0,0
559.2549,30,40,0,10,0,0
575.2498,30,40,0,11,0,0
513.2858,30,42,0,7,0,0
529.2807,30,42,0,8,0,0
545.2756,30,42,0,9,0,0
561.2705,30,42,0,10,0,0
499.3065,30,44,0,6,0,0
515.3014,30,44,0,7,0,0
531.2963,30,44,0,8,0,0
547.2913,30,44,0,9,0,0
563.2862,30,44,0,10,0,0
485.3272,30,46,0,5,0,0
501.3222,30,46,0,6,0,0
517.3171,30,46,0,7,0,0
533.312,30,46,0,8,0,0
487.3429,30,48,0,5,0,0
503.3378,30,48,0,6,0,0
519.3327,30,48,0,7,0,0
535.3276,30,48,0,8,0,0
500.236,31,36,1,3,0,1
321.0827,12,18,0,10,0,0
369.0675,12,18,0,13,0,0
339.0933,12,20,0,11,0,0
357.0861,12,22,0,10,1,0
379.0341,13,16,0,11,1,0
319.0857,13,20,0,7,1,0
383.0831,13,20,0,13,0,0
314.1358,13,21,3,6,0,0
337.114,13,22,0,10,0,0
323.1348,13,24,0,9,0,0
315.1085,14,20,0,8,0,0
397.0988,14,22,0,13,0,0
329.1354,14,22,2,7,0,0
357.1416,14,22,4,7,0,0
344.1463,14,23,3,7,0,0
351.1297,14,24,0,10,0,0
431.096,14,25,0,13,0,1
314.1721,14,25,3,5,0,0
353.1276,14,26,0,8,1,0
369.1225,14,26,0,9,1,0
329.183,14,26,4,5,0,0
300.1929,14,27,3,4,0,0
364.1548,14,27,3,6,1,0
309.1741,14,30,0,5,1,0
309.098,15,18,0,7,0,0
423.0603,15,20,0,12,1,0
322.1408,15,21,3,5,0,0
297.1344,15,22,0,6,0,0
353.1467,15,22,4,6,0,0
324.1565,15,23,3,5,0,0
299.15,15,24,0,6,0,0
347.117,15,24,0,7,1,0
363.1297,15,24,0,10,0,0
317.1606,15,26,0,7,0,0
333.1555,15,26,0,8,0,0
349.1504,15,26,0,9,0,0
313.1769,15,26,2,5,0,0
329.1718,15,26,2,6,0,0
351.1483,15,28,0,7,1,0
367.1432,15,28,0,8,1,0
383.1381,15,28,0,9,1,0
367.161,15,28,0,10,0,0
447.1178,15,28,0,13,1,0
394.1653,15,29,3,7,1,0
337.169,15,30,0,6,1,0
332.1252,16,19,3,5,0,0
309.1344,16,22,0,6,0,0
373.0963,16,22,0,8,1,0
421.081,16,22,0,11,1,0
336.1565,16,23,3,5,0,0
391.1246,16,24,0,11,0,0
439.1093,16,24,0,14,0,0
403.1358,16,24,2,10,0,0
367.1623,16,24,4,6,0,0
374.1457,16,25,1,9,0,0
297.153,16,26,0,3,1,0
388.1548,16,27,3,6,1,0
395.1559,16,28,0,11,0,0
411.1508,16,28,0,12,0,0
327.1925,16,28,2,5,0,0
386.2045,16,29,5,6,0,0
402.1994,16,29,5,7,0,0
317.197,16,30,0,6,0,0
333.1919,16,30,0,7,0,0
365.1639,16,30,0,7,1,0
381.1589,16,30,0,8,1,0
335.1898,16,32,0,5,1,0
319.2126,16,32,0,6,0,0
351.1847,16,32,0,6,1,0
367.1796,16,32,0,7,1,0
362.1358,17,21,3,6,0,0
333.1456,17,22,2,5,0,0
348.1565,17,23,3,5,0,0
364.1514,17,23,3,6,0,0
307.1551,17,24,0,5,0,0
433.0931,17,26,2,5,3,0
428.1787,17,27,5,8,0,0
311.1864,17,28,0,5,0,0
371.1824,17,28,2,7,0,0
431.1784,17,28,4,9,0,0
398.2045,17,29,5,6,0,0
414.1994,17,29,5,7,0,0
409.1715,17,30,0,11,0,0
425.1664,17,30,0,12,0,0
341.2082,17,30,2,5,0,0
472.1494,17,31,1,12,1,0
356.2191,17,31,3,5,0,0
315.2177,17,32,0,5,0,0
363.2024,17,32,0,8,0,0
390.2068,17,33,3,5,1,0
365.2003,17,34,0,6,1,0
381.1952,17,34,0,7,1,0
351.2211,17,36,0,5,1,0
319.1551,18,24,0,5,0,0
479.1042,18,24,0,15,0,0
527.089,18,24,0,18,0,0
347.1612,18,24,2,5,0,0
362.1721,18,25,3,5,0,0
481.1199,18,26,0,15,0,0
513.1097,18,26,0,17,0,0
545.0996,18,26,0,19,0,0
393.178,18,26,4,6,0,0
348.1929,18,27,3,4,0,0
396.1776,18,27,3,7,0,0
435.1508,18,28,0,12,0,0
515.1254,18,28,0,17,0,0
395.1936,18,28,4,6,0,0
443.1784,18,28,4,9,0,0
426.1994,18,29,5,7,0,0
421.1715,18,30,0,11,0,0
465.1726,18,30,2,12,0,0
381.2143,18,30,4,5,0,0
445.194,18,30,4,9,0,0
421.1633,18,31,0,9,0,1
416.2038,18,31,3,8,0,0
439.1821,18,32,0,12,0,0
313.2384,18,34,0,4,0,0
393.1952,18,34,0,7,1,0
409.1902,18,34,0,8,1,0
409.2079,18,34,0,10,0,0
505.1336,18,35,0,10,2,1
347.2262,18,36,0,4,1,0
363.2211,18,36,0,5,1,0
379.216,18,36,0,6,1,0
333.2469,18,38,0,3,1,0
349.2418,18,38,0,4,1,0
365.2367,18,38,0,5,1,0
372.1565,19,23,3,5,0,0
388.1514,19,23,3,6,0,0
541.1046,19,26,0,18,0,0
361.1769,19,26,2,5,0,0
360.1929,19,27,3,4,0,0
479.1406,19,28,0,14,0,0
495.1355,19,28,0,15,0,0
511.1305,19,28,0,16,0,0
559.1152,19,28,0,19,0,0
391.1987,19,28,4,5,0,0
362.2085,19,29,3,4,0,0
410.1933,19,29,3,7,0,0
337.202,19,30,0,5,0,0
465.1614,19,30,0,13,0,0
481.1563,19,30,0,14,0,0
529.141,19,30,0,17,0,0
409.2093,19,30,4,6,0,0
457.194,19,30,4,9,0,0
412.2089,19,31,3,7,0,0
428.2038,19,31,3,8,0,0
440.2151,19,31,5,7,0,0
339.2177,19,32,0,5,0,0
419.1923,19,32,0,10,0,0
435.1872,19,32,0,11,0,0
451.1821,19,32,0,12,0,0
467.177,19,32,0,13,0,0
395.23,19,32,4,5,0,0
459.2097,19,32,4,9,0,0
414.2246,19,33,3,7,0,0
426.2358,19,33,5,6,0,0
341.2333,19,34,0,5,0,0
421.1902,19,34,0,8,1,0
469.1927,19,34,0,13,0,0
343.249,19,36,0,5,0,0
407.2109,19,36,0,7,1,0
423.2058,19,36,0,8,1,0
407.2287,19,36,0,9,0,0
439.2007,19,36,0,9,1,0
393.2316,19,38,0,6,1,0
425.2215,19,38,0,8,1,0
447.1344,20,24,4,6,1,0
329.1758,20,26,0,4,0,0
420.1776,20,27,3,7,0,0
331.1915,20,28,0,4,0,0
539.1254,20,28,0,17,0,0
555.1203,20,28,0,18,0,0
375.1925,20,28,2,5,0,0
391.1875,20,28,2,6,0,0
419.1936,20,28,4,6,0,0
374.2085,20,29,3,4,0,0
333.2071,20,30,0,4,0,0
493.1563,20,30,0,14,0,0
573.1309,20,30,0,19,0,0
437.2042,20,30,4,7,0,0
453.1991,20,30,4,8,0,0
392.2191,20,31,3,5,0,0
440.2038,20,31,3,8,0,0
488.1886,20,31,3,11,0,0
452.2151,20,31,5,7,0,0
468.21,20,31,5,8,0,0
447.1872,20,32,0,11,0,0
479.177,20,32,0,13,0,0
511.1668,20,32,0,15,0,0
471.2097,20,32,4,9,0,0
510.1828,20,33,1,14,0,0
410.2297,20,33,3,6,0,0
442.2195,20,33,3,8,0,0
506.1991,20,33,3,12,0,0
454.2307,20,33,5,7,0,0
353.2333,20,34,0,5,0,0
449.2028,20,34,0,11,0,0
481.1927,20,34,0,13,0,0
497.1876,20,34,0,14,0,0
529.1774,20,34,0,16,0,0
473.2253,20,34,4,9,0,0
412.2453,20,35,3,6,0,0
428.2402,20,35,3,7,0,0
440.2515,20,35,5,6,0,0
355.249,20,36,0,5,0,0
442.2671,20,37,5,6,0,0
445.2668,20,38,4,7,0,0
391.2524,20,40,0,5,1,0
391.2701,20,40,0,7,0,0
555.1567,21,32,0,17,0,0
571.1516,21,32,0,18,0,0
587.1465,21,32,0,19,0,0
451.2198,21,32,4,7,0,0
390.2398,21,33,3,4,0,0
406.2347,21,33,3,5,0,0
466.2307,21,33,5,7,0,0
482.2256,21,33,5,8,0,0
365.2333,21,34,0,5,0,0
509.1876,21,34,0,14,0,0
525.1825,21,34,0,15,0,0
573.1672,21,34,0,18,0,0
437.2406,21,34,4,6,0,0
453.2355,21,34,4,7,0,0
485.2253,21,34,4,9,0,0
468.2464,21,35,5,7,0,0
484.2413,21,35,5,8,0,0
367.249,21,36,0,5,0,0
479.2134,21,36,0,12,0,0
495.2083,21,36,0,13,0,0
511.2032,21,36,0,14,0,0
527.1981,21,36,0,15,0,0
543.1931,21,36,0,16,0,0
559.188,21,36,0,17,0,0
423.2613,21,36,4,5,0,0
471.246,21,36,4,8,0,0
487.241,21,36,4,9,0,0
454.2671,21,37,5,6,0,0
470.262,21,37,5,7,0,0
385.2596,21,38,0,6,0,0
449.2392,21,38,0,10,0,0
425.2769,21,38,4,5,0,0
441.2719,21,38,4,6,0,0
456.2828,21,39,5,6,0,0
472.2777,21,39,5,7,0,0
403.2701,21,40,0,7,0,0
451.2549,21,40,0,10,0,0
443.2875,21,40,4,6,0,0
405.2858,21,42,0,7,0,0
439.2735,21,44,0,7,1,0
357.2071,22,30,0,4,0,0
599.1465,22,32,0,19,0,0
377.2333,22,34,0,5,0,0
569.1723,22,34,0,17,0,0
601.1622,22,34,0,19,0,0
548.2097,22,35,3,13,0,0
496.2413,22,35,5,8,0,0
379.249,22,36,0,5,0,0
507.2083,22,36,0,13,0,0
539.1981,22,36,0,15,0,0
555.1931,22,36,0,16,0,0
483.246,22,36,4,8,0,0
499.241,22,36,4,9,0,0
566.2203,22,37,3,14,0,0
482.262,22,37,5,7,0,0
498.2569,22,37,5,8,0,0
397.2596,22,38,0,6,0,0
509.224,22,38,0,13,0,0
541.2138,22,38,0,15,0,0
557.2087,22,38,0,16,0,0
573.2036,22,38,0,17,0,0
453.2719,22,38,4,6,0,0
469.2668,22,38,4,7,0,0
485.2617,22,38,4,8,0,0
468.2828,22,39,5,6,0,0
484.2777,22,39,5,7,0,0
415.2701,22,40,0,7,0,0
431.265,22,40,0,8,0,0
447.26,22,40,0,9,0,0
495.2447,22,40,0,12,0,0
439.2926,22,40,4,5,0,0
471.2824,22,40,4,7,0,0
470.2984,22,41,5,6,0,0
486.2933,22,41,5,7,0,0
433.2807,22,42,0,8,0,0
469.2841,22,46,0,8,1,0
485.279,22,46,0,9,1,0
465.0463,23,14,0,11,0,0
383.1864,23,28,0,5,0,0
403.1949,23,32,0,4,1,0
501.1977,23,34,0,12,0,0
597.1672,23,34,0,18,0,0
391.249,23,36,0,5,0,0
503.2134,23,36,0,12,0,0
567.1931,23,36,0,16,0,0
599.1829,23,36,0,18,0,0
615.1778,23,36,0,19,0,0
510.2569,23,37,5,8,0,0
409.2596,23,38,0,6,0,0
473.2392,23,38,0,10,0,0
489.2341,23,38,0,11,0,0
569.2087,23,38,0,16,0,0
585.2036,23,38,0,17,0,0
601.1985,23,38,0,18,0,0
512.2726,23,39,5,8,0,0
411.2752,23,40,0,6,0,0
427.2701,23,40,0,7,0,0
443.265,23,40,0,8,0,0
475.2549,23,40,0,10,0,0
491.2498,23,40,0,11,0,0
571.2244,23,40,0,16,0,0
587.2193,23,40,0,17,0,0
498.2933,23,41,5,7,0,0
429.2858,23,42,0,7,0,0
445.2807,23,42,0,8,0,0
634.2118,23,42,1,17,0,1
465.0827,24,18,0,10,0,0
439.1398,24,24,0,8,0,0
397.202,24,30,0,5,0,0
527.177,24,32,0,13,0,0
703.1211,24,32,0,24,0,0
417.2105,24,34,0,4,1,0
625.1622,24,34,0,19,0,0
721.1316,24,34,0,25,0,0
531.2083,24,36,0,13,0,0
627.1778,24,36,0,19,0,0
659.1676,24,36,0,21,0,0
675.1625,24,36,0,22,0,0
691.1575,24,36,0,23,0,0
501.2341,24,38,0,11,0,0
517.229,24,38,0,12,0,0
597.2036,24,38,0,17,0,0
613.1985,24,38,0,18,0,0
629.1935,24,38,0,19,0,0
677.1782,24,38,0,22,0,0
524.2726,24,39,5,8,0,0
439.2701,24,40,0,7,0,0
455.265,24,40,0,8,0,0
487.2549,24,40,0,10,0,0
503.2498,24,40,0,11,0,0
583.2244,24,40,0,16,0,0
599.2193,24,40,0,17,0,0
615.2142,24,40,0,18,0,0
663.1989,24,40,0,21,0,0
679.1938,24,40,0,22,0,0
526.2882,24,41,5,8,0,0
441.2858,24,42,0,7,0,0
473.2756,24,42,0,9,0,0
489.2705,24,42,0,10,0,0
505.2654,24,42,0,11,0,0
537.2553,24,42,0,13,0,0
601.2349,24,42,0,17,0,0
617.2298,24,42,0,18,0,0
633.2248,24,42,0,19,0,0
665.2146,24,42,0,21,0,0
528.3039,24,43,5,8,0,0
475.2913,24,44,0,9,0,0
525.0675,25,18,0,13,0,0
495.0933,25,20,0,11,0,0
497.1089,25,22,0,11,0,0
561.0886,25,22,0,15,0,0
467.1348,25,24,0,9,0,0
483.1297,25,24,0,10,0,0
453.1555,25,26,0,8,0,0
469.1504,25,26,0,9,0,0
425.197,25,30,0,6,0,0
553.1563,25,30,0,14,0,0
411.2177,25,32,0,5,0,0
539.177,25,32,0,13,0,0
555.1719,25,32,0,14,0,0
413.2333,25,34,0,5,0,0
527.2134,25,36,0,12,0,0
417.2646,25,38,0,5,0,0
433.2596,25,38,0,6,0,0
513.2341,25,38,0,11,0,0
529.229,25,38,0,12,0,0
641.1935,25,38,0,19,0,0
657.1884,25,38,0,20,0,0
457.282,25,38,4,4,0,0
435.2752,25,40,0,6,0,0
483.26,25,40,0,9,0,0
515.2498,25,40,0,11,0,0
531.2447,25,40,0,12,0,0
675.1989,25,40,0,21,0,0
453.2858,25,42,0,7,0,0
469.2807,25,42,0,8,0,0
485.2756,25,42,0,9,0,0
501.2705,25,42,0,10,0,0
517.2654,25,42,0,11,0,0
629.2298,25,42,0,18,0,0
645.2248,25,42,0,19,0,0
661.2197,25,42,0,20,0,0
540.3039,25,43,5,8,0,0
471.2963,25,44,0,8,0,0
487.2913,25,44,0,9,0,0
503.2862,25,44,0,10,0,0
519.2811,25,44,0,11,0,0
615.2506,25,44,0,17,0,0
647.2404,25,44,0,19,0,0
381.3738,25,50,0,2,0,0
525.1038,26,22,0,12,0,0
557.0937,26,22,0,14,0,0
573.0886,26,22,0,15,0,0
527.1195,26,24,0,12,0,0
575.1042,26,24,0,15,0,0
482.1643,26,29,1,6,1,0
453.1919,26,30,0,7,0,0
469.1868,26,30,0,8,0,0
439.2126,26,32,0,6,0,0
567.1719,26,32,0,14,0,0
425.2333,26,34,0,5,0,0
553.1927,26,34,0,13,0,0
569.1876,26,34,0,14,0,0
427.249,26,36,0,5,0,0
555.2083,26,36,0,13,0,0
429.2646,26,38,0,5,0,0
541.229,26,38,0,12,0,0
557.224,26,38,0,13,0,0
447.2752,26,40,0,6,0,0
543.2447,26,40,0,12,0,0
655.2091,26,40,0,19,0,0
687.1989,26,40,0,21,0,0
703.1938,26,40,0,22,0,0
465.2858,26,42,0,7,0,0
545.2603,26,42,0,12,0,0
641.2298,26,42,0,18,0,0
689.2146,26,42,0,21,0,0
668.252,26,43,3,17,0,0
467.3014,26,44,0,7,0,0
483.2963,26,44,0,8,0,0
499.2913,26,44,0,9,0,0
515.2862,26,44,0,10,0,0
531.2811,26,44,0,11,0,0
547.276,26,44,0,12,0,0
643.2455,26,44,0,18,0,0
659.2404,26,44,0,19,0,0
675.2353,26,44,0,20,0,0
691.2302,26,44,0,21,0,0
517.3018,26,46,0,10,0,0
533.2967,26,46,0,11,0,0
629.2662,26,46,0,17,0,0
395.3895,26,52,0,2,0,0
539.1195,27,24,0,12,0,0
587.1042,27,24,0,15,0,0
525.1402,27,26,0,11,0,0
541.1351,27,26,0,12,0,0
557.1301,27,26,0,13,0,0
573.125,27,26,0,14,0,0
589.1199,27,26,0,15,0,0
511.161,27,28,0,10,0,0
559.1457,27,28,0,13,0,0
591.1355,27,28,0,15,0,0
481.1868,27,30,0,8,0,0
529.1715,27,30,0,11,0,0
545.1664,27,30,0,12,0,0
577.1563,27,30,0,14,0,0
451.2126,27,32,0,6,0,0
483.2024,27,32,0,8,0,0
579.1719,27,32,0,14,0,0
453.2283,27,34,0,6,0,0
567.2083,27,36,0,13,0,0
583.2032,27,36,0,14,0,0
441.2646,27,38,0,5,0,0
569.224,27,38,0,13,0,0
555.2447,27,40,0,12,0,0
571.2396,27,40,0,13,0,0
461.2909,27,42,0,6,0,0
541.2654,27,42,0,11,0,0
557.2603,27,42,0,12,0,0
573.2553,27,42,0,13,0,0
463.3065,27,44,0,6,0,0
511.2913,27,44,0,9,0,0
527.2862,27,44,0,10,0,0
543.2811,27,44,0,11,0,0
559.276,27,44,0,12,0,0
687.2353,27,44,0,20,0,0
465.3044,27,46,0,4,1,0
513.3069,27,46,0,9,0,0
529.3018,27,46,0,10,0,0
545.2967,27,46,0,11,0,0
553.1351,28,26,0,12,0,0
569.1301,28,26,0,13,0,0
585.125,28,26,0,14,0,0
539.1559,28,28,0,11,0,0
555.1508,28,28,0,12,0,0
587.1406,28,28,0,14,0,0
603.1355,28,28,0,15,0,0
525.1766,28,30,0,10,0,0
541.1715,28,30,0,11,0,0
557.1664,28,30,0,12,0,0
589.1563,28,30,0,14,0,0
458.1891,28,30,1,3,0,1
495.2024,28,32,0,8,0,0
511.1974,28,32,0,9,0,0
527.1923,28,32,0,10,0,0
575.177,28,32,0,13,0,0
591.1719,28,32,0,14,0,0
481.2232,28,34,0,7,0,0
497.2181,28,34,0,8,0,0
577.1927,28,34,0,13,0,0
593.1876,28,34,0,14,0,0
512.2112,28,35,1,6,1,0
467.2439,28,36,0,6,0,0
595.2032,28,36,0,14,0,0
469.2596,28,38,0,6,0,0
565.229,28,38,0,12,0,0
581.224,28,38,0,13,0,0
597.2189,28,38,0,14,0,0
455.2803,28,40,0,5,0,0
567.2447,28,40,0,12,0,0
583.2396,28,40,0,13,0,0
569.2603,28,42,0,12,0,0
473.2826,28,43,0,4,0,1
475.3065,28,44,0,6,0,0
491.3014,28,44,0,7,0,0
507.2963,28,44,0,8,0,0
523.2913,28,44,0,9,0,0
555.2811,28,44,0,11,0,0
571.276,28,44,0,12,0,0
509.312,28,46,0,8,0,0
525.3069,28,46,0,9,0,0
541.3018,28,46,0,10,0,0
557.2967,28,46,0,11,0,0
573.2916,28,46,0,12,0,0
601.1563,29,30,0,14,0,0
555.1872,29,32,0,11,0,0
571.1821,29,32,0,12,0,0
603.1719,29,32,0,14,0,0
472.2047,29,32,1,3,0,1
491.1993,29,33,0,5,0,1
507.1942,29,33,0,6,0,1
509.2181,29,34,0,8,0,0
541.2079,29,34,0,10,0,0
557.2028,29,34,0,11,0,0
573.1977,29,34,0,12,0,0
589.1927,29,34,0,13,0,0
605.1876,29,34,0,14,0,0
495.2388,29,36,0,7,0,0
511.2337,29,36,0,8,0,0
559.2185,29,36,0,11,0,0
575.2134,29,36,0,12,0,0
591.2083,29,36,0,13,0,0
607.2032,29,36,0,14,0,0
481.2596,29,38,0,6,0,0
577.229,29,38,0,12,0,0
593.224,29,38,0,13,0,0
483.2752,29,40,0,6,0,0
579.2447,29,40,0,12,0,0
595.2396,29,40,0,13,0,0
611.2345,29,40,0,14,0,0
469.2959,29,42,0,5,0,0
565.2654,29,42,0,11,0,0
581.2603,29,42,0,12,0,0
597.2553,29,42,0,13,0,0
471.3116,29,44,0,5,0,0
567.2811,29,44,0,11,0,0
583.276,29,44,0,12,0,0
489.3222,29,46,0,6,0,0
537.3069,29,46,0,9,0,0
553.3018,29,46,0,10,0,0
569.2967,29,46,0,11,0,0
585.2916,29,46,0,12,0,0
601.2866,29,46,0,13,0,0
539.3226,29,48,0,9,0,0
555.3175,29,48,0,10,0,0
571.3124,29,48,0,11,0,0
631.1668,30,32,0,15,0,0
484.2047,30,32,1,3,0,1
569.2028,30,34,0,11,0,0
585.1977,30,34,0,12,0,0
601.1927,30,34,0,13,0,0
617.1876,30,34,0,14,0,0
539.2287,30,36,0,9,0,0
555.2236,30,36,0,10,0,0
571.2185,30,36,0,11,0,0
603.2083,30,36,0,13,0,0
619.2032,30,36,0,14,0,0
525.2494,30,38,0,8,0,0
541.2443,30,38,0,9,0,0
557.2392,30,38,0,10,0,0
573.2341,30,38,0,11,0,0
589.229,30,38,0,12,0,0
605.224,30,38,0,13,0,0
621.2189,30,38,0,14,0,0
511.2701,30,40,0,7,0,0
591.2447,30,40,0,12,0,0
607.2396,30,40,0,13,0,0
497.2909,30,42,0,6,0,0
577.2654,30,42,0,11,0,0
593.2603,30,42,0,12,0,0
609.2553,30,42,0,13,0,0
483.3116,30,44,0,5,0,0
579.2811,30,44,0,11,0,0
595.276,30,44,0,12,0,0
549.3069,30,46,0,9,0,0
565.3018,30,46,0,10,0,0
581.2967,30,46,0,11,0,0
597.2916,30,46,0,12,0,0
551.3226,30,48,0,9,0,0
567.3175,30,48,0,10,0,0
583.3124,30,48,0,11,0,0
599.3073,30,48,0,12,0,0
569.3331,30,50,0,10,0,0
611.177,31,32,0,13,0,0
597.1977,31,34,0,12,0,0
629.1876,31,34,0,14,0,0
498.2204,31,34,1,3,0,1
567.2236,31,36,0,10,0,0
583.2185,31,36,0,11,0,0
599.2134,31,36,0,12,0,0
615.2083,31,36,0,13,0,0
569.2392,31,38,0,10,0,0
585.2341,31,38,0,11,0,0
601.229,31,38,0,12,0,0
617.224,31,38,0,13,0,0
555.26,31,40,0,9,0,0
571.2549,31,40,0,10,0,0
587.2498,31,40,0,11,0,0
603.2447,31,40,0,12,0,0
635.2345,31,40,0,14,0,0
557.2756,31,42,0,9,0,0
573.2705,31,42,0,10,0,0
589.2654,31,42,0,11,0,0
605.2603,31,42,0,12,0,0
621.2553,31,42,0,13,0,0
543.2963,31,44,0,8,0,0
559.2913,31,44,0,9,0,0
575.2862,31,44,0,10,0,0
591.2811,31,44,0,11,0,0
607.276,31,44,0,12,0,0
623.2709,31,44,0,13,0,0
545.312,31,46,0,8,0,0
561.3069,31,46,0,9,0,0
577.3018,31,46,0,10,0,0
593.2967,31,46,0,11,0,0
609.2916,31,46,0,12,0,0
531.3327,31,48,0,7,0,0
547.3276,31,48,0,8,0,0
563.3226,31,48,0,9,0,0
579.3175,31,48,0,10,0,0
595.3124,31,48,0,11,0,0
611.3073,31,48,0,12,0,0
565.3382,31,50,0,9,0,0
581.3331,31,50,0,10,0,0
583.3488,31,52,0,10,0,0
565.1356,32,27,2,4,1,1
512.236,32,36,1,3,0,1
613.229,32,38,0,12,0,0
514.2517,32,38,1,3,0,1
583.2549,32,40,0,10,0,0
615.2447,32,40,0,12,0,0
585.2705,32,42,0,10,0,0
601.2654,32,42,0,11,0,0
617.2603,32,42,0,12,0,0
633.2553,32,42,0,13,0,0
571.2913,32,44,0,9,0,0
587.2862,32,44,0,10,0,0
603.2811,32,44,0,11,0,0
619.276,32,44,0,12,0,0
573.3069,32,46,0,9,0,0
589.3018,32,46,0,10,0,0
605.2967,32,46,0,11,0,0
621.2916,32,46,0,12,0,0
637.2866,32,46,0,13,0,0
591.3175,32,48,0,10,0,0
607.3124,32,48,0,11,0,0
623.3073,32,48,0,12,0,0
526.2517,33,38,1,3,0,1
643.2396,33,40,0,13,0,0
528.2673,33,40,1,3,0,1
599.2862,33,44,0,10,0,0
615.2811,33,44,0,11,0,0
631.276,33,44,0,12,0,0
633.2916,33,46,0,12,0,0
523.3251,33,48,0,3,1,0
619.3124,33,48,0,11,0,0
635.3073,33,48,0,12,0,0
621.328,33,50,0,11,0,0
559.4861,33,69,0,4,0,1
758.205,34,37,3,17,0,0
602.2313,34,38,1,7,0,1
540.2673,34,40,1,3,0,1
542.283,34,42,1,3,0,1
669.2553,35,42,0,13,0,0
556.2986,35,44,1,3,0,1
535.134,39,20,0,3,0,0
549.1496,40,22,0,3,0,0
565.1445,40,22,0,4,0,0
563.1653,41,24,0,3,0,0
579.1602,41,24,0,4,0,0
595.1551,41,24,0,5,0,0
556.1707,42,23,1,1,0,0
577.1809,42,26,0,3,0,0
593.1758,42,26,0,4,0,0
695.2075,46,32,0,7,0,0
805.2265,52,38,0,7,1,0
323.062,11,16,0,11,0,0
339.0569,11,16,0,12,0,0
325.0776,11,18,0,11,0,0
327.0933,11,20,0,11,0,0
375.0603,11,20,0,12,1,0
391.0552,11,20,0,13,1,0
319.0671,12,16,0,10,0,0
335.062,12,16,0,11,0,0
367.0518,12,16,0,13,0,0
337.0776,12,18,0,11,0,0
353.0725,12,18,0,12,0,0
387.0603,12,20,0,12,1,0
371.0831,12,20,0,13,0,0
403.0552,12,20,0,13,1,0
419.0501,12,20,0,14,1,0
325.114,12,22,0,10,0,0
357.1038,12,22,0,12,0,0
389.0759,12,22,0,12,1,0
405.0708,12,22,0,13,1,0
345.0463,13,14,0,11,0,0
361.0412,13,14,0,12,0,0
331.0671,13,16,0,10,0,0
347.062,13,16,0,11,0,0
363.0569,13,16,0,12,0,0
379.0518,13,16,0,13,0,0
333.0827,13,18,0,10,0,0
349.0776,13,18,0,11,0,0
381.0675,13,18,0,13,0,0
397.0624,13,18,0,14,0,0
335.0984,13,20,0,10,0,0
351.0933,13,20,0,11,0,0
367.0882,13,20,0,12,0,0
399.078,13,20,0,14,0,0
366.1042,13,21,1,11,0,0
369.1038,13,22,0,12,0,0
401.0759,13,22,0,12,1,0
385.0988,13,22,0,13,0,0
417.0708,13,22,0,13,1,0
433.0657,13,22,0,14,1,0
339.1297,13,24,0,10,0,0
355.1246,13,24,0,11,0,0
371.1195,13,24,0,12,0,0
419.0865,13,24,0,13,1,0
371.0256,14,12,0,12,0,0
389.0362,14,14,0,13,0,0
375.0569,14,16,0,12,0,0
391.0518,14,16,0,13,0,0
361.0776,14,18,0,11,0,0
377.0725,14,18,0,12,0,0
393.0675,14,18,0,13,0,0
376.0885,14,19,1,11,0,0
379.0882,14,20,0,12,0,0
395.0831,14,20,0,13,0,0
411.078,14,20,0,14,0,0
362.1093,14,21,1,10,0,0
378.1042,14,21,1,11,0,0
394.0991,14,21,1,12,0,0
374.1205,14,21,3,9,0,0
349.114,14,22,0,10,0,0
413.0937,14,22,0,14,0,0
361.1253,14,22,2,9,0,0
377.1202,14,22,2,10,0,0
380.1198,14,23,1,11,0,0
396.1147,14,23,1,12,0,0
360.1412,14,23,3,8,0,0
399.1144,14,24,0,13,0,0
431.0865,14,24,0,13,1,0
415.1093,14,24,0,14,0,0
447.0814,14,24,0,14,1,0
382.1355,14,25,1,11,0,0
398.1304,14,25,1,12,0,0
369.1402,14,26,0,11,0,0
385.1351,14,26,0,12,0,0
401.0362,15,14,0,13,0,0
405.0675,15,18,0,13,0,0
407.0831,15,20,0,13,0,0
423.078,15,20,0,14,0,0
370.1256,15,21,3,8,0,0
386.1205,15,21,3,9,0,0
425.0937,15,22,0,14,0,0
441.0886,15,22,0,15,0,0
389.1202,15,22,2,10,0,0
405.1151,15,22,2,11,0,0
392.1198,15,23,1,11,0,0
408.1147,15,23,1,12,0,0
424.1097,15,23,1,13,0,0
388.1362,15,23,3,9,0,0
443.1042,15,24,0,15,0,0
375.1409,15,24,2,9,0,0
407.1307,15,24,2,11,0,0
394.1355,15,25,1,11,0,0
410.1304,15,25,1,12,0,0
426.1253,15,25,1,13,0,0
376.1725,15,27,3,8,0,0
429.0311,16,14,0,14,0,0
431.0467,16,16,0,14,0,0
433.0624,16,18,0,14,0,0
419.0831,16,20,0,13,0,0
435.078,16,20,0,14,0,0
421.0988,16,22,0,13,0,0
437.0937,16,22,0,14,0,0
453.0886,16,22,0,15,0,0
469.0835,16,22,0,16,0,0
455.1042,16,24,0,15,0,0
471.0992,16,24,0,16,0,0
419.1307,16,24,2,11,0,0
435.1256,16,24,2,12,0,0
415.1471,16,24,4,9,0,0
422.1304,16,25,1,12,0,0
438.1253,16,25,1,13,0,0
418.1467,16,25,3,10,0,0
457.1199,16,26,0,15,0,0
473.1148,16,26,0,16,0,0
437.1413,16,26,2,12,0,0
417.1627,16,26,4,9,0,0
424.146,16,27,1,12,0,0
404.1675,16,27,3,9,0,0
443.1406,16,28,0,14,0,0
459.1355,16,28,0,15,0,0
439.1569,16,28,2,12,0,0
390.1882,16,29,3,8,0,0
443.0467,17,16,0,14,0,0
445.0624,17,18,0,14,0,0
461.0573,17,18,0,15,0,0
447.078,17,20,0,14,0,0
449.0937,17,22,0,14,0,0
465.0886,17,22,0,15,0,0
481.0835,17,22,0,16,0,0
451.1093,17,24,0,14,0,0
467.1042,17,24,0,15,0,0
483.0992,17,24,0,16,0,0
499.0941,17,24,0,17,0,0
414.1518,17,25,3,9,0,0
485.1148,17,26,0,16,0,0
501.1097,17,26,0,17,0,0
429.1627,17,26,4,9,0,0
452.141,17,27,1,13,0,0
468.1359,17,27,1,14,0,0
432.1624,17,27,3,10,0,0
407.1559,17,28,0,11,0,0
487.1305,17,28,0,16,0,0
503.1254,17,28,0,17,0,0
418.1831,17,29,3,9,0,0
473.1512,17,30,0,15,0,0
489.1461,17,30,0,16,0,0
404.2038,17,31,3,8,0,0
471.0416,18,16,0,15,0,0
473.0573,18,18,0,15,0,0
475.0729,18,20,0,15,0,0
477.0886,18,22,0,15,0,0
495.0992,18,24,0,16,0,0
511.0941,18,24,0,17,0,0
529.1046,18,26,0,18,0,0
451.1457,18,28,0,13,0,0
531.1203,18,28,0,18,0,0
482.1515,18,29,1,14,0,0
498.1464,18,29,1,15,0,0
533.1359,18,30,0,18,0,0
487.1668,18,32,0,15,0,0
519.1567,18,32,0,17,0,0
483.0416,19,16,0,15,0,0
489.0886,19,22,0,15,0,0
475.1093,19,24,0,14,0,0
493.1199,19,26,0,15,0,0
509.1148,19,26,0,16,0,0
525.1097,19,26,0,17,0,0
463.1457,19,28,0,13,0,0
527.1254,19,28,0,17,0,0
543.1203,19,28,0,18,0,0
433.1715,19,30,0,11,0,0
449.1664,19,30,0,12,0,0
545.1359,19,30,0,18,0,0
473.1889,19,30,4,10,0,0
512.1621,19,31,1,15,0,0
528.157,19,31,1,16,0,0
531.1567,19,32,0,17,0,0
547.1516,19,32,0,18,0,0
501.1825,19,34,0,15,0,0
517.1774,19,34,0,16,0,0
533.1723,19,34,0,17,0,0
515.0679,20,20,0,16,0,0
501.0886,20,22,0,15,0,0
489.125,20,26,0,14,0,0
507.1355,20,28,0,15,0,0
523.1305,20,28,0,16,0,0
571.1152,20,28,0,19,0,0
461.1664,20,30,0,12,0,0
477.1614,20,30,0,13,0,0
557.1359,20,30,0,18,0,0
540.157,20,31,1,16,0,0
556.1519,20,31,1,17,0,0
463.1821,20,32,0,12,0,0
575.1465,20,32,0,19,0,0
542.1727,20,33,1,16,0,0
558.1676,20,33,1,17,0,0
515.1042,21,24,0,15,0,0
501.125,21,26,0,14,0,0
489.1614,21,30,0,13,0,0
553.141,21,30,0,17,0,0
569.1359,21,30,0,18,0,0
585.1309,21,30,0,19,0,0
475.1821,21,32,0,12,0,0
491.177,21,32,0,13,0,0
539.1618,21,32,0,16,0,0
603.1414,21,32,0,20,0,0
477.1977,21,34,0,12,0,0
605.1571,21,34,0,20,0,0
575.1829,21,36,0,18,0,0
591.1778,21,36,0,19,0,0
515.1406,22,28,0,14,0,0
501.1614,22,30,0,13,0,0
581.1359,22,30,0,18,0,0
567.1567,22,32,0,17,0,0
583.1516,22,32,0,18,0,0
615.1414,22,32,0,20,0,0
617.1571,22,34,0,20,0,0
633.152,22,34,0,21,0,0
619.1727,22,36,0,20,0,0
635.1676,22,36,0,21,0,0
621.1884,22,38,0,20,0,0
336.3272,22,43,1,1,0,0
513.1614,23,30,0,13,0,0
529.1563,23,30,0,14,0,0
515.177,23,32,0,13,0,0
627.1414,23,32,0,20,0,0
613.1622,23,34,0,19,0,0
629.1571,23,34,0,20,0,0
645.152,23,34,0,21,0,0
631.1727,23,36,0,20,0,0
647.1676,23,36,0,21,0,0
663.1625,23,36,0,22,0,0
649.1833,23,38,0,21,0,0
651.1989,23,40,0,21,0,0
541.1563,24,30,0,14,0,0
529.1927,24,34,0,13,0,0
641.1571,24,34,0,20,0,0
657.152,24,34,0,21,0,0
673.1469,24,34,0,22,0,0
693.1731,24,38,0,23,0,0
695.1888,24,40,0,23,0,0
681.2095,24,42,0,22,0,0
557.1876,25,34,0,14,0,0
673.1833,25,38,0,21,0,0
689.1782,25,38,0,22,0,0
705.1731,25,38,0,23,0,0
643.2091,25,40,0,19,0,0
691.1938,25,40,0,22,0,0
707.1888,25,40,0,23,0,0
693.2095,25,42,0,22,0,0
457.3171,25,46,0,7,0,0
671.204,26,40,0,20,0,0
719.1888,26,40,0,23,0,0
705.2095,26,42,0,22,0,0
721.2044,26,42,0,23,0,0
733.2044,27,42,0,23,0,0
421.0659,33,10,0,1,0,0
435.0815,34,12,0,1,0,0
321.0463,11,14,0,11,0,0
307.0671,11,16,0,10,0,0
309.0827,11,18,0,10,0,0
341.0725,11,18,0,12,0,0
373.0446,11,18,0,12,1,0
389.0395,11,18,0,13,1,0
331.0307,12,12,0,11,0,0
333.0463,12,14,0,11,0,0
303.0722,12,16,0,9,0,0
336.0936,12,19,1,10,0,0
352.0885,12,19,1,11,0,0
325.0201,13,10,0,10,0,0
343.0307,13,12,0,11,0,0
359.0256,13,12,0,12,0,0
313.0565,13,14,0,9,0,0
317.0878,13,18,0,9,0,0
364.0885,13,19,1,11,0,0
380.0834,13,19,1,12,0,0
344.1099,13,19,3,8,0,0
319.1035,13,20,0,9,0,0
347.1096,13,20,2,9,0,0
350.1093,13,21,1,10,0,0
382.0991,13,21,1,12,0,0
330.1307,13,21,3,7,0,0
449.0607,13,22,0,15,1,0
368.1198,13,23,1,11,0,0
387.1144,13,24,0,13,0,0
369.0099,14,10,0,12,0,0
387.0205,14,12,0,13,0,0
309.0616,14,14,0,8,0,0
409.0624,14,18,0,14,0,0
373.0889,14,18,2,10,0,0
360.0936,14,19,1,10,0,0
392.0834,14,19,1,12,0,0
356.1099,14,19,3,8,0,0
372.1049,14,19,3,9,0,0
343.1147,14,20,2,8,0,0
359.1096,14,20,2,9,0,0
375.1045,14,20,2,10,0,0
410.094,14,21,1,13,0,0
317.1242,14,22,0,8,0,0
393.1151,14,22,2,11,0,0
373.1365,14,22,4,8,0,0
412.1097,14,23,1,13,0,0
376.1362,14,23,3,9,0,0
335.1348,14,24,0,9,0,0
463.0763,14,24,0,15,1,0
446.0974,14,25,1,13,1,0
353.1453,14,26,0,10,0,0
397.0049,15,10,0,13,0,0
417.0311,15,14,0,14,0,0
368.0623,15,15,1,10,0,0
419.0467,15,16,0,14,0,0
370.078,15,17,1,10,0,0
386.0729,15,17,1,11,0,0
369.094,15,18,2,9,0,0
356.0987,15,19,1,9,0,0
372.0936,15,19,1,10,0,0
388.0885,15,19,1,11,0,0
439.0729,15,20,0,15,0,0
371.1096,15,20,2,9,0,0
374.1093,15,21,1,10,0,0
390.1042,15,21,1,11,0,0
406.0991,15,21,1,12,0,0
402.1154,15,21,3,10,0,0
357.1303,15,22,2,8,0,0
373.1253,15,22,2,9,0,0
369.1416,15,22,4,7,0,0
401.1314,15,22,4,9,0,0
376.1249,15,23,1,10,0,0
404.1311,15,23,3,10,0,0
391.1358,15,24,2,10,0,0
423.1256,15,24,2,12,0,0
403.1471,15,24,4,9,0,0
390.1518,15,25,3,9,0,0
389.1678,15,26,4,8,0,0
396.1511,15,27,1,11,0,0
362.1933,15,29,3,7,0,0
427.0154,16,12,0,14,0,0
396.0572,16,15,1,11,0,0
398.0729,16,17,1,11,0,0
414.0678,16,17,1,12,0,0
400.0885,16,19,1,11,0,0
451.0729,16,20,0,15,0,0
370.1144,16,21,1,9,0,0
386.1093,16,21,1,10,0,0
402.1042,16,21,1,11,0,0
382.1256,16,21,3,8,0,0
398.1205,16,21,3,9,0,0
385.1253,16,22,2,9,0,0
401.1202,16,22,2,10,0,0
417.1151,16,22,2,11,0,0
433.11,16,22,2,12,0,0
404.1198,16,23,1,11,0,0
420.1147,16,23,1,12,0,0
436.1097,16,23,1,13,0,0
416.1311,16,23,3,10,0,0
406.1355,16,25,1,11,0,0
454.1202,16,25,1,14,0,0
421.1464,16,26,2,11,0,0
408.1511,16,27,1,11,0,0
440.141,16,27,1,13,0,0
420.1624,16,27,3,10,0,0
407.1671,16,28,2,10,0,0
374.1933,16,29,3,7,0,0
439.0154,17,12,0,14,0,0
459.0416,17,16,0,15,0,0
412.0885,17,19,1,11,0,0
463.0729,17,20,0,15,0,0
412.1362,17,23,3,9,0,0
450.1253,17,25,1,13,0,0
466.1202,17,25,1,14,0,0
430.1467,17,25,3,10,0,0
433.1464,17,26,2,11,0,0
445.1576,17,26,4,10,0,0
484.1308,17,27,1,15,0,0
451.1569,17,28,2,12,0,0
438.1617,17,29,1,12,0,0
454.1566,17,29,1,13,0,0
433.194,17,30,4,9,0,0
469.026,18,14,0,15,0,0
489.0522,18,18,0,16,0,0
412.1249,18,23,1,10,0,0
480.1359,18,27,1,14,0,0
496.1308,18,27,1,15,0,0
428.1675,18,27,3,9,0,0
460.1573,18,27,3,11,0,0
479.1519,18,28,2,13,0,0
459.1733,18,28,4,10,0,0
466.1566,18,29,1,13,0,0
514.1414,18,29,1,16,0,0
446.178,18,29,3,10,0,0
462.1729,18,29,3,11,0,0
447.2097,18,32,4,9,0,0
481.026,19,14,0,15,0,0
499.0366,19,16,0,16,0,0
501.0522,19,18,0,16,0,0
503.0679,19,20,0,16,0,0
491.1042,19,24,0,15,0,0
557.0996,19,26,0,19,0,0
494.1515,19,29,1,14,0,0
510.1464,19,29,1,15,0,0
526.1414,19,29,1,16,0,0
490.1678,19,29,3,12,0,0
561.1309,19,30,0,19,0,0
496.1672,19,31,1,14,0,0
511.0366,20,16,0,16,0,0
513.0522,20,18,0,16,0,0
517.0835,20,22,0,16,0,0
503.1042,20,24,0,15,0,0
505.1199,20,26,0,15,0,0
521.1148,20,26,0,16,0,0
537.1097,20,26,0,17,0,0
491.1406,20,28,0,14,0,0
538.1414,20,29,1,16,0,0
524.1621,20,31,1,15,0,0
572.1468,20,31,1,18,0,0
487.2046,20,32,4,10,0,0
526.1777,20,33,1,15,0,0
577.1622,20,34,0,19,0,0
499.2032,20,36,0,14,0,0
531.1931,20,36,0,16,0,0
525.0522,21,18,0,16,0,0
543.0628,21,20,0,17,0,0
529.0835,21,22,0,16,0,0
339.1602,21,24,0,4,0,0
531.0992,21,24,0,16,0,0
517.1199,21,26,0,15,0,0
503.1406,21,28,0,14,0,0
519.1355,21,28,0,15,0,0
505.1563,21,30,0,14,0,0
521.1512,21,30,0,15,0,0
537.1461,21,30,0,16,0,0
601.1258,21,30,0,20,0,0
507.1719,21,32,0,14,0,0
570.1676,21,33,1,17,0,0
493.1927,21,34,0,13,0,0
556.1883,21,35,1,16,0,0
572.1832,21,35,1,17,0,0
555.0628,22,20,0,17,0,0
541.0835,22,22,0,16,0,0
557.0784,22,22,0,17,0,0
529.1199,22,26,0,15,0,0
545.1148,22,26,0,16,0,0
531.1355,22,28,0,15,0,0
517.1563,22,30,0,14,0,0
631.1363,22,32,0,21,0,0
505.1927,22,34,0,13,0,0
553.1774,22,34,0,16,0,0
589.1985,22,38,0,18,0,0
605.1935,22,38,0,19,0,0
369.301,22,42,0,4,0,0
339.3269,22,44,0,2,0,0
569.0784,23,22,0,17,0,0
555.0992,23,24,0,16,0,0
571.0941,23,24,0,17,0,0
557.1148,23,26,0,16,0,0
543.1355,23,28,0,15,0,0
531.1719,23,32,0,14,0,0
611.1465,23,32,0,19,0,0
517.1927,23,34,0,13,0,0
661.1469,23,34,0,22,0,0
665.1782,23,38,0,22,0,0
619.2091,23,40,0,19,0,0
635.204,23,40,0,20,0,0
353.3425,23,46,0,2,0,0
567.0992,24,24,0,16,0,0
555.1355,24,28,0,15,0,0
543.1719,24,32,0,14,0,0
559.1668,24,32,0,15,0,0
545.1876,24,34,0,14,0,0
547.2032,24,36,0,14,0,0
611.1829,24,36,0,18,0,0
640.2207,24,39,3,17,0,0
642.2363,24,41,3,17,0,0
397.3323,24,46,0,4,0,0
567.1355,25,28,0,15,0,0
543.2083,25,36,0,13,0,0
559.2032,25,36,0,14,0,0
671.1676,25,36,0,21,0,0
627.2142,25,40,0,18,0,0
709.2044,25,42,0,23,0,0
631.2455,25,44,0,18,0,0
585.1825,26,34,0,15,0,0
571.2032,26,36,0,14,0,0
573.2189,26,38,0,14,0,0
685.1833,26,38,0,21,0,0
701.1782,26,38,0,22,0,0
737.1993,26,42,0,24,0,0
707.2251,26,44,0,22,0,0
723.2201,26,44,0,23,0,0
581.1876,27,34,0,14,0,0
597.1825,27,34,0,15,0,0
585.2189,27,38,0,14,0,0
717.2095,27,42,0,22,0,0
719.2251,27,44,0,22,0,0
460.2047,28,32,1,3,0,1
599.2345,28,40,0,14,0,0
745.2044,28,42,0,23,0,0
761.1993,28,42,0,24,0,0
763.215,28,44,0,24,0,0
777.2306,29,46,0,24,0,0
502.2153,30,34,1,4,0,1
514.2153,31,34,1,4,0,1
532.2258,31,36,1,5,0,1
565.1081,39,18,0,5,0,0
371.0654,12,20,0,11,1,0
348.0936,13,19,1,10,0,0
328.115,13,19,3,7,0,0
353.0912,13,22,0,9,1,0
369.0861,13,22,0,10,1,0
385.081,13,22,0,11,1,0
329.1467,13,22,4,6,0,0
339.1119,13,24,0,8,1,0
355.1068,13,24,0,9,1,0
340.115,14,19,3,7,0,0
299.1136,14,20,0,7,0,0
326.1358,14,21,3,6,0,0
301.1293,14,22,0,7,0,0
365.0912,14,22,0,9,1,0
341.1467,14,22,4,6,0,0
348.13,14,23,1,9,0,0
319.1398,14,24,0,8,0,0
351.1119,14,24,0,8,1,0
367.1068,14,24,0,9,1,0
383.1017,14,24,0,10,1,0
399.0967,14,24,0,11,1,0
415.0916,14,24,0,12,1,0
363.1409,14,24,2,9,0,0
343.1623,14,24,4,6,0,0
401.1123,14,26,0,11,1,0
332.1827,14,27,3,6,0,0
355.1432,14,28,0,8,1,0
293.1792,14,30,0,4,1,0
295.1187,15,20,0,6,0,0
400.1474,15,23,5,8,0,0
432.1195,15,23,5,8,1,0
379.1068,15,24,0,9,1,0
395.1017,15,24,0,10,1,0
362.1457,15,25,1,9,0,0
378.1406,15,25,1,10,0,0
386.1681,15,25,5,7,0,0
402.163,15,25,5,8,0,0
301.1657,15,26,0,6,0,0
365.1276,15,26,0,8,1,0
381.1225,15,26,0,9,1,0
397.1174,15,26,0,10,1,0
413.1123,15,26,0,11,1,0
445.1021,15,26,0,13,1,0
415.128,15,28,0,11,1,0
346.1984,15,29,3,6,0,0
353.1639,15,30,0,7,1,0
369.1589,15,30,0,8,1,0
307.1187,16,20,0,6,0,0
371.146,16,24,2,8,0,0
390.1406,16,25,1,10,0,0
398.1681,16,25,5,7,0,0
414.163,16,25,5,8,0,0
373.1616,16,26,2,8,0,0
392.1562,16,27,1,10,0,0
400.1838,16,27,5,7,0,0
416.1787,16,27,5,8,0,0
395.1381,16,28,0,9,1,0
427.128,16,28,0,11,1,0
474.1287,16,29,1,13,1,0
342.2034,16,29,3,5,0,0
360.214,16,31,3,6,0,0
411.1521,17,24,4,8,0,0
389.1276,17,26,0,8,1,0
381.178,17,26,4,6,0,0
436.146,17,27,1,12,0,0
391.1432,17,28,0,8,1,0
422.1668,17,29,1,11,0,0
388.2089,17,31,3,7,0,0
379.1974,17,32,0,9,0,0
358.2347,17,33,3,5,0,0
367.216,17,36,0,6,1,0
425.1678,18,26,4,8,0,0
440.1787,18,27,5,8,0,0
355.1585,18,28,0,5,1,0
371.1534,18,28,0,6,1,0
341.1792,18,30,0,4,1,0
370.2347,18,33,3,5,0,0
386.2297,18,33,3,6,0,0
281.2486,18,34,0,2,0,0
442.1831,19,29,3,9,0,0
454.1943,19,29,5,8,0,0
369.1741,19,30,0,5,1,0
493.1675,19,30,2,13,0,0
385.1785,19,31,0,6,0,1
480.1723,19,31,1,13,0,0
421.2079,19,34,0,10,0,0
426.2246,20,33,3,7,0,0
465.1977,20,34,0,12,0,0
435.2236,20,36,0,10,0,0
515.1981,20,36,0,15,0,0
467.2147,21,32,4,8,0,0
540.1934,21,35,1,15,0,0
439.2562,21,36,4,6,0,0
513.2189,21,38,0,14,0,0
529.2138,21,38,0,15,0,0
473.2617,21,38,4,8,0,0
523.2032,22,36,0,14,0,0
570.204,22,37,1,16,0,0
525.2189,22,38,0,14,0,0
500.2726,22,39,5,8,0,0
399.2752,22,40,0,6,0,0
527.2345,22,40,0,14,0,0
581.1723,23,34,0,17,0,0
505.229,23,38,0,12,0,0
555.2294,23,40,0,15,0,0
622.2101,24,37,3,16,0,0
581.2087,24,38,0,16,0,0
611.2193,25,40,0,17,0,0
613.2349,25,42,0,17,0,0
430.1578,26,26,1,3,0,1
627.2506,26,44,0,17,0,0
645.2611,26,46,0,18,0,0
444.1734,27,28,1,3,0,1
671.2404,27,44,0,19,0,0
703.2302,27,44,0,21,0,0
433.3323,27,46,0,4,0,0
657.2611,27,46,0,18,0,0
673.2561,27,46,0,19,0,0
689.251,27,46,0,20,0,0
456.1734,28,28,1,3,0,1
585.2553,28,42,0,13,0,0
715.2302,28,44,0,21,0,0
731.2251,28,44,0,22,0,0
470.1891,29,30,1,3,0,1
488.1996,29,32,1,4,0,1
599.2709,29,44,0,13,0,0
611.2709,30,44,0,13,0,0
787.215,30,44,0,24,0,0
516.2309,31,36,1,4,0,1
502.2517,31,38,1,3,0,1
530.2466,32,38,1,4,0,1
516.2673,32,40,1,3,0,1
544.2622,33,40,1,4,0,1
461.0972,36,14,0,1,0,0
475.1128,37,16,0,1,0,0
533.1183,39,18,0,3,0,0
561.1496,41,22,0,3,0,0
390.1266,13,21,5,9,0,0
316.1514,13,23,3,6,0,0
307.1398,13,24,0,8,0,0
349.1646,13,27,4,5,0,1
351.1803,13,29,4,5,0,1
307.0459,14,12,0,8,0,0
317.1064,14,22,0,6,1,0
378.134,14,25,3,7,1,0
321.1555,14,26,0,8,0,0
380.1497,14,27,3,7,1,0
323.1534,14,28,0,6,1,0
349.201,14,31,4,4,0,1
317.0303,15,10,0,8,0,0
307.0823,15,16,0,7,0,0
375.0755,15,20,0,9,1,0
393.0861,15,22,0,10,1,0
363.1119,15,24,0,8,1,0
381.132,15,27,0,9,0,1
392.1497,15,27,3,7,1,0
319.1762,15,28,0,7,0,0
351.1661,15,28,0,9,0,0
367.1527,15,29,0,8,0,1
378.1704,15,29,3,6,1,0
401.1487,15,30,0,10,1,0
315.051,16,12,0,7,0,0
366.1307,16,21,3,7,0,0
393.1225,16,26,0,9,1,0
409.1174,16,26,0,10,1,0
299.1864,16,28,0,5,0,0
301.202,16,30,0,5,0,0
287.2228,16,32,0,4,0,0
303.2177,16,32,0,5,0,0
335.2075,16,32,0,7,0,0
415.1643,16,32,0,10,1,0
315.0874,17,16,0,6,0,0
317.1031,17,18,0,6,0,0
345.1092,17,18,2,6,0,0
393.0857,17,19,2,7,0,1
382.1144,17,21,1,9,0,0
354.1558,17,25,1,7,0,0
293.1758,17,26,0,4,0,0
373.1326,17,26,0,7,1,0
407.1381,17,28,0,9,1,0
313.202,17,30,0,5,0,0
393.1589,17,30,0,8,1,0
405.1346,17,30,2,3,3,0
395.1745,17,32,0,8,1,0
411.1872,17,32,0,11,0,0
397.1902,17,34,0,8,1,0
367.0096,18,8,0,9,0,0
315.1238,18,20,0,5,0,0
375.1198,18,20,2,7,0,0
381.1312,18,26,2,3,2,0
311.2228,18,32,0,4,0,0
407.1745,18,32,0,8,1,0
423.1789,18,33,0,9,0,1
425.1851,18,34,0,9,1,0
410.2218,18,37,1,7,1,0
351.051,19,12,0,7,0,0
339.0874,19,16,0,6,0,0
434.0729,19,17,1,11,0,0
387.1115,19,21,2,5,0,1
392.1351,19,23,1,8,0,0
389.1272,19,23,2,5,0,1
315.1602,19,24,0,4,0,0
391.1428,19,25,2,5,0,1
317.1758,19,26,0,4,0,0
530.1294,19,26,5,11,0,1
319.1915,19,28,0,4,0,0
426.1882,19,29,3,8,0,0
321.2071,19,30,0,4,0,0
417.1684,19,31,0,8,0,1
563.1383,19,33,0,17,0,1
437.1851,19,34,0,9,1,0
581.1488,19,35,0,18,0,1
361.2596,19,38,0,6,0,0
315.1966,20,28,0,3,0,0
335.2228,20,32,0,4,0,0
495.1637,20,33,0,12,0,1
481.1844,20,35,0,11,0,1
497.1793,20,35,0,12,0,1
451.2185,20,36,0,11,0,0
467.2134,20,36,0,12,0,0
483.2001,20,37,0,11,0,1
499.195,20,37,0,12,0,1
437.2215,20,38,0,8,1,0
421.2443,20,38,0,9,0,0
407.265,20,40,0,8,0,0
343.1915,21,28,0,4,0,0
418.1984,21,29,3,6,0,0
434.1933,21,29,3,7,0,0
345.2071,21,30,0,4,0,0
347.2228,21,32,0,4,0,0
465.2341,21,38,0,11,0,0
481.229,21,38,0,12,0,0
497.224,21,38,0,13,0,0
387.2752,21,40,0,6,0,0
389.2909,21,42,0,6,0,0
519.0416,22,16,0,15,0,0
482.1668,22,29,1,11,0,0
507.1906,22,36,0,11,1,0
463.2549,22,40,0,10,0,0
479.2498,22,40,0,11,0,0
511.2396,22,40,0,13,0,0
417.2858,22,42,0,7,0,0
449.2756,22,42,0,9,0,0
465.2705,22,42,0,10,0,0
423.1085,23,20,0,8,0,0
496.1824,23,31,1,11,0,0
483.1815,23,36,2,3,3,0
393.2646,23,38,0,5,0,0
507.2447,23,40,0,12,0,0
461.2756,23,42,0,9,0,0
477.2705,23,42,0,10,0,0
637.2114,23,43,0,18,0,1
511.0518,24,16,0,13,0,0
455.0915,24,17,4,4,0,1
449.0878,24,18,0,9,0,0
451.1035,24,20,0,9,0,0
437.1242,24,22,0,8,0,0
565.0835,24,22,0,16,0,0
551.1042,24,24,0,15,0,0
405.2646,24,38,0,5,0,0
423.2752,24,40,0,6,0,0
519.2447,24,40,0,12,0,0
535.2396,24,40,0,13,0,0
457.2807,24,42,0,8,0,0
521.2603,24,42,0,12,0,0
553.2502,24,42,0,14,0,0
443.3014,24,44,0,7,0,0
459.2963,24,44,0,8,0,0
491.2862,24,44,0,10,0,0
507.2811,24,44,0,11,0,0
539.2709,24,44,0,13,0,0
541.0624,25,18,0,14,0,0
481.114,25,22,0,10,0,0
579.0992,25,24,0,16,0,0
717.1367,25,34,0,24,0,0
533.2603,25,42,0,12,0,0
535.276,25,44,0,12,0,0
505.3018,25,46,0,10,0,0
495.1297,26,24,0,10,0,0
591.0992,26,24,0,16,0,0
593.1148,26,26,0,16,0,0
528.1511,26,27,1,11,0,0
579.1355,26,28,0,15,0,0
559.2396,26,40,0,13,0,0
449.2909,26,42,0,6,0,0
561.2553,26,42,0,13,0,0
563.2709,26,44,0,13,0,0
501.3069,26,46,0,9,0,0
549.2916,26,46,0,12,0,0
555.1144,27,24,0,13,0,0
571.1093,27,24,0,14,0,0
527.1559,27,28,0,11,0,0
593.1512,27,30,0,15,0,0
497.312,27,46,0,8,0,0
561.2916,27,46,0,12,0,0
547.3124,27,48,0,11,0,0
563.3073,27,48,0,12,0,0
587.2709,28,44,0,13,0,0
543.3175,28,48,0,10,0,0
559.3124,28,48,0,11,0,0
583.1457,29,28,0,13,0,0
569.1664,29,30,0,12,0,0
473.1887,29,31,0,4,0,1
523.3276,29,48,0,8,0,0
603.3022,29,48,0,13,0,0
585.328,30,50,0,11,0,0
809.2568,30,50,0,25,0,0
627.3022,31,48,0,13,0,0
597.328,31,50,0,11,0,0
613.3229,31,50,0,12,0,0
629.3179,31,50,0,13,0,0
599.3437,31,52,0,11,0,0
657.3128,32,50,0,14,0,0
659.3284,32,52,0,14,0,0
661.3441,32,54,0,14,0,0
585.4008,32,58,0,9,0,0
375.1037,16,25,0,6,1,1
401.0937,13,22,0,14,0,0
399.1508,15,28,0,12,0,0
404.1068,14,23,5,5,2,0
NA,NA,NA,NA,NA,NA,NA
397.1715,16,30,0,11,0,0
297.0827,10,18,0,10,0,0
311.0984,11,20,0,10,0,0
317.0514,12,14,0,10,0,0
349.0412,12,14,0,12,0,0
373.0988,12,22,0,13,0,0
321.1191,13,22,0,9,0,0
401.1301,14,26,0,13,0,0
434.1173,15,25,5,6,2,0
461.097,15,26,0,14,1,0
412.146,15,27,1,12,0,0
383.1559,15,28,0,11,0,0
383.1923,16,32,0,10,0,0
395.1014,17,21,2,7,0,1
403.0986,17,25,0,7,1,1
470.1515,17,29,1,14,0,0
461.1889,18,30,4,10,0,0
535.1516,18,32,0,18,0,0
437.2028,19,34,0,11,0,0
549.1672,19,34,0,18,0,0
368.0962,20,19,1,4,1,0
547.188,20,36,0,17,0,0
545.2087,21,38,0,16,0,0
561.2036,21,38,0,17,0,0
410.1068,22,21,1,5,1,0
428.1173,22,23,1,6,1,0
519.1719,22,32,0,14,0,0
521.1876,22,34,0,14,0,0
519.2083,23,36,0,13,0,0
649.2197,24,42,0,20,0,0
687.1625,25,36,0,22,0,0
545.224,25,38,0,13,0,0
663.2353,25,44,0,20,0,0
749.1993,27,42,0,24,0,0
765.2306,28,46,0,24,0,0
781.2255,28,46,0,25,0,0
823.2361,30,48,0,26,0,0
449.0972,35,14,0,1,0,0
381.1545,13,27,4,7,0,1
297.098,14,18,0,7,0,0
303.1449,14,24,0,7,0,0
337.1504,14,26,0,9,0,0
365.1959,14,31,4,5,0,1
381.1908,14,31,4,6,0,1
338.1358,15,21,3,6,0,0
281.1394,15,22,0,5,0,0
303.1813,15,28,0,6,0,0
307.1949,15,32,0,4,1,0
295.1551,16,24,0,5,0,0
425.1123,16,26,0,11,1,0
397.1538,16,30,0,9,1,0
255.233,16,32,0,2,0,0
351.2024,16,32,0,8,0,0
321.2105,16,34,0,4,1,0
387.1119,17,24,0,8,1,0
403.1068,17,24,0,9,1,0
375.1483,17,28,0,7,1,0
339.1636,18,28,0,4,1,0
399.124,18,28,2,2,3,0
506.1385,18,29,5,8,2,0
357.1741,18,30,0,5,1,0
405.1589,18,30,0,8,1,0
437.1487,18,30,0,10,1,0
439.1643,18,32,0,10,1,0
405.1221,19,23,2,6,0,1
421.117,19,23,2,7,0,1
444.1988,19,31,3,9,0,0
313.1809,20,26,0,3,0,0
337.2384,20,34,0,4,0,0
339.2541,20,36,0,4,0,0
483.2083,20,36,0,13,0,0
437.2392,20,38,0,10,0,0
369.2646,21,38,0,5,0,0
325.3112,21,42,0,2,0,0
355.1915,22,28,0,4,0,0
537.1825,22,34,0,15,0,0
381.2646,22,38,0,5,0,0
367.2854,22,40,0,4,0,0
383.2803,22,40,0,5,0,0
481.2654,22,42,0,11,0,0
521.224,23,38,0,13,0,0
537.2189,23,38,0,14,0,0
553.2138,23,38,0,15,0,0
523.2396,23,40,0,13,0,0
539.2345,23,40,0,14,0,0
493.2654,23,42,0,11,0,0
541.2502,23,42,0,14,0,0
383.3167,23,44,0,4,0,0
495.2811,23,44,0,11,0,0
533.224,24,38,0,13,0,0
551.2345,24,40,0,14,0,0
567.2294,24,40,0,15,0,0
569.2451,24,42,0,15,0,0
585.24,24,42,0,16,0,0
555.2658,24,44,0,14,0,0
513.3103,24,50,0,9,1,0
547.2396,25,40,0,13,0,0
549.2553,25,42,0,13,0,0
551.2709,25,44,0,13,0,0
489.3069,25,46,0,9,0,0
539.3073,25,48,0,12,0,0
575.2345,26,40,0,14,0,0
577.2502,26,42,0,14,0,0
579.2658,26,44,0,14,0,0
617.3026,26,50,0,16,0,0
715.1938,27,40,0,22,0,0
589.2502,27,42,0,14,0,0
575.2709,27,44,0,13,0,0
591.2658,27,44,0,14,0,0
577.2866,27,46,0,13,0,0
641.2662,27,46,0,17,0,0
705.2459,27,46,0,21,0,0
659.2768,27,48,0,18,0,0
601.2502,28,42,0,14,0,0
603.2658,28,44,0,14,0,0
589.2866,28,46,0,13,0,0
605.2815,28,46,0,14,0,0
717.2459,28,46,0,21,0,0
671.2768,28,48,0,18,0,0
609.2189,29,38,0,14,0,0
613.2502,29,42,0,14,0,0
587.3073,29,48,0,12,0,0
613.2866,30,46,0,13,0,0
601.3229,30,50,0,12,0,0
513.3222,31,46,0,6,0,0
625.2866,31,46,0,13,0,0
641.2815,31,46,0,14,0,0
643.2971,31,48,0,14,0,0
639.3022,32,48,0,13,0,0
583.3852,32,56,0,9,0,0
477.1285,37,18,0,1,0,0
