"Mass","HC","OC"
351.0569,1.33,1
323.0984,1.67,0.83
355.0882,1.67,1
341.1089,1.83,0.92
327.0358,0.92,0.77
329.0514,1.08,0.77
315.0722,1.23,0.69
365.0725,1.38,0.92
315.1198,1.54,0.54
353.1089,1.69,0.85
371.1017,1.85,0.77
403.0916,1.85,0.92
321.0252,0.71,0.64
337.0201,0.71,0.71
353.015,0.71,0.79
323.0409,0.86,0.64
339.0358,0.86,0.71
355.0307,0.86,0.79
325.0565,1,0.64
341.0514,1,0.71
357.0463,1,0.79
373.0412,1,0.86
311.0772,1.14,0.57
327.0722,1.14,0.64
343.0671,1.14,0.71
359.062,1.14,0.79
382.1004,1.21,0.57
313.0929,1.29,0.57
329.0878,1.29,0.64
345.0827,1.29,0.71
409.0446,1.29,0.86
331.1035,1.43,0.64
347.0984,1.43,0.71
363.0933,1.43,0.79
342.1307,1.5,0.5
358.1256,1.5,0.57
333.1191,1.57,0.64
365.1089,1.57,0.79
381.1038,1.57,0.86
413.0759,1.57,0.86
345.1303,1.57,0.57
364.1249,1.64,0.71
312.1565,1.64,0.36
328.1514,1.64,0.43
367.1246,1.71,0.79
383.1195,1.71,0.86
359.1572,1.71,0.5
330.1671,1.79,0.43
346.162,1.79,0.5
337.1326,1.86,0.5
385.1174,1.86,0.71
417.1072,1.86,0.86
433.1021,1.86,0.93
345.178,1.86,0.43
316.1878,1.93,0.36
331.0096,0.53,0.6
333.0252,0.67,0.6
349.0201,0.67,0.67
365.015,0.67,0.73
381.0099,0.67,0.8
319.0459,0.8,0.53
335.0409,0.8,0.6
351.0358,0.8,0.67
367.0307,0.8,0.73
383.0256,0.8,0.8
399.0205,0.8,0.87
321.0616,0.93,0.53
337.0565,0.93,0.6
353.0514,0.93,0.67
369.0463,0.93,0.73
385.0412,0.93,0.8
323.0772,1.07,0.53
339.0722,1.07,0.6
355.0671,1.07,0.67
371.062,1.07,0.73
387.0569,1.07,0.8
403.0518,1.07,0.87
354.0831,1.13,0.6
325.0929,1.2,0.53
341.0878,1.2,0.6
357.0827,1.2,0.67
373.0776,1.2,0.73
389.0725,1.2,0.8
311.1136,1.33,0.47
327.1085,1.33,0.53
343.1035,1.33,0.6
359.0984,1.33,0.67
375.0933,1.33,0.73
391.0882,1.33,0.8
439.0552,1.33,0.87
354.1307,1.4,0.47
313.1293,1.47,0.47
329.1242,1.47,0.53
345.1191,1.47,0.6
361.114,1.47,0.67
377.1089,1.47,0.73
393.1038,1.47,0.8
409.0988,1.47,0.87
385.1365,1.47,0.53
340.1514,1.53,0.4
356.1463,1.53,0.47
372.1412,1.53,0.53
384.1525,1.53,0.47
315.1449,1.6,0.47
331.1398,1.6,0.53
347.1348,1.6,0.6
379.1246,1.6,0.73
395.1195,1.6,0.8
411.1144,1.6,0.87
427.1093,1.6,0.93
343.1511,1.6,0.47
359.146,1.6,0.53
355.1623,1.6,0.4
371.1572,1.6,0.47
387.1521,1.6,0.53
326.1721,1.67,0.33
342.1671,1.67,0.4
358.162,1.67,0.47
374.1569,1.67,0.53
365.1453,1.73,0.67
381.1402,1.73,0.73
397.1351,1.73,0.8
413.1301,1.73,0.87
429.125,1.73,0.93
341.183,1.73,0.33
357.178,1.73,0.4
373.1729,1.73,0.47
380.1562,1.8,0.67
444.1181,1.8,0.8
441.128,1.8,0.73
328.1878,1.8,0.33
344.1827,1.8,0.4
360.1776,1.8,0.47
372.1889,1.8,0.4
335.1711,1.87,0.53
399.133,1.87,0.67
431.1229,1.87,0.8
343.1987,1.87,0.33
359.1936,1.87,0.4
375.1885,1.87,0.47
314.2085,1.93,0.27
330.2034,1.93,0.33
343.0096,0.5,0.56
359.0045,0.5,0.62
374.9994,0.5,0.69
329.0303,0.62,0.5
345.0252,0.62,0.56
361.0201,0.62,0.62
377.015,0.62,0.69
393.0099,0.62,0.75
331.0459,0.75,0.5
347.0409,0.75,0.56
363.0358,0.75,0.62
379.0307,0.75,0.69
395.0256,0.75,0.75
411.0205,0.75,0.81
362.0518,0.81,0.56
317.0667,0.88,0.44
333.0616,0.88,0.5
349.0565,0.88,0.56
365.0514,0.88,0.62
381.0463,0.88,0.69
397.0412,0.88,0.75
413.0362,0.88,0.81
348.0725,0.94,0.5
364.0674,0.94,0.56
380.0623,0.94,0.62
319.0823,1,0.44
335.0772,1,0.5
351.0722,1,0.56
367.0671,1,0.62
383.062,1,0.69
399.0569,1,0.75
415.0518,1,0.81
350.0881,1.06,0.5
366.0831,1.06,0.56
382.078,1.06,0.62
321.098,1.12,0.44
337.0929,1.12,0.5
353.0878,1.12,0.56
369.0827,1.12,0.62
385.0776,1.12,0.69
401.0725,1.12,0.75
417.0675,1.12,0.81
365.099,1.12,0.5
352.1038,1.19,0.5
368.0987,1.19,0.56
384.0936,1.19,0.62
323.1136,1.25,0.44
339.1085,1.25,0.5
355.1035,1.25,0.56
371.0984,1.25,0.62
387.0933,1.25,0.69
403.0882,1.25,0.75
325.1293,1.38,0.44
341.1242,1.38,0.5
357.1191,1.38,0.56
373.114,1.38,0.62
389.1089,1.38,0.69
405.1038,1.38,0.75
352.1514,1.44,0.38
368.1463,1.44,0.44
384.1412,1.44,0.5
400.1362,1.44,0.56
311.15,1.5,0.38
327.1449,1.5,0.44
343.1398,1.5,0.5
359.1348,1.5,0.56
375.1297,1.5,0.62
407.1195,1.5,0.75
423.1144,1.5,0.81
387.1409,1.5,0.56
383.1572,1.5,0.44
399.1521,1.5,0.5
451.1123,1.56,0.69
338.1721,1.56,0.31
354.1671,1.56,0.38
370.162,1.56,0.44
386.1569,1.56,0.5
402.1518,1.56,0.56
313.1657,1.62,0.38
329.1606,1.62,0.44
345.1555,1.62,0.5
361.1504,1.62,0.56
377.1453,1.62,0.62
393.1402,1.62,0.69
409.1351,1.62,0.75
425.1301,1.62,0.81
441.125,1.62,0.88
357.1667,1.62,0.44
405.1515,1.62,0.62
369.178,1.62,0.38
385.1729,1.62,0.44
401.1678,1.62,0.5
340.1878,1.69,0.31
356.1827,1.69,0.38
372.1776,1.69,0.44
388.1725,1.69,0.5
315.1813,1.75,0.38
331.1762,1.75,0.44
347.1711,1.75,0.5
363.1661,1.75,0.56
379.161,1.75,0.62
411.133,1.75,0.62
427.1457,1.75,0.81
355.1987,1.75,0.31
371.1936,1.75,0.38
387.1885,1.75,0.44
403.1834,1.75,0.5
326.2085,1.81,0.25
358.1984,1.81,0.38
349.1868,1.88,0.5
365.1817,1.88,0.56
381.1766,1.88,0.62
357.2143,1.88,0.31
373.2093,1.88,0.38
389.2042,1.88,0.44
328.2242,1.94,0.25
344.2191,1.94,0.31
376.1912,1.94,0.31
337.2054,2.12,0.31
353.2003,2.12,0.38
371.0045,0.47,0.59
386.9994,0.47,0.65
402.9943,0.47,0.71
341.0303,0.59,0.47
357.0252,0.59,0.53
373.0201,0.59,0.59
389.015,0.59,0.65
405.0099,0.59,0.71
327.051,0.71,0.41
343.0459,0.71,0.47
359.0409,0.71,0.53
375.0358,0.71,0.59
391.0307,0.71,0.65
407.0256,0.71,0.71
423.0205,0.71,0.76
329.0667,0.82,0.41
345.0616,0.82,0.47
361.0565,0.82,0.53
377.0514,0.82,0.59
393.0463,0.82,0.65
409.0412,0.82,0.71
425.0362,0.82,0.76
441.0311,0.82,0.82
360.0725,0.88,0.47
376.0674,0.88,0.53
392.0623,0.88,0.59
331.0823,0.94,0.41
347.0772,0.94,0.47
363.0722,0.94,0.53
379.0671,0.94,0.59
395.062,0.94,0.65
411.0569,0.94,0.71
427.0518,0.94,0.76
362.0881,1,0.47
378.0831,1,0.53
394.078,1,0.59
410.0729,1,0.65
333.098,1.06,0.41
349.0929,1.06,0.47
365.0878,1.06,0.53
381.0827,1.06,0.59
397.0776,1.06,0.65
413.0725,1.06,0.71
429.0675,1.06,0.76
364.1038,1.12,0.47
380.0987,1.12,0.53
396.0936,1.12,0.59
319.1187,1.18,0.35
335.1136,1.18,0.41
351.1085,1.18,0.47
367.1035,1.18,0.53
383.0984,1.18,0.59
399.0933,1.18,0.65
415.0882,1.18,0.71
431.0831,1.18,0.76
395.1096,1.18,0.53
366.1194,1.24,0.47
398.1093,1.24,0.59
414.1042,1.24,0.65
378.1307,1.24,0.41
321.1344,1.29,0.35
337.1293,1.29,0.41
353.1242,1.29,0.47
369.1191,1.29,0.53
385.114,1.29,0.59
401.1089,1.29,0.65
417.1038,1.29,0.71
433.0988,1.29,0.76
349.1405,1.29,0.35
384.13,1.35,0.53
380.1463,1.35,0.41
396.1412,1.35,0.47
323.15,1.41,0.35
339.1449,1.41,0.41
355.1398,1.41,0.47
371.1348,1.41,0.53
387.1297,1.41,0.59
403.1246,1.41,0.65
419.1195,1.41,0.71
435.1144,1.41,0.76
395.1572,1.41,0.41
334.1772,1.47,0.24
350.1721,1.47,0.29
366.1671,1.47,0.35
382.162,1.47,0.41
398.1569,1.47,0.47
309.1707,1.53,0.29
325.1657,1.53,0.35
341.1606,1.53,0.41
357.1555,1.53,0.47
373.1504,1.53,0.53
389.1453,1.53,0.59
405.1402,1.53,0.65
421.1351,1.53,0.71
437.1301,1.53,0.76
453.125,1.53,0.82
469.1199,1.53,0.88
397.1729,1.53,0.41
413.1678,1.53,0.47
465.128,1.59,0.65
368.1827,1.59,0.35
384.1776,1.59,0.41
400.1725,1.59,0.47
416.1675,1.59,0.53
412.1838,1.59,0.41
508.1355,1.59,0.65
311.1686,1.65,0.18
327.1813,1.65,0.35
343.1762,1.65,0.41
359.1711,1.65,0.47
375.1661,1.65,0.53
391.161,1.65,0.59
423.1508,1.65,0.71
439.1457,1.65,0.76
455.1406,1.65,0.82
471.1355,1.65,0.88
383.1936,1.65,0.35
399.1885,1.65,0.41
415.1834,1.65,0.47
354.2034,1.71,0.29
370.1984,1.71,0.35
386.1933,1.71,0.41
402.1882,1.71,0.47
430.1943,1.71,0.47
329.197,1.76,0.35
345.1919,1.76,0.41
361.1868,1.76,0.47
377.1817,1.76,0.53
393.1766,1.76,0.59
441.1614,1.76,0.76
457.1563,1.76,0.82
369.2143,1.76,0.29
385.2093,1.76,0.35
401.2042,1.76,0.41
417.1991,1.76,0.47
340.2242,1.82,0.24
372.214,1.82,0.35
400.2202,1.82,0.35
416.2151,1.82,0.41
331.2126,1.88,0.35
347.2075,1.88,0.41
395.1923,1.88,0.59
371.23,1.88,0.29
387.2249,1.88,0.35
403.2198,1.88,0.41
342.2398,1.94,0.24
383.0045,0.44,0.56
398.9994,0.44,0.61
353.0303,0.56,0.44
369.0252,0.56,0.5
385.0201,0.56,0.56
401.015,0.56,0.61
417.0099,0.56,0.67
433.0049,0.56,0.72
339.051,0.67,0.39
355.0459,0.67,0.44
371.0409,0.67,0.5
387.0358,0.67,0.56
403.0307,0.67,0.61
419.0256,0.67,0.67
435.0205,0.67,0.72
451.0154,0.67,0.78
386.0518,0.72,0.5
402.0467,0.72,0.56
341.0667,0.78,0.39
357.0616,0.78,0.44
373.0565,0.78,0.5
389.0514,0.78,0.56
405.0463,0.78,0.61
421.0412,0.78,0.67
437.0362,0.78,0.72
453.0311,0.78,0.78
372.0725,0.83,0.44
388.0674,0.83,0.5
404.0623,0.83,0.56
327.0874,0.89,0.33
343.0823,0.89,0.39
359.0772,0.89,0.44
375.0722,0.89,0.5
391.0671,0.89,0.56
407.062,0.89,0.61
423.0569,0.89,0.67
439.0518,0.89,0.72
455.0467,0.89,0.78
374.0881,0.94,0.44
390.0831,0.94,0.5
406.078,0.94,0.56
329.1031,1,0.33
345.098,1,0.39
361.0929,1,0.44
377.0878,1,0.5
393.0827,1,0.56
409.0776,1,0.61
425.0725,1,0.67
441.0675,1,0.72
457.0624,1,0.78
376.1038,1.06,0.44
392.0987,1.06,0.5
408.0936,1.06,0.56
424.0885,1.06,0.61
331.1187,1.11,0.33
347.1136,1.11,0.39
363.1085,1.11,0.44
379.1035,1.11,0.5
395.0984,1.11,0.56
411.0933,1.11,0.61
427.0882,1.11,0.67
443.0831,1.11,0.72
459.078,1.11,0.78
394.1144,1.17,0.5
410.1093,1.17,0.56
317.1394,1.22,0.28
333.1344,1.22,0.33
349.1293,1.22,0.39
365.1242,1.22,0.44
381.1191,1.22,0.5
397.114,1.22,0.56
413.1089,1.22,0.61
429.1038,1.22,0.67
445.0988,1.22,0.72
461.0937,1.22,0.78
377.1354,1.22,0.39
376.1514,1.28,0.33
392.1463,1.28,0.39
335.15,1.33,0.33
351.1449,1.33,0.39
367.1398,1.33,0.44
383.1348,1.33,0.5
399.1297,1.33,0.56
415.1246,1.33,0.61
431.1195,1.33,0.67
447.1144,1.33,0.72
463.1093,1.33,0.78
363.1562,1.33,0.33
378.1671,1.39,0.33
394.162,1.39,0.39
321.1707,1.44,0.28
337.1657,1.44,0.33
353.1606,1.44,0.39
369.1555,1.44,0.44
385.1504,1.44,0.5
401.1453,1.44,0.56
417.1402,1.44,0.61
433.1351,1.44,0.67
449.1301,1.44,0.72
465.125,1.44,0.78
497.1148,1.44,0.89
364.1878,1.5,0.28
380.1827,1.5,0.33
412.1725,1.5,0.44
323.1864,1.56,0.28
339.1813,1.56,0.33
355.1762,1.56,0.39
371.1711,1.56,0.44
387.1661,1.56,0.5
403.161,1.56,0.56
419.1559,1.56,0.61
467.1406,1.56,0.78
483.1355,1.56,0.83
499.1305,1.56,0.89
411.1885,1.56,0.39
427.1834,1.56,0.44
382.1984,1.61,0.33
398.1933,1.61,0.39
414.1882,1.61,0.44
430.1831,1.61,0.5
442.1943,1.61,0.44
325.1843,1.67,0.17
325.202,1.67,0.28
341.197,1.67,0.33
357.1919,1.67,0.39
373.1868,1.67,0.44
389.1817,1.67,0.5
405.1766,1.67,0.56
437.1664,1.67,0.67
453.1614,1.67,0.72
469.1563,1.67,0.78
485.1512,1.67,0.83
501.1461,1.67,0.89
517.141,1.67,0.94
397.2093,1.67,0.33
413.2042,1.67,0.39
429.1991,1.67,0.44
384.214,1.72,0.33
400.2089,1.72,0.39
412.2202,1.72,0.33
428.2151,1.72,0.39
444.21,1.72,0.44
327.2177,1.78,0.28
343.2126,1.78,0.33
359.2075,1.78,0.39
375.2024,1.78,0.44
391.1974,1.78,0.5
407.1923,1.78,0.56
423.1872,1.78,0.61
455.177,1.78,0.72
471.1719,1.78,0.78
503.1618,1.78,0.89
383.23,1.78,0.28
399.2249,1.78,0.33
415.2198,1.78,0.39
431.2147,1.78,0.44
414.2358,1.83,0.33
430.2307,1.83,0.39
329.2333,1.89,0.28
345.2283,1.89,0.33
361.2232,1.89,0.39
377.2181,1.89,0.44
393.213,1.89,0.5
385.2456,1.89,0.28
401.2406,1.89,0.33
417.2355,1.89,0.39
356.2555,1.94,0.22
283.2643,2,0.11
331.249,2,0.28
347.2439,2,0.33
363.2388,2,0.39
379.2337,2,0.44
411.2058,2,0.44
381.2316,2.11,0.33
397.2265,2.11,0.39
365.0303,0.53,0.42
381.0252,0.53,0.47
397.0201,0.53,0.53
413.015,0.53,0.58
429.0099,0.53,0.63
367.0459,0.63,0.42
383.0409,0.63,0.47
399.0358,0.63,0.53
415.0307,0.63,0.58
431.0256,0.63,0.63
447.0205,0.63,0.68
353.0667,0.74,0.37
369.0616,0.74,0.42
385.0565,0.74,0.47
401.0514,0.74,0.53
417.0463,0.74,0.58
433.0412,0.74,0.63
449.0362,0.74,0.68
465.0311,0.74,0.74
400.0674,0.79,0.47
355.0823,0.84,0.37
371.0772,0.84,0.42
387.0722,0.84,0.47
403.0671,0.84,0.53
419.062,0.84,0.58
435.0569,0.84,0.63
451.0518,0.84,0.68
467.0467,0.84,0.74
386.0881,0.89,0.42
402.0831,0.89,0.47
418.078,0.89,0.53
341.1031,0.95,0.32
357.098,0.95,0.37
373.0929,0.95,0.42
389.0878,0.95,0.47
405.0827,0.95,0.53
421.0776,0.95,0.58
437.0725,0.95,0.63
453.0675,0.95,0.68
469.0624,0.95,0.74
485.0573,0.95,0.79
388.1038,1,0.42
404.0987,1,0.47
420.0936,1,0.53
343.1187,1.05,0.32
359.1136,1.05,0.37
375.1085,1.05,0.42
391.1035,1.05,0.47
407.0984,1.05,0.53
423.0933,1.05,0.58
439.0882,1.05,0.63
455.0831,1.05,0.68
471.078,1.05,0.74
487.0729,1.05,0.79
390.1194,1.11,0.42
406.1144,1.11,0.47
422.1093,1.11,0.53
329.1394,1.16,0.26
345.1344,1.16,0.32
361.1293,1.16,0.37
377.1242,1.16,0.42
393.1191,1.16,0.47
409.114,1.16,0.53
425.1089,1.16,0.58
441.1038,1.16,0.63
457.0988,1.16,0.68
473.0937,1.16,0.74
331.1551,1.26,0.26
347.15,1.26,0.32
363.1449,1.26,0.37
379.1398,1.26,0.42
395.1348,1.26,0.47
411.1297,1.26,0.53
427.1246,1.26,0.58
443.1195,1.26,0.63
459.1144,1.26,0.68
374.1721,1.32,0.26
390.1671,1.32,0.32
406.162,1.32,0.37
333.1707,1.37,0.26
349.1657,1.37,0.32
365.1606,1.37,0.37
381.1555,1.37,0.42
397.1504,1.37,0.47
413.1453,1.37,0.53
429.1402,1.37,0.58
445.1351,1.37,0.63
461.1301,1.37,0.68
477.125,1.37,0.74
392.1827,1.42,0.32
408.1776,1.42,0.37
335.1864,1.47,0.26
351.1813,1.47,0.32
367.1762,1.47,0.37
383.1711,1.47,0.42
399.1661,1.47,0.47
415.161,1.47,0.53
431.1559,1.47,0.58
447.1508,1.47,0.63
378.2034,1.53,0.26
394.1984,1.53,0.32
474.1729,1.53,0.58
353.197,1.58,0.32
369.1919,1.58,0.37
385.1868,1.58,0.42
401.1817,1.58,0.47
417.1766,1.58,0.53
497.1512,1.58,0.79
513.1461,1.58,0.84
477.1726,1.58,0.63
425.2042,1.58,0.37
441.1991,1.58,0.42
396.214,1.63,0.32
492.1835,1.63,0.63
508.1784,1.63,0.68
456.21,1.63,0.42
339.1999,1.68,0.16
355.2126,1.68,0.32
371.2075,1.68,0.37
387.2024,1.68,0.42
403.1974,1.68,0.47
483.1719,1.68,0.74
499.1668,1.68,0.79
515.1618,1.68,0.84
411.2249,1.68,0.32
427.2198,1.68,0.37
443.2147,1.68,0.42
442.2307,1.74,0.37
458.2256,1.74,0.42
357.2283,1.79,0.32
373.2232,1.79,0.37
389.2181,1.79,0.42
405.213,1.79,0.47
485.1876,1.79,0.74
397.2456,1.79,0.26
413.2406,1.79,0.32
429.2355,1.79,0.37
445.2304,1.79,0.42
428.2515,1.84,0.32
444.2464,1.84,0.37
359.2439,1.89,0.32
375.2388,1.89,0.37
391.2337,1.89,0.42
399.2613,1.89,0.26
415.2562,1.89,0.32
431.2511,1.89,0.37
395.2473,2.11,0.32
393.0252,0.5,0.45
409.0201,0.5,0.5
425.015,0.5,0.55
441.0099,0.5,0.6
363.051,0.6,0.35
379.0459,0.6,0.4
395.0409,0.6,0.45
411.0358,0.6,0.5
427.0307,0.6,0.55
443.0256,0.6,0.6
459.0205,0.6,0.65
365.0667,0.7,0.35
381.0616,0.7,0.4
397.0565,0.7,0.45
413.0514,0.7,0.5
429.0463,0.7,0.55
445.0412,0.7,0.6
461.0362,0.7,0.65
477.0311,0.7,0.7
367.0823,0.8,0.35
383.0772,0.8,0.4
399.0722,0.8,0.45
415.0671,0.8,0.5
431.062,0.8,0.55
447.0569,0.8,0.6
463.0518,0.8,0.65
479.0467,0.8,0.7
495.0416,0.8,0.75
414.0831,0.85,0.45
353.1031,0.9,0.3
369.098,0.9,0.35
385.0929,0.9,0.4
401.0878,0.9,0.45
417.0827,0.9,0.5
433.0776,0.9,0.55
449.0725,0.9,0.6
465.0675,0.9,0.65
481.0624,0.9,0.7
497.0573,0.9,0.75
448.0885,0.95,0.55
355.1187,1,0.3
371.1136,1,0.35
387.1085,1,0.4
403.1035,1,0.45
419.0984,1,0.5
435.0933,1,0.55
451.0882,1,0.6
467.0831,1,0.65
483.078,1,0.7
499.0729,1,0.75
434.1093,1.05,0.5
357.1344,1.1,0.3
373.1293,1.1,0.35
389.1242,1.1,0.4
405.1191,1.1,0.45
421.114,1.1,0.5
437.1089,1.1,0.55
453.1038,1.1,0.6
469.0988,1.1,0.65
485.0937,1.1,0.7
343.1551,1.2,0.25
359.15,1.2,0.3
375.1449,1.2,0.35
391.1398,1.2,0.4
407.1348,1.2,0.45
423.1297,1.2,0.5
439.1246,1.2,0.55
455.1195,1.2,0.6
471.1144,1.2,0.65
487.1093,1.2,0.7
486.1253,1.25,0.65
345.1707,1.3,0.25
361.1657,1.3,0.3
377.1606,1.3,0.35
393.1555,1.3,0.4
409.1504,1.3,0.45
425.1453,1.3,0.5
441.1402,1.3,0.55
457.1351,1.3,0.6
473.1301,1.3,0.65
388.1878,1.35,0.25
404.1827,1.35,0.3
347.1864,1.4,0.25
363.1813,1.4,0.3
379.1762,1.4,0.35
395.1711,1.4,0.4
411.1661,1.4,0.45
427.161,1.4,0.5
443.1559,1.4,0.55
459.1508,1.4,0.6
475.1457,1.4,0.65
406.1984,1.45,0.3
349.202,1.5,0.25
365.197,1.5,0.3
381.1919,1.5,0.35
397.1868,1.5,0.4
413.1817,1.5,0.45
429.1766,1.5,0.5
445.1715,1.5,0.55
509.1512,1.5,0.75
525.1461,1.5,0.8
541.141,1.5,0.85
421.2093,1.5,0.3
376.2242,1.55,0.2
351.2177,1.6,0.25
367.2126,1.6,0.3
383.2075,1.6,0.35
399.2024,1.6,0.4
415.1974,1.6,0.45
431.1923,1.6,0.5
495.1719,1.6,0.7
527.1618,1.6,0.8
543.1567,1.6,0.85
559.1516,1.6,0.9
439.2198,1.6,0.35
455.2147,1.6,0.4
470.2256,1.65,0.4
369.2283,1.7,0.3
385.2232,1.7,0.35
401.2181,1.7,0.4
417.213,1.7,0.45
433.2079,1.7,0.5
513.1825,1.7,0.75
545.1723,1.7,0.85
561.1672,1.7,0.9
425.2406,1.7,0.3
441.2355,1.7,0.35
457.2304,1.7,0.4
456.2464,1.75,0.35
472.2413,1.75,0.4
371.2439,1.8,0.3
387.2388,1.8,0.35
403.2337,1.8,0.4
419.2287,1.8,0.45
411.2613,1.8,0.25
427.2562,1.8,0.3
443.2511,1.8,0.35
459.246,1.8,0.4
458.262,1.85,0.35
373.2596,1.9,0.3
389.2545,1.9,0.35
421.2265,1.9,0.35
405.2494,1.9,0.4
413.2769,1.9,0.25
429.2719,1.9,0.3
375.2752,2,0.3
425.2578,2.1,0.35
441.2528,2.1,0.4
391.0459,0.57,0.38
407.0409,0.57,0.43
423.0358,0.57,0.48
439.0307,0.57,0.52
455.0256,0.57,0.57
471.0205,0.57,0.62
377.0667,0.67,0.33
393.0616,0.67,0.38
409.0565,0.67,0.43
425.0514,0.67,0.48
441.0463,0.67,0.52
457.0412,0.67,0.57
473.0362,0.67,0.62
489.0311,0.67,0.67
379.0823,0.76,0.33
395.0772,0.76,0.38
411.0722,0.76,0.43
427.0671,0.76,0.48
443.062,0.76,0.52
459.0569,0.76,0.57
475.0518,0.76,0.62
491.0467,0.76,0.67
507.0416,0.76,0.71
381.098,0.86,0.33
397.0929,0.86,0.38
413.0878,0.86,0.43
429.0827,0.86,0.48
445.0776,0.86,0.52
461.0725,0.86,0.57
477.0675,0.86,0.62
493.0624,0.86,0.67
509.0573,0.86,0.71
428.0987,0.9,0.43
367.1187,0.95,0.29
383.1136,0.95,0.33
399.1085,0.95,0.38
415.1035,0.95,0.43
431.0984,0.95,0.48
447.0933,0.95,0.52
463.0882,0.95,0.57
479.0831,0.95,0.62
495.078,0.95,0.67
511.0729,0.95,0.71
527.0679,0.95,0.76
369.1344,1.05,0.29
385.1293,1.05,0.33
401.1242,1.05,0.38
417.1191,1.05,0.43
433.114,1.05,0.48
449.1089,1.05,0.52
465.1038,1.05,0.57
481.0988,1.05,0.62
497.0937,1.05,0.67
513.0886,1.05,0.71
355.1551,1.14,0.24
371.15,1.14,0.29
387.1449,1.14,0.33
403.1398,1.14,0.38
419.1348,1.14,0.43
435.1297,1.14,0.48
451.1246,1.14,0.52
467.1195,1.14,0.57
483.1144,1.14,0.62
499.1093,1.14,0.67
357.1707,1.24,0.24
373.1657,1.24,0.29
389.1606,1.24,0.33
405.1555,1.24,0.38
421.1504,1.24,0.43
437.1453,1.24,0.48
453.1402,1.24,0.52
469.1351,1.24,0.57
485.1301,1.24,0.62
359.1864,1.33,0.24
375.1813,1.33,0.29
391.1762,1.33,0.33
407.1711,1.33,0.38
423.1661,1.33,0.43
439.161,1.33,0.48
455.1559,1.33,0.52
471.1508,1.33,0.57
487.1457,1.33,0.62
361.202,1.43,0.24
377.197,1.43,0.29
393.1919,1.43,0.33
409.1868,1.43,0.38
425.1817,1.43,0.43
441.1766,1.43,0.48
457.1715,1.43,0.52
473.1664,1.43,0.57
363.2177,1.52,0.24
379.2126,1.52,0.29
395.2075,1.52,0.33
411.2024,1.52,0.38
427.1974,1.52,0.43
443.1923,1.52,0.48
459.1872,1.52,0.52
523.1668,1.52,0.71
435.2249,1.52,0.29
374.2449,1.57,0.14
381.2283,1.62,0.29
397.2232,1.62,0.33
413.2181,1.62,0.38
429.213,1.62,0.43
445.2079,1.62,0.48
461.2028,1.62,0.52
541.1774,1.62,0.76
557.1723,1.62,0.81
589.1622,1.62,0.9
469.2304,1.62,0.38
383.2439,1.71,0.29
399.2388,1.71,0.33
415.2337,1.71,0.38
431.2287,1.71,0.43
447.2236,1.71,0.48
463.2185,1.71,0.52
455.2511,1.71,0.33
486.2569,1.76,0.38
401.2545,1.81,0.33
417.2494,1.81,0.38
433.2443,1.81,0.43
457.2668,1.81,0.33
419.265,1.9,0.38
435.26,1.9,0.43
419.0409,0.55,0.41
405.0616,0.64,0.36
421.0565,0.64,0.41
437.0514,0.64,0.45
453.0463,0.64,0.5
469.0412,0.64,0.55
485.0362,0.64,0.59
501.0311,0.64,0.64
407.0772,0.73,0.36
423.0722,0.73,0.41
439.0671,0.73,0.45
455.062,0.73,0.5
471.0569,0.73,0.55
487.0518,0.73,0.59
503.0467,0.73,0.64
393.098,0.82,0.32
409.0929,0.82,0.36
425.0878,0.82,0.41
441.0827,0.82,0.45
457.0776,0.82,0.5
473.0725,0.82,0.55
489.0675,0.82,0.59
505.0624,0.82,0.64
521.0573,0.82,0.68
395.1136,0.91,0.32
411.1085,0.91,0.36
427.1035,0.91,0.41
443.0984,0.91,0.45
459.0933,0.91,0.5
475.0882,0.91,0.55
491.0831,0.91,0.59
507.078,0.91,0.64
523.0729,0.91,0.68
539.0679,0.91,0.73
397.1293,1,0.32
413.1242,1,0.36
429.1191,1,0.41
445.114,1,0.45
461.1089,1,0.5
477.1038,1,0.55
493.0988,1,0.59
509.0937,1,0.64
525.0886,1,0.68
383.15,1.09,0.27
399.1449,1.09,0.32
415.1398,1.09,0.36
431.1348,1.09,0.41
447.1297,1.09,0.45
463.1246,1.09,0.5
479.1195,1.09,0.55
495.1144,1.09,0.59
511.1093,1.09,0.64
527.1042,1.09,0.68
369.1707,1.18,0.23
385.1657,1.18,0.27
401.1606,1.18,0.32
417.1555,1.18,0.36
433.1504,1.18,0.41
449.1453,1.18,0.45
465.1402,1.18,0.5
481.1351,1.18,0.55
497.1301,1.18,0.59
513.125,1.18,0.64
371.1864,1.27,0.23
387.1813,1.27,0.27
403.1762,1.27,0.32
419.1711,1.27,0.36
435.1661,1.27,0.41
451.161,1.27,0.45
467.1559,1.27,0.5
483.1508,1.27,0.55
499.1457,1.27,0.59
373.202,1.36,0.23
389.197,1.36,0.27
405.1919,1.36,0.32
421.1868,1.36,0.36
437.1817,1.36,0.41
453.1766,1.36,0.45
469.1715,1.36,0.5
485.1664,1.36,0.55
375.2177,1.45,0.23
391.2126,1.45,0.27
407.2075,1.45,0.32
423.2024,1.45,0.36
439.1974,1.45,0.41
455.1923,1.45,0.45
471.1872,1.45,0.5
487.1821,1.45,0.55
503.177,1.45,0.59
393.2283,1.55,0.27
409.2232,1.55,0.32
425.2181,1.55,0.36
441.213,1.55,0.41
457.2079,1.55,0.45
473.2028,1.55,0.5
489.1977,1.55,0.55
585.1672,1.55,0.82
395.2439,1.64,0.27
411.2388,1.64,0.32
427.2337,1.64,0.36
443.2287,1.64,0.41
459.2236,1.64,0.45
475.2185,1.64,0.5
491.2134,1.64,0.55
571.188,1.64,0.77
587.1829,1.64,0.82
603.1778,1.64,0.86
413.2545,1.73,0.32
429.2494,1.73,0.36
445.2443,1.73,0.41
461.2392,1.73,0.45
477.2341,1.73,0.5
493.229,1.73,0.55
481.0412,0.61,0.52
435.0722,0.7,0.39
451.0671,0.7,0.43
467.062,0.7,0.48
483.0569,0.7,0.52
499.0518,0.7,0.57
515.0467,0.7,0.61
531.0416,0.7,0.65
437.0878,0.78,0.39
453.0827,0.78,0.43
469.0776,0.78,0.48
485.0725,0.78,0.52
501.0675,0.78,0.57
517.0624,0.78,0.61
533.0573,0.78,0.65
549.0522,0.78,0.7
439.1035,0.87,0.39
455.0984,0.87,0.43
471.0933,0.87,0.48
487.0882,0.87,0.52
503.0831,0.87,0.57
519.078,0.87,0.61
535.0729,0.87,0.65
551.0679,0.87,0.7
409.1293,0.96,0.3
425.1242,0.96,0.35
441.1191,0.96,0.39
457.114,0.96,0.43
473.1089,0.96,0.48
489.1038,0.96,0.52
505.0988,0.96,0.57
521.0937,0.96,0.61
537.0886,0.96,0.65
553.0835,0.96,0.7
395.15,1.04,0.26
411.1449,1.04,0.3
427.1398,1.04,0.35
443.1348,1.04,0.39
459.1297,1.04,0.43
475.1246,1.04,0.48
491.1195,1.04,0.52
507.1144,1.04,0.57
523.1093,1.04,0.61
539.1042,1.04,0.65
397.1657,1.13,0.26
413.1606,1.13,0.3
429.1555,1.13,0.35
445.1504,1.13,0.39
461.1453,1.13,0.43
477.1402,1.13,0.48
493.1351,1.13,0.52
509.1301,1.13,0.57
525.125,1.13,0.61
541.1199,1.13,0.65
399.1813,1.22,0.26
415.1762,1.22,0.3
431.1711,1.22,0.35
447.1661,1.22,0.39
463.161,1.22,0.43
479.1559,1.22,0.48
495.1508,1.22,0.52
511.1457,1.22,0.57
527.1406,1.22,0.61
385.202,1.3,0.22
401.197,1.3,0.26
417.1919,1.3,0.3
433.1868,1.3,0.35
449.1817,1.3,0.39
465.1766,1.3,0.43
481.1715,1.3,0.48
497.1664,1.3,0.52
387.2177,1.39,0.22
403.2126,1.39,0.26
419.2075,1.39,0.3
435.2024,1.39,0.35
451.1974,1.39,0.39
467.1923,1.39,0.43
483.1872,1.39,0.48
499.1821,1.39,0.52
389.2333,1.48,0.22
405.2283,1.48,0.26
421.2232,1.48,0.3
437.2181,1.48,0.35
453.213,1.48,0.39
469.2079,1.48,0.43
485.2028,1.48,0.48
407.2439,1.57,0.26
423.2388,1.57,0.3
439.2337,1.57,0.35
455.2287,1.57,0.39
471.2236,1.57,0.43
487.2185,1.57,0.48
583.188,1.57,0.74
425.2545,1.65,0.3
441.2494,1.65,0.35
457.2443,1.65,0.39
617.1935,1.65,0.83
633.1884,1.65,0.87
459.26,1.74,0.39
603.2142,1.74,0.78
479.062,0.67,0.46
495.0569,0.67,0.5
481.0776,0.75,0.46
497.0725,0.75,0.5
513.0675,0.75,0.54
529.0624,0.75,0.58
545.0573,0.75,0.62
561.0522,0.75,0.67
467.0984,0.83,0.42
483.0933,0.83,0.46
499.0882,0.83,0.5
515.0831,0.83,0.54
531.078,0.83,0.58
547.0729,0.83,0.62
563.0679,0.83,0.67
453.1191,0.92,0.38
469.114,0.92,0.42
485.1089,0.92,0.46
501.1038,0.92,0.5
517.0988,0.92,0.54
533.0937,0.92,0.58
549.0886,0.92,0.62
455.1348,1,0.38
471.1297,1,0.42
487.1246,1,0.46
503.1195,1,0.5
519.1144,1,0.54
535.1093,1,0.58
425.1606,1.08,0.29
441.1555,1.08,0.33
457.1504,1.08,0.38
473.1453,1.08,0.42
489.1402,1.08,0.46
505.1351,1.08,0.5
521.1301,1.08,0.54
537.125,1.08,0.58
553.1199,1.08,0.62
411.1813,1.17,0.25
427.1762,1.17,0.29
443.1711,1.17,0.33
459.1661,1.17,0.38
475.161,1.17,0.42
491.1559,1.17,0.46
507.1508,1.17,0.5
523.1457,1.17,0.54
539.1406,1.17,0.58
413.197,1.25,0.25
429.1919,1.25,0.29
445.1868,1.25,0.33
461.1817,1.25,0.38
477.1766,1.25,0.42
493.1715,1.25,0.46
509.1664,1.25,0.5
525.1614,1.25,0.54
399.2177,1.33,0.21
415.2126,1.33,0.25
431.2075,1.33,0.29
447.2024,1.33,0.33
463.1974,1.33,0.38
479.1923,1.33,0.42
495.1872,1.33,0.46
511.1821,1.33,0.5
401.2333,1.42,0.21
417.2283,1.42,0.25
433.2232,1.42,0.29
449.2181,1.42,0.33
465.213,1.42,0.38
481.2079,1.42,0.42
497.2028,1.42,0.46
513.1977,1.42,0.5
403.249,1.5,0.21
419.2439,1.5,0.25
435.2388,1.5,0.29
451.2337,1.5,0.33
467.2287,1.5,0.38
483.2236,1.5,0.42
499.2185,1.5,0.46
515.2134,1.5,0.5
643.1727,1.5,0.83
421.2596,1.58,0.25
437.2545,1.58,0.29
453.2494,1.58,0.33
469.2443,1.58,0.38
485.2392,1.58,0.42
645.1884,1.58,0.83
661.1833,1.58,0.88
608.2308,1.62,0.62
471.26,1.67,0.38
631.2091,1.67,0.79
647.204,1.67,0.83
367.3582,2,0.08
511.0882,0.8,0.48
527.0831,0.8,0.52
543.078,0.8,0.56
559.0729,0.8,0.6
513.1038,0.88,0.48
529.0988,0.88,0.52
545.0937,0.88,0.56
499.1246,0.96,0.44
515.1195,0.96,0.48
531.1144,0.96,0.52
547.1093,0.96,0.56
563.1042,0.96,0.6
485.1453,1.04,0.4
501.1402,1.04,0.44
517.1351,1.04,0.48
533.1301,1.04,0.52
549.125,1.04,0.56
565.1199,1.04,0.6
439.1762,1.12,0.28
455.1711,1.12,0.32
471.1661,1.12,0.36
487.161,1.12,0.4
503.1559,1.12,0.44
519.1508,1.12,0.48
535.1457,1.12,0.52
551.1406,1.12,0.56
441.1919,1.2,0.28
457.1868,1.2,0.32
473.1817,1.2,0.36
489.1766,1.2,0.4
505.1715,1.2,0.44
521.1664,1.2,0.48
537.1614,1.2,0.52
427.2126,1.28,0.24
443.2075,1.28,0.28
459.2024,1.28,0.32
475.1974,1.28,0.36
491.1923,1.28,0.4
507.1872,1.28,0.44
523.1821,1.28,0.48
429.2283,1.36,0.24
445.2232,1.36,0.28
461.2181,1.36,0.32
477.213,1.36,0.36
493.2079,1.36,0.4
509.2028,1.36,0.44
525.1977,1.36,0.48
541.1927,1.36,0.52
415.249,1.44,0.2
431.2439,1.44,0.24
447.2388,1.44,0.28
463.2337,1.44,0.32
479.2287,1.44,0.36
495.2236,1.44,0.4
511.2185,1.44,0.44
449.2545,1.52,0.28
465.2494,1.52,0.32
481.2443,1.52,0.36
497.2392,1.52,0.4
451.2701,1.6,0.28
467.265,1.6,0.32
499.2549,1.6,0.4
659.204,1.6,0.8
677.2146,1.68,0.84
523.0882,0.77,0.46
555.078,0.77,0.54
541.0988,0.85,0.5
511.1246,0.92,0.42
543.1144,0.92,0.5
559.1093,0.92,0.54
497.1453,1,0.38
513.1402,1,0.42
529.1351,1,0.46
561.125,1,0.54
577.1199,1,0.58
467.1711,1.08,0.31
483.1661,1.08,0.35
499.161,1.08,0.38
515.1559,1.08,0.42
531.1508,1.08,0.46
547.1457,1.08,0.5
563.1406,1.08,0.54
485.1817,1.15,0.35
501.1766,1.15,0.38
517.1715,1.15,0.42
533.1664,1.15,0.46
549.1614,1.15,0.5
565.1563,1.15,0.54
455.2075,1.23,0.27
471.2024,1.23,0.31
487.1974,1.23,0.35
503.1923,1.23,0.38
519.1872,1.23,0.42
535.1821,1.23,0.46
551.177,1.23,0.5
441.2283,1.31,0.23
457.2232,1.31,0.27
473.2181,1.31,0.31
489.213,1.31,0.35
505.2079,1.31,0.38
521.2028,1.31,0.42
537.1977,1.31,0.46
443.2439,1.38,0.23
459.2388,1.38,0.27
475.2337,1.38,0.31
491.2287,1.38,0.35
507.2236,1.38,0.38
523.2185,1.38,0.42
539.2134,1.38,0.46
445.2596,1.46,0.23
461.2545,1.46,0.27
477.2494,1.46,0.31
493.2443,1.46,0.35
509.2392,1.46,0.38
525.2341,1.46,0.42
463.2701,1.54,0.27
479.265,1.54,0.31
495.26,1.54,0.35
511.2549,1.54,0.38
527.2498,1.54,0.42
481.2807,1.62,0.31
497.2756,1.62,0.35
513.2705,1.62,0.38
529.2654,1.62,0.42
657.2248,1.62,0.73
673.2197,1.62,0.77
543.1508,1.04,0.44
575.1406,1.04,0.52
497.1817,1.11,0.33
513.1766,1.11,0.37
561.1614,1.11,0.48
467.2075,1.19,0.26
499.1974,1.19,0.33
515.1923,1.19,0.37
531.1872,1.19,0.41
547.1821,1.19,0.44
563.177,1.19,0.48
469.2232,1.26,0.26
485.2181,1.26,0.3
501.213,1.26,0.33
517.2079,1.26,0.37
533.2028,1.26,0.41
549.1977,1.26,0.44
565.1927,1.26,0.48
455.2439,1.33,0.22
471.2388,1.33,0.26
487.2337,1.33,0.3
503.2287,1.33,0.33
519.2236,1.33,0.37
535.2185,1.33,0.41
551.2134,1.33,0.44
457.2596,1.41,0.22
473.2545,1.41,0.26
489.2494,1.41,0.3
505.2443,1.41,0.33
521.2392,1.41,0.37
537.2341,1.41,0.41
553.229,1.41,0.44
459.2752,1.48,0.22
475.2701,1.48,0.26
491.265,1.48,0.3
507.26,1.48,0.33
523.2549,1.48,0.37
539.2498,1.48,0.41
477.2858,1.56,0.26
493.2807,1.56,0.3
509.2756,1.56,0.33
525.2705,1.56,0.37
479.3014,1.63,0.26
495.2963,1.63,0.3
735.2201,1.63,0.85
571.1457,1,0.46
573.1614,1.07,0.46
543.1872,1.14,0.39
559.1821,1.14,0.43
513.213,1.21,0.32
529.2079,1.21,0.36
545.2028,1.21,0.39
561.1977,1.21,0.43
483.2388,1.29,0.25
499.2337,1.29,0.29
515.2287,1.29,0.32
531.2236,1.29,0.36
547.2185,1.29,0.39
563.2134,1.29,0.43
579.2083,1.29,0.46
485.2545,1.36,0.25
501.2494,1.36,0.29
517.2443,1.36,0.32
533.2392,1.36,0.36
549.2341,1.36,0.39
471.2752,1.43,0.21
487.2701,1.43,0.25
503.265,1.43,0.29
519.26,1.43,0.32
535.2549,1.43,0.36
551.2498,1.43,0.39
473.2909,1.5,0.21
489.2858,1.5,0.25
505.2807,1.5,0.29
521.2756,1.5,0.32
537.2705,1.5,0.36
553.2654,1.5,0.39
539.2862,1.57,0.36
585.1614,1.03,0.45
587.177,1.1,0.45
525.213,1.17,0.31
527.2287,1.24,0.31
543.2236,1.24,0.34
497.2545,1.31,0.24
513.2494,1.31,0.28
529.2443,1.31,0.31
545.2392,1.31,0.34
561.2341,1.31,0.38
499.2701,1.38,0.24
515.265,1.38,0.28
531.26,1.38,0.31
547.2549,1.38,0.34
563.2498,1.38,0.38
485.2909,1.45,0.21
501.2858,1.45,0.24
517.2807,1.45,0.28
533.2756,1.45,0.31
549.2705,1.45,0.34
487.3065,1.52,0.21
503.3014,1.52,0.24
519.2963,1.52,0.28
535.2913,1.52,0.31
551.2862,1.52,0.34
505.3171,1.59,0.24
521.312,1.59,0.28
545.1288,0.93,0.2
486.2204,1.13,0.1
587.2134,1.2,0.4
527.265,1.33,0.27
543.26,1.33,0.3
559.2549,1.33,0.33
575.2498,1.33,0.37
513.2858,1.4,0.23
529.2807,1.4,0.27
545.2756,1.4,0.3
561.2705,1.4,0.33
499.3065,1.47,0.2
515.3014,1.47,0.23
531.2963,1.47,0.27
547.2913,1.47,0.3
563.2862,1.47,0.33
485.3272,1.53,0.17
501.3222,1.53,0.2
517.3171,1.53,0.23
533.312,1.53,0.27
487.3429,1.6,0.17
503.3378,1.6,0.2
519.3327,1.6,0.23
535.3276,1.6,0.27
500.236,1.16,0.1
321.0827,1.5,0.83
369.0675,1.5,1.08
339.0933,1.67,0.92
357.0861,1.83,0.83
379.0341,1.23,0.85
319.0857,1.54,0.54
383.0831,1.54,1
314.1358,1.62,0.46
337.114,1.69,0.77
323.1348,1.85,0.69
315.1085,1.43,0.57
397.0988,1.57,0.93
329.1354,1.57,0.5
357.1416,1.57,0.5
344.1463,1.64,0.5
351.1297,1.71,0.71
431.096,1.79,0.93
314.1721,1.79,0.36
353.1276,1.86,0.57
369.1225,1.86,0.64
329.183,1.86,0.36
300.1929,1.93,0.29
364.1548,1.93,0.43
309.1741,2.14,0.36
309.098,1.2,0.47
423.0603,1.33,0.8
322.1408,1.4,0.33
297.1344,1.47,0.4
353.1467,1.47,0.4
324.1565,1.53,0.33
299.15,1.6,0.4
347.117,1.6,0.47
363.1297,1.6,0.67
317.1606,1.73,0.47
333.1555,1.73,0.53
349.1504,1.73,0.6
313.1769,1.73,0.33
329.1718,1.73,0.4
351.1483,1.87,0.47
367.1432,1.87,0.53
383.1381,1.87,0.6
367.161,1.87,0.67
447.1178,1.87,0.87
394.1653,1.93,0.47
337.169,2,0.4
332.1252,1.19,0.31
309.1344,1.38,0.38
373.0963,1.38,0.5
421.081,1.38,0.69
336.1565,1.44,0.31
391.1246,1.5,0.69
439.1093,1.5,0.88
403.1358,1.5,0.62
367.1623,1.5,0.38
374.1457,1.56,0.56
297.153,1.62,0.19
388.1548,1.69,0.38
395.1559,1.75,0.69
411.1508,1.75,0.75
327.1925,1.75,0.31
386.2045,1.81,0.38
402.1994,1.81,0.44
317.197,1.88,0.38
333.1919,1.88,0.44
365.1639,1.88,0.44
381.1589,1.88,0.5
335.1898,2,0.31
319.2126,2,0.38
351.1847,2,0.38
367.1796,2,0.44
362.1358,1.24,0.35
333.1456,1.29,0.29
348.1565,1.35,0.29
364.1514,1.35,0.35
307.1551,1.41,0.29
433.0931,1.53,0.29
428.1787,1.59,0.47
311.1864,1.65,0.29
371.1824,1.65,0.41
431.1784,1.65,0.53
398.2045,1.71,0.35
414.1994,1.71,0.41
409.1715,1.76,0.65
425.1664,1.76,0.71
341.2082,1.76,0.29
472.1494,1.82,0.71
356.2191,1.82,0.29
315.2177,1.88,0.29
363.2024,1.88,0.47
390.2068,1.94,0.29
365.2003,2,0.35
381.1952,2,0.41
351.2211,2.12,0.29
319.1551,1.33,0.28
479.1042,1.33,0.83
527.089,1.33,1
347.1612,1.33,0.28
362.1721,1.39,0.28
481.1199,1.44,0.83
513.1097,1.44,0.94
545.0996,1.44,1.06
393.178,1.44,0.33
348.1929,1.5,0.22
396.1776,1.5,0.39
435.1508,1.56,0.67
515.1254,1.56,0.94
395.1936,1.56,0.33
443.1784,1.56,0.5
426.1994,1.61,0.39
421.1715,1.67,0.61
465.1726,1.67,0.67
381.2143,1.67,0.28
445.194,1.67,0.5
421.1633,1.72,0.5
416.2038,1.72,0.44
439.1821,1.78,0.67
313.2384,1.89,0.22
393.1952,1.89,0.39
409.1902,1.89,0.44
409.2079,1.89,0.56
505.1336,1.94,0.56
347.2262,2,0.22
363.2211,2,0.28
379.216,2,0.33
333.2469,2.11,0.17
349.2418,2.11,0.22
365.2367,2.11,0.28
372.1565,1.21,0.26
388.1514,1.21,0.32
541.1046,1.37,0.95
361.1769,1.37,0.26
360.1929,1.42,0.21
479.1406,1.47,0.74
495.1355,1.47,0.79
511.1305,1.47,0.84
559.1152,1.47,1
391.1987,1.47,0.26
362.2085,1.53,0.21
410.1933,1.53,0.37
337.202,1.58,0.26
465.1614,1.58,0.68
481.1563,1.58,0.74
529.141,1.58,0.89
409.2093,1.58,0.32
457.194,1.58,0.47
412.2089,1.63,0.37
428.2038,1.63,0.42
440.2151,1.63,0.37
339.2177,1.68,0.26
419.1923,1.68,0.53
435.1872,1.68,0.58
451.1821,1.68,0.63
467.177,1.68,0.68
395.23,1.68,0.26
459.2097,1.68,0.47
414.2246,1.74,0.37
426.2358,1.74,0.32
341.2333,1.79,0.26
421.1902,1.79,0.42
469.1927,1.79,0.68
343.249,1.89,0.26
407.2109,1.89,0.37
423.2058,1.89,0.42
407.2287,1.89,0.47
439.2007,1.89,0.47
393.2316,2,0.32
425.2215,2,0.42
447.1344,1.2,0.3
329.1758,1.3,0.2
420.1776,1.35,0.35
331.1915,1.4,0.2
539.1254,1.4,0.85
555.1203,1.4,0.9
375.1925,1.4,0.25
391.1875,1.4,0.3
419.1936,1.4,0.3
374.2085,1.45,0.2
333.2071,1.5,0.2
493.1563,1.5,0.7
573.1309,1.5,0.95
437.2042,1.5,0.35
453.1991,1.5,0.4
392.2191,1.55,0.25
440.2038,1.55,0.4
488.1886,1.55,0.55
452.2151,1.55,0.35
468.21,1.55,0.4
447.1872,1.6,0.55
479.177,1.6,0.65
511.1668,1.6,0.75
471.2097,1.6,0.45
510.1828,1.65,0.7
410.2297,1.65,0.3
442.2195,1.65,0.4
506.1991,1.65,0.6
454.2307,1.65,0.35
353.2333,1.7,0.25
449.2028,1.7,0.55
481.1927,1.7,0.65
497.1876,1.7,0.7
529.1774,1.7,0.8
473.2253,1.7,0.45
412.2453,1.75,0.3
428.2402,1.75,0.35
440.2515,1.75,0.3
355.249,1.8,0.25
442.2671,1.85,0.3
445.2668,1.9,0.35
391.2524,2,0.25
391.2701,2,0.35
555.1567,1.52,0.81
571.1516,1.52,0.86
587.1465,1.52,0.9
451.2198,1.52,0.33
390.2398,1.57,0.19
406.2347,1.57,0.24
466.2307,1.57,0.33
482.2256,1.57,0.38
365.2333,1.62,0.24
509.1876,1.62,0.67
525.1825,1.62,0.71
573.1672,1.62,0.86
437.2406,1.62,0.29
453.2355,1.62,0.33
485.2253,1.62,0.43
468.2464,1.67,0.33
484.2413,1.67,0.38
367.249,1.71,0.24
479.2134,1.71,0.57
495.2083,1.71,0.62
511.2032,1.71,0.67
527.1981,1.71,0.71
543.1931,1.71,0.76
559.188,1.71,0.81
423.2613,1.71,0.24
471.246,1.71,0.38
487.241,1.71,0.43
454.2671,1.76,0.29
470.262,1.76,0.33
385.2596,1.81,0.29
449.2392,1.81,0.48
425.2769,1.81,0.24
441.2719,1.81,0.29
456.2828,1.86,0.29
472.2777,1.86,0.33
403.2701,1.9,0.33
451.2549,1.9,0.48
443.2875,1.9,0.29
405.2858,2,0.33
439.2735,2.1,0.33
357.2071,1.36,0.18
599.1465,1.45,0.86
377.2333,1.55,0.23
569.1723,1.55,0.77
601.1622,1.55,0.86
548.2097,1.59,0.59
496.2413,1.59,0.36
379.249,1.64,0.23
507.2083,1.64,0.59
539.1981,1.64,0.68
555.1931,1.64,0.73
483.246,1.64,0.36
499.241,1.64,0.41
566.2203,1.68,0.64
482.262,1.68,0.32
498.2569,1.68,0.36
397.2596,1.73,0.27
509.224,1.73,0.59
541.2138,1.73,0.68
557.2087,1.73,0.73
573.2036,1.73,0.77
453.2719,1.73,0.27
469.2668,1.73,0.32
485.2617,1.73,0.36
468.2828,1.77,0.27
484.2777,1.77,0.32
415.2701,1.82,0.32
431.265,1.82,0.36
447.26,1.82,0.41
495.2447,1.82,0.55
439.2926,1.82,0.23
471.2824,1.82,0.32
470.2984,1.86,0.27
486.2933,1.86,0.32
433.2807,1.91,0.36
469.2841,2.09,0.36
485.279,2.09,0.41
465.0463,0.61,0.48
383.1864,1.22,0.22
403.1949,1.39,0.17
501.1977,1.48,0.52
597.1672,1.48,0.78
391.249,1.57,0.22
503.2134,1.57,0.52
567.1931,1.57,0.7
599.1829,1.57,0.78
615.1778,1.57,0.83
510.2569,1.61,0.35
409.2596,1.65,0.26
473.2392,1.65,0.43
489.2341,1.65,0.48
569.2087,1.65,0.7
585.2036,1.65,0.74
601.1985,1.65,0.78
512.2726,1.7,0.35
411.2752,1.74,0.26
427.2701,1.74,0.3
443.265,1.74,0.35
475.2549,1.74,0.43
491.2498,1.74,0.48
571.2244,1.74,0.7
587.2193,1.74,0.74
498.2933,1.78,0.3
429.2858,1.83,0.3
445.2807,1.83,0.35
634.2118,1.83,0.74
465.0827,0.75,0.42
439.1398,1,0.33
397.202,1.25,0.21
527.177,1.33,0.54
703.1211,1.33,1
417.2105,1.42,0.17
625.1622,1.42,0.79
721.1316,1.42,1.04
531.2083,1.5,0.54
627.1778,1.5,0.79
659.1676,1.5,0.88
675.1625,1.5,0.92
691.1575,1.5,0.96
501.2341,1.58,0.46
517.229,1.58,0.5
597.2036,1.58,0.71
613.1985,1.58,0.75
629.1935,1.58,0.79
677.1782,1.58,0.92
524.2726,1.62,0.33
439.2701,1.67,0.29
455.265,1.67,0.33
487.2549,1.67,0.42
503.2498,1.67,0.46
583.2244,1.67,0.67
599.2193,1.67,0.71
615.2142,1.67,0.75
663.1989,1.67,0.88
679.1938,1.67,0.92
526.2882,1.71,0.33
441.2858,1.75,0.29
473.2756,1.75,0.38
489.2705,1.75,0.42
505.2654,1.75,0.46
537.2553,1.75,0.54
601.2349,1.75,0.71
617.2298,1.75,0.75
633.2248,1.75,0.79
665.2146,1.75,0.88
528.3039,1.79,0.33
475.2913,1.83,0.38
525.0675,0.72,0.52
495.0933,0.8,0.44
497.1089,0.88,0.44
561.0886,0.88,0.6
467.1348,0.96,0.36
483.1297,0.96,0.4
453.1555,1.04,0.32
469.1504,1.04,0.36
425.197,1.2,0.24
553.1563,1.2,0.56
411.2177,1.28,0.2
539.177,1.28,0.52
555.1719,1.28,0.56
413.2333,1.36,0.2
527.2134,1.44,0.48
417.2646,1.52,0.2
433.2596,1.52,0.24
513.2341,1.52,0.44
529.229,1.52,0.48
641.1935,1.52,0.76
657.1884,1.52,0.8
457.282,1.52,0.16
435.2752,1.6,0.24
483.26,1.6,0.36
515.2498,1.6,0.44
531.2447,1.6,0.48
675.1989,1.6,0.84
453.2858,1.68,0.28
469.2807,1.68,0.32
485.2756,1.68,0.36
501.2705,1.68,0.4
517.2654,1.68,0.44
629.2298,1.68,0.72
645.2248,1.68,0.76
661.2197,1.68,0.8
540.3039,1.72,0.32
471.2963,1.76,0.32
487.2913,1.76,0.36
503.2862,1.76,0.4
519.2811,1.76,0.44
615.2506,1.76,0.68
647.2404,1.76,0.76
381.3738,2,0.08
525.1038,0.85,0.46
557.0937,0.85,0.54
573.0886,0.85,0.58
527.1195,0.92,0.46
575.1042,0.92,0.58
482.1643,1.12,0.23
453.1919,1.15,0.27
469.1868,1.15,0.31
439.2126,1.23,0.23
567.1719,1.23,0.54
425.2333,1.31,0.19
553.1927,1.31,0.5
569.1876,1.31,0.54
427.249,1.38,0.19
555.2083,1.38,0.5
429.2646,1.46,0.19
541.229,1.46,0.46
557.224,1.46,0.5
447.2752,1.54,0.23
543.2447,1.54,0.46
655.2091,1.54,0.73
687.1989,1.54,0.81
703.1938,1.54,0.85
465.2858,1.62,0.27
545.2603,1.62,0.46
641.2298,1.62,0.69
689.2146,1.62,0.81
668.252,1.65,0.65
467.3014,1.69,0.27
483.2963,1.69,0.31
499.2913,1.69,0.35
515.2862,1.69,0.38
531.2811,1.69,0.42
547.276,1.69,0.46
643.2455,1.69,0.69
659.2404,1.69,0.73
675.2353,1.69,0.77
691.2302,1.69,0.81
517.3018,1.77,0.38
533.2967,1.77,0.42
629.2662,1.77,0.65
395.3895,2,0.08
539.1195,0.89,0.44
587.1042,0.89,0.56
525.1402,0.96,0.41
541.1351,0.96,0.44
557.1301,0.96,0.48
573.125,0.96,0.52
589.1199,0.96,0.56
511.161,1.04,0.37
559.1457,1.04,0.48
591.1355,1.04,0.56
481.1868,1.11,0.3
529.1715,1.11,0.41
545.1664,1.11,0.44
577.1563,1.11,0.52
451.2126,1.19,0.22
483.2024,1.19,0.3
579.1719,1.19,0.52
453.2283,1.26,0.22
567.2083,1.33,0.48
583.2032,1.33,0.52
441.2646,1.41,0.19
569.224,1.41,0.48
555.2447,1.48,0.44
571.2396,1.48,0.48
461.2909,1.56,0.22
541.2654,1.56,0.41
557.2603,1.56,0.44
573.2553,1.56,0.48
463.3065,1.63,0.22
511.2913,1.63,0.33
527.2862,1.63,0.37
543.2811,1.63,0.41
559.276,1.63,0.44
687.2353,1.63,0.74
465.3044,1.7,0.15
513.3069,1.7,0.33
529.3018,1.7,0.37
545.2967,1.7,0.41
553.1351,0.93,0.43
569.1301,0.93,0.46
585.125,0.93,0.5
539.1559,1,0.39
555.1508,1,0.43
587.1406,1,0.5
603.1355,1,0.54
525.1766,1.07,0.36
541.1715,1.07,0.39
557.1664,1.07,0.43
589.1563,1.07,0.5
458.1891,1.07,0.11
495.2024,1.14,0.29
511.1974,1.14,0.32
527.1923,1.14,0.36
575.177,1.14,0.46
591.1719,1.14,0.5
481.2232,1.21,0.25
497.2181,1.21,0.29
577.1927,1.21,0.46
593.1876,1.21,0.5
512.2112,1.25,0.21
467.2439,1.29,0.21
595.2032,1.29,0.5
469.2596,1.36,0.21
565.229,1.36,0.43
581.224,1.36,0.46
597.2189,1.36,0.5
455.2803,1.43,0.18
567.2447,1.43,0.43
583.2396,1.43,0.46
569.2603,1.5,0.43
473.2826,1.54,0.14
475.3065,1.57,0.21
491.3014,1.57,0.25
507.2963,1.57,0.29
523.2913,1.57,0.32
555.2811,1.57,0.39
571.276,1.57,0.43
509.312,1.64,0.29
525.3069,1.64,0.32
541.3018,1.64,0.36
557.2967,1.64,0.39
573.2916,1.64,0.43
601.1563,1.03,0.48
555.1872,1.1,0.38
571.1821,1.1,0.41
603.1719,1.1,0.48
472.2047,1.1,0.1
491.1993,1.14,0.17
507.1942,1.14,0.21
509.2181,1.17,0.28
541.2079,1.17,0.34
557.2028,1.17,0.38
573.1977,1.17,0.41
589.1927,1.17,0.45
605.1876,1.17,0.48
495.2388,1.24,0.24
511.2337,1.24,0.28
559.2185,1.24,0.38
575.2134,1.24,0.41
591.2083,1.24,0.45
607.2032,1.24,0.48
481.2596,1.31,0.21
577.229,1.31,0.41
593.224,1.31,0.45
483.2752,1.38,0.21
579.2447,1.38,0.41
595.2396,1.38,0.45
611.2345,1.38,0.48
469.2959,1.45,0.17
565.2654,1.45,0.38
581.2603,1.45,0.41
597.2553,1.45,0.45
471.3116,1.52,0.17
567.2811,1.52,0.38
583.276,1.52,0.41
489.3222,1.59,0.21
537.3069,1.59,0.31
553.3018,1.59,0.34
569.2967,1.59,0.38
585.2916,1.59,0.41
601.2866,1.59,0.45
539.3226,1.66,0.31
555.3175,1.66,0.34
571.3124,1.66,0.38
631.1668,1.07,0.5
484.2047,1.07,0.1
569.2028,1.13,0.37
585.1977,1.13,0.4
601.1927,1.13,0.43
617.1876,1.13,0.47
539.2287,1.2,0.3
555.2236,1.2,0.33
571.2185,1.2,0.37
603.2083,1.2,0.43
619.2032,1.2,0.47
525.2494,1.27,0.27
541.2443,1.27,0.3
557.2392,1.27,0.33
573.2341,1.27,0.37
589.229,1.27,0.4
605.224,1.27,0.43
621.2189,1.27,0.47
511.2701,1.33,0.23
591.2447,1.33,0.4
607.2396,1.33,0.43
497.2909,1.4,0.2
577.2654,1.4,0.37
593.2603,1.4,0.4
609.2553,1.4,0.43
483.3116,1.47,0.17
579.2811,1.47,0.37
595.276,1.47,0.4
549.3069,1.53,0.3
565.3018,1.53,0.33
581.2967,1.53,0.37
597.2916,1.53,0.4
551.3226,1.6,0.3
567.3175,1.6,0.33
583.3124,1.6,0.37
599.3073,1.6,0.4
569.3331,1.67,0.33
611.177,1.03,0.42
597.1977,1.1,0.39
629.1876,1.1,0.45
498.2204,1.1,0.1
567.2236,1.16,0.32
583.2185,1.16,0.35
599.2134,1.16,0.39
615.2083,1.16,0.42
569.2392,1.23,0.32
585.2341,1.23,0.35
601.229,1.23,0.39
617.224,1.23,0.42
555.26,1.29,0.29
571.2549,1.29,0.32
587.2498,1.29,0.35
603.2447,1.29,0.39
635.2345,1.29,0.45
557.2756,1.35,0.29
573.2705,1.35,0.32
589.2654,1.35,0.35
605.2603,1.35,0.39
621.2553,1.35,0.42
543.2963,1.42,0.26
559.2913,1.42,0.29
575.2862,1.42,0.32
591.2811,1.42,0.35
607.276,1.42,0.39
623.2709,1.42,0.42
545.312,1.48,0.26
561.3069,1.48,0.29
577.3018,1.48,0.32
593.2967,1.48,0.35
609.2916,1.48,0.39
531.3327,1.55,0.23
547.3276,1.55,0.26
563.3226,1.55,0.29
579.3175,1.55,0.32
595.3124,1.55,0.35
611.3073,1.55,0.39
565.3382,1.61,0.29
581.3331,1.61,0.32
583.3488,1.68,0.32
565.1356,0.84,0.12
512.236,1.12,0.09
613.229,1.19,0.38
514.2517,1.19,0.09
583.2549,1.25,0.31
615.2447,1.25,0.38
585.2705,1.31,0.31
601.2654,1.31,0.34
617.2603,1.31,0.38
633.2553,1.31,0.41
571.2913,1.38,0.28
587.2862,1.38,0.31
603.2811,1.38,0.34
619.276,1.38,0.38
573.3069,1.44,0.28
589.3018,1.44,0.31
605.2967,1.44,0.34
621.2916,1.44,0.38
637.2866,1.44,0.41
591.3175,1.5,0.31
607.3124,1.5,0.34
623.3073,1.5,0.38
526.2517,1.15,0.09
643.2396,1.21,0.39
528.2673,1.21,0.09
599.2862,1.33,0.3
615.2811,1.33,0.33
631.276,1.33,0.36
633.2916,1.39,0.36
523.3251,1.45,0.09
619.3124,1.45,0.33
635.3073,1.45,0.36
621.328,1.52,0.33
559.4861,2.09,0.12
758.205,1.09,0.5
602.2313,1.12,0.21
540.2673,1.18,0.09
542.283,1.24,0.09
669.2553,1.2,0.37
556.2986,1.26,0.09
535.134,0.51,0.08
549.1496,0.55,0.08
565.1445,0.55,0.1
563.1653,0.59,0.07
579.1602,0.59,0.1
595.1551,0.59,0.12
556.1707,0.55,0.02
577.1809,0.62,0.07
593.1758,0.62,0.1
695.2075,0.7,0.15
805.2265,0.73,0.13
323.062,1.45,1
339.0569,1.45,1.09
325.0776,1.64,1
327.0933,1.82,1
375.0603,1.82,1.09
391.0552,1.82,1.18
319.0671,1.33,0.83
335.062,1.33,0.92
367.0518,1.33,1.08
337.0776,1.5,0.92
353.0725,1.5,1
387.0603,1.67,1
371.0831,1.67,1.08
403.0552,1.67,1.08
419.0501,1.67,1.17
325.114,1.83,0.83
357.1038,1.83,1
389.0759,1.83,1
405.0708,1.83,1.08
345.0463,1.08,0.85
361.0412,1.08,0.92
331.0671,1.23,0.77
347.062,1.23,0.85
363.0569,1.23,0.92
379.0518,1.23,1
333.0827,1.38,0.77
349.0776,1.38,0.85
381.0675,1.38,1
397.0624,1.38,1.08
335.0984,1.54,0.77
351.0933,1.54,0.85
367.0882,1.54,0.92
399.078,1.54,1.08
366.1042,1.62,0.85
369.1038,1.69,0.92
401.0759,1.69,0.92
385.0988,1.69,1
417.0708,1.69,1
433.0657,1.69,1.08
339.1297,1.85,0.77
355.1246,1.85,0.85
371.1195,1.85,0.92
419.0865,1.85,1
371.0256,0.86,0.86
389.0362,1,0.93
375.0569,1.14,0.86
391.0518,1.14,0.93
361.0776,1.29,0.79
377.0725,1.29,0.86
393.0675,1.29,0.93
376.0885,1.36,0.79
379.0882,1.43,0.86
395.0831,1.43,0.93
411.078,1.43,1
362.1093,1.5,0.71
378.1042,1.5,0.79
394.0991,1.5,0.86
374.1205,1.5,0.64
349.114,1.57,0.71
413.0937,1.57,1
361.1253,1.57,0.64
377.1202,1.57,0.71
380.1198,1.64,0.79
396.1147,1.64,0.86
360.1412,1.64,0.57
399.1144,1.71,0.93
431.0865,1.71,0.93
415.1093,1.71,1
447.0814,1.71,1
382.1355,1.79,0.79
398.1304,1.79,0.86
369.1402,1.86,0.79
385.1351,1.86,0.86
401.0362,0.93,0.87
405.0675,1.2,0.87
407.0831,1.33,0.87
423.078,1.33,0.93
370.1256,1.4,0.53
386.1205,1.4,0.6
425.0937,1.47,0.93
441.0886,1.47,1
389.1202,1.47,0.67
405.1151,1.47,0.73
392.1198,1.53,0.73
408.1147,1.53,0.8
424.1097,1.53,0.87
388.1362,1.53,0.6
443.1042,1.6,1
375.1409,1.6,0.6
407.1307,1.6,0.73
394.1355,1.67,0.73
410.1304,1.67,0.8
426.1253,1.67,0.87
376.1725,1.8,0.53
429.0311,0.88,0.88
431.0467,1,0.88
433.0624,1.12,0.88
419.0831,1.25,0.81
435.078,1.25,0.88
421.0988,1.38,0.81
437.0937,1.38,0.88
453.0886,1.38,0.94
469.0835,1.38,1
455.1042,1.5,0.94
471.0992,1.5,1
419.1307,1.5,0.69
435.1256,1.5,0.75
415.1471,1.5,0.56
422.1304,1.56,0.75
438.1253,1.56,0.81
418.1467,1.56,0.62
457.1199,1.62,0.94
473.1148,1.62,1
437.1413,1.62,0.75
417.1627,1.62,0.56
424.146,1.69,0.75
404.1675,1.69,0.56
443.1406,1.75,0.88
459.1355,1.75,0.94
439.1569,1.75,0.75
390.1882,1.81,0.5
443.0467,0.94,0.82
445.0624,1.06,0.82
461.0573,1.06,0.88
447.078,1.18,0.82
449.0937,1.29,0.82
465.0886,1.29,0.88
481.0835,1.29,0.94
451.1093,1.41,0.82
467.1042,1.41,0.88
483.0992,1.41,0.94
499.0941,1.41,1
414.1518,1.47,0.53
485.1148,1.53,0.94
501.1097,1.53,1
429.1627,1.53,0.53
452.141,1.59,0.76
468.1359,1.59,0.82
432.1624,1.59,0.59
407.1559,1.65,0.65
487.1305,1.65,0.94
503.1254,1.65,1
418.1831,1.71,0.53
473.1512,1.76,0.88
489.1461,1.76,0.94
404.2038,1.82,0.47
471.0416,0.89,0.83
473.0573,1,0.83
475.0729,1.11,0.83
477.0886,1.22,0.83
495.0992,1.33,0.89
511.0941,1.33,0.94
529.1046,1.44,1
451.1457,1.56,0.72
531.1203,1.56,1
482.1515,1.61,0.78
498.1464,1.61,0.83
533.1359,1.67,1
487.1668,1.78,0.83
519.1567,1.78,0.94
483.0416,0.84,0.79
489.0886,1.16,0.79
475.1093,1.26,0.74
493.1199,1.37,0.79
509.1148,1.37,0.84
525.1097,1.37,0.89
463.1457,1.47,0.68
527.1254,1.47,0.89
543.1203,1.47,0.95
433.1715,1.58,0.58
449.1664,1.58,0.63
545.1359,1.58,0.95
473.1889,1.58,0.53
512.1621,1.63,0.79
528.157,1.63,0.84
531.1567,1.68,0.89
547.1516,1.68,0.95
501.1825,1.79,0.79
517.1774,1.79,0.84
533.1723,1.79,0.89
515.0679,1,0.8
501.0886,1.1,0.75
489.125,1.3,0.7
507.1355,1.4,0.75
523.1305,1.4,0.8
571.1152,1.4,0.95
461.1664,1.5,0.6
477.1614,1.5,0.65
557.1359,1.5,0.9
540.157,1.55,0.8
556.1519,1.55,0.85
463.1821,1.6,0.6
575.1465,1.6,0.95
542.1727,1.65,0.8
558.1676,1.65,0.85
515.1042,1.14,0.71
501.125,1.24,0.67
489.1614,1.43,0.62
553.141,1.43,0.81
569.1359,1.43,0.86
585.1309,1.43,0.9
475.1821,1.52,0.57
491.177,1.52,0.62
539.1618,1.52,0.76
603.1414,1.52,0.95
477.1977,1.62,0.57
605.1571,1.62,0.95
575.1829,1.71,0.86
591.1778,1.71,0.9
515.1406,1.27,0.64
501.1614,1.36,0.59
581.1359,1.36,0.82
567.1567,1.45,0.77
583.1516,1.45,0.82
615.1414,1.45,0.91
617.1571,1.55,0.91
633.152,1.55,0.95
619.1727,1.64,0.91
635.1676,1.64,0.95
621.1884,1.73,0.91
336.3272,1.95,0.05
513.1614,1.3,0.57
529.1563,1.3,0.61
515.177,1.39,0.57
627.1414,1.39,0.87
613.1622,1.48,0.83
629.1571,1.48,0.87
645.152,1.48,0.91
631.1727,1.57,0.87
647.1676,1.57,0.91
663.1625,1.57,0.96
649.1833,1.65,0.91
651.1989,1.74,0.91
541.1563,1.25,0.58
529.1927,1.42,0.54
641.1571,1.42,0.83
657.152,1.42,0.88
673.1469,1.42,0.92
693.1731,1.58,0.96
695.1888,1.67,0.96
681.2095,1.75,0.92
557.1876,1.36,0.56
673.1833,1.52,0.84
689.1782,1.52,0.88
705.1731,1.52,0.92
643.2091,1.6,0.76
691.1938,1.6,0.88
707.1888,1.6,0.92
693.2095,1.68,0.88
457.3171,1.84,0.28
671.204,1.54,0.77
719.1888,1.54,0.88
705.2095,1.62,0.85
721.2044,1.62,0.88
733.2044,1.56,0.85
421.0659,0.3,0.03
435.0815,0.35,0.03
321.0463,1.27,1
307.0671,1.45,0.91
309.0827,1.64,0.91
341.0725,1.64,1.09
373.0446,1.64,1.09
389.0395,1.64,1.18
331.0307,1,0.92
333.0463,1.17,0.92
303.0722,1.33,0.75
336.0936,1.58,0.83
352.0885,1.58,0.92
325.0201,0.77,0.77
343.0307,0.92,0.85
359.0256,0.92,0.92
313.0565,1.08,0.69
317.0878,1.38,0.69
364.0885,1.46,0.85
380.0834,1.46,0.92
344.1099,1.46,0.62
319.1035,1.54,0.69
347.1096,1.54,0.69
350.1093,1.62,0.77
382.0991,1.62,0.92
330.1307,1.62,0.54
449.0607,1.69,1.15
368.1198,1.77,0.85
387.1144,1.85,1
369.0099,0.71,0.86
387.0205,0.86,0.93
309.0616,1,0.57
409.0624,1.29,1
373.0889,1.29,0.71
360.0936,1.36,0.71
392.0834,1.36,0.86
356.1099,1.36,0.57
372.1049,1.36,0.64
343.1147,1.43,0.57
359.1096,1.43,0.64
375.1045,1.43,0.71
410.094,1.5,0.93
317.1242,1.57,0.57
393.1151,1.57,0.79
373.1365,1.57,0.57
412.1097,1.64,0.93
376.1362,1.64,0.64
335.1348,1.71,0.64
463.0763,1.71,1.07
446.0974,1.79,0.93
353.1453,1.86,0.71
397.0049,0.67,0.87
417.0311,0.93,0.93
368.0623,1,0.67
419.0467,1.07,0.93
370.078,1.13,0.67
386.0729,1.13,0.73
369.094,1.2,0.6
356.0987,1.27,0.6
372.0936,1.27,0.67
388.0885,1.27,0.73
439.0729,1.33,1
371.1096,1.33,0.6
374.1093,1.4,0.67
390.1042,1.4,0.73
406.0991,1.4,0.8
402.1154,1.4,0.67
357.1303,1.47,0.53
373.1253,1.47,0.6
369.1416,1.47,0.47
401.1314,1.47,0.6
376.1249,1.53,0.67
404.1311,1.53,0.67
391.1358,1.6,0.67
423.1256,1.6,0.8
403.1471,1.6,0.6
390.1518,1.67,0.6
389.1678,1.73,0.53
396.1511,1.8,0.73
362.1933,1.93,0.47
427.0154,0.75,0.88
396.0572,0.94,0.69
398.0729,1.06,0.69
414.0678,1.06,0.75
400.0885,1.19,0.69
451.0729,1.25,0.94
370.1144,1.31,0.56
386.1093,1.31,0.62
402.1042,1.31,0.69
382.1256,1.31,0.5
398.1205,1.31,0.56
385.1253,1.38,0.56
401.1202,1.38,0.62
417.1151,1.38,0.69
433.11,1.38,0.75
404.1198,1.44,0.69
420.1147,1.44,0.75
436.1097,1.44,0.81
416.1311,1.44,0.62
406.1355,1.56,0.69
454.1202,1.56,0.88
421.1464,1.62,0.69
408.1511,1.69,0.69
440.141,1.69,0.81
420.1624,1.69,0.62
407.1671,1.75,0.62
374.1933,1.81,0.44
439.0154,0.71,0.82
459.0416,0.94,0.88
412.0885,1.12,0.65
463.0729,1.18,0.88
412.1362,1.35,0.53
450.1253,1.47,0.76
466.1202,1.47,0.82
430.1467,1.47,0.59
433.1464,1.53,0.65
445.1576,1.53,0.59
484.1308,1.59,0.88
451.1569,1.65,0.71
438.1617,1.71,0.71
454.1566,1.71,0.76
433.194,1.76,0.53
469.026,0.78,0.83
489.0522,1,0.89
412.1249,1.28,0.56
480.1359,1.5,0.78
496.1308,1.5,0.83
428.1675,1.5,0.5
460.1573,1.5,0.61
479.1519,1.56,0.72
459.1733,1.56,0.56
466.1566,1.61,0.72
514.1414,1.61,0.89
446.178,1.61,0.56
462.1729,1.61,0.61
447.2097,1.78,0.5
481.026,0.74,0.79
499.0366,0.84,0.84
501.0522,0.95,0.84
503.0679,1.05,0.84
491.1042,1.26,0.79
557.0996,1.37,1
494.1515,1.53,0.74
510.1464,1.53,0.79
526.1414,1.53,0.84
490.1678,1.53,0.63
561.1309,1.58,1
496.1672,1.63,0.74
511.0366,0.8,0.8
513.0522,0.9,0.8
517.0835,1.1,0.8
503.1042,1.2,0.75
505.1199,1.3,0.75
521.1148,1.3,0.8
537.1097,1.3,0.85
491.1406,1.4,0.7
538.1414,1.45,0.8
524.1621,1.55,0.75
572.1468,1.55,0.9
487.2046,1.6,0.5
526.1777,1.65,0.75
577.1622,1.7,0.95
499.2032,1.8,0.7
531.1931,1.8,0.8
525.0522,0.86,0.76
543.0628,0.95,0.81
529.0835,1.05,0.76
339.1602,1.14,0.19
531.0992,1.14,0.76
517.1199,1.24,0.71
503.1406,1.33,0.67
519.1355,1.33,0.71
505.1563,1.43,0.67
521.1512,1.43,0.71
537.1461,1.43,0.76
601.1258,1.43,0.95
507.1719,1.52,0.67
570.1676,1.57,0.81
493.1927,1.62,0.62
556.1883,1.67,0.76
572.1832,1.67,0.81
555.0628,0.91,0.77
541.0835,1,0.73
557.0784,1,0.77
529.1199,1.18,0.68
545.1148,1.18,0.73
531.1355,1.27,0.68
517.1563,1.36,0.64
631.1363,1.45,0.95
505.1927,1.55,0.59
553.1774,1.55,0.73
589.1985,1.73,0.82
605.1935,1.73,0.86
369.301,1.91,0.18
339.3269,2,0.09
569.0784,0.96,0.74
555.0992,1.04,0.7
571.0941,1.04,0.74
557.1148,1.13,0.7
543.1355,1.22,0.65
531.1719,1.39,0.61
611.1465,1.39,0.83
517.1927,1.48,0.57
661.1469,1.48,0.96
665.1782,1.65,0.96
619.2091,1.74,0.83
635.204,1.74,0.87
353.3425,2,0.09
567.0992,1,0.67
555.1355,1.17,0.62
543.1719,1.33,0.58
559.1668,1.33,0.62
545.1876,1.42,0.58
547.2032,1.5,0.58
611.1829,1.5,0.75
640.2207,1.62,0.71
642.2363,1.71,0.71
397.3323,1.92,0.17
567.1355,1.12,0.6
543.2083,1.44,0.52
559.2032,1.44,0.56
671.1676,1.44,0.84
627.2142,1.6,0.72
709.2044,1.68,0.92
631.2455,1.76,0.72
585.1825,1.31,0.58
571.2032,1.38,0.54
573.2189,1.46,0.54
685.1833,1.46,0.81
701.1782,1.46,0.85
737.1993,1.62,0.92
707.2251,1.69,0.85
723.2201,1.69,0.88
581.1876,1.26,0.52
597.1825,1.26,0.56
585.2189,1.41,0.52
717.2095,1.56,0.81
719.2251,1.63,0.81
460.2047,1.14,0.11
599.2345,1.43,0.5
745.2044,1.5,0.82
761.1993,1.5,0.86
763.215,1.57,0.86
777.2306,1.59,0.83
502.2153,1.13,0.13
514.2153,1.1,0.13
532.2258,1.16,0.16
565.1081,0.46,0.13
371.0654,1.67,0.92
348.0936,1.46,0.77
328.115,1.46,0.54
353.0912,1.69,0.69
369.0861,1.69,0.77
385.081,1.69,0.85
329.1467,1.69,0.46
339.1119,1.85,0.62
355.1068,1.85,0.69
340.115,1.36,0.5
299.1136,1.43,0.5
326.1358,1.5,0.43
301.1293,1.57,0.5
365.0912,1.57,0.64
341.1467,1.57,0.43
348.13,1.64,0.64
319.1398,1.71,0.57
351.1119,1.71,0.57
367.1068,1.71,0.64
383.1017,1.71,0.71
399.0967,1.71,0.79
415.0916,1.71,0.86
363.1409,1.71,0.64
343.1623,1.71,0.43
401.1123,1.86,0.79
332.1827,1.93,0.43
355.1432,2,0.57
293.1792,2.14,0.29
295.1187,1.33,0.4
400.1474,1.53,0.53
432.1195,1.53,0.53
379.1068,1.6,0.6
395.1017,1.6,0.67
362.1457,1.67,0.6
378.1406,1.67,0.67
386.1681,1.67,0.47
402.163,1.67,0.53
301.1657,1.73,0.4
365.1276,1.73,0.53
381.1225,1.73,0.6
397.1174,1.73,0.67
413.1123,1.73,0.73
445.1021,1.73,0.87
415.128,1.87,0.73
346.1984,1.93,0.4
353.1639,2,0.47
369.1589,2,0.53
307.1187,1.25,0.38
371.146,1.5,0.5
390.1406,1.56,0.62
398.1681,1.56,0.44
414.163,1.56,0.5
373.1616,1.62,0.5
392.1562,1.69,0.62
400.1838,1.69,0.44
416.1787,1.69,0.5
395.1381,1.75,0.56
427.128,1.75,0.69
474.1287,1.81,0.81
342.2034,1.81,0.31
360.214,1.94,0.38
411.1521,1.41,0.47
389.1276,1.53,0.47
381.178,1.53,0.35
436.146,1.59,0.71
391.1432,1.65,0.47
422.1668,1.71,0.65
388.2089,1.82,0.41
379.1974,1.88,0.53
358.2347,1.94,0.29
367.216,2.12,0.35
425.1678,1.44,0.44
440.1787,1.5,0.44
355.1585,1.56,0.28
371.1534,1.56,0.33
341.1792,1.67,0.22
370.2347,1.83,0.28
386.2297,1.83,0.33
281.2486,1.89,0.11
442.1831,1.53,0.47
454.1943,1.53,0.42
369.1741,1.58,0.26
493.1675,1.58,0.68
385.1785,1.63,0.32
480.1723,1.63,0.68
421.2079,1.79,0.53
426.2246,1.65,0.35
465.1977,1.7,0.6
435.2236,1.8,0.5
515.1981,1.8,0.75
467.2147,1.52,0.38
540.1934,1.67,0.71
439.2562,1.71,0.29
513.2189,1.81,0.67
529.2138,1.81,0.71
473.2617,1.81,0.38
523.2032,1.64,0.64
570.204,1.68,0.73
525.2189,1.73,0.64
500.2726,1.77,0.36
399.2752,1.82,0.27
527.2345,1.82,0.64
581.1723,1.48,0.74
505.229,1.65,0.52
555.2294,1.74,0.65
622.2101,1.54,0.67
581.2087,1.58,0.67
611.2193,1.6,0.68
613.2349,1.68,0.68
430.1578,1,0.12
627.2506,1.69,0.65
645.2611,1.77,0.69
444.1734,1.04,0.11
671.2404,1.63,0.7
703.2302,1.63,0.78
433.3323,1.7,0.15
657.2611,1.7,0.67
673.2561,1.7,0.7
689.251,1.7,0.74
456.1734,1,0.11
585.2553,1.5,0.46
715.2302,1.57,0.75
731.2251,1.57,0.79
470.1891,1.03,0.1
488.1996,1.1,0.14
599.2709,1.52,0.45
611.2709,1.47,0.43
787.215,1.47,0.8
516.2309,1.16,0.13
502.2517,1.23,0.1
530.2466,1.19,0.12
516.2673,1.25,0.09
544.2622,1.21,0.12
461.0972,0.39,0.03
475.1128,0.43,0.03
533.1183,0.46,0.08
561.1496,0.54,0.07
390.1266,1.62,0.69
316.1514,1.77,0.46
307.1398,1.85,0.62
349.1646,2.08,0.38
351.1803,2.23,0.38
307.0459,0.86,0.57
317.1064,1.57,0.43
378.134,1.79,0.5
321.1555,1.86,0.57
380.1497,1.93,0.5
323.1534,2,0.43
349.201,2.21,0.29
317.0303,0.67,0.53
307.0823,1.07,0.47
375.0755,1.33,0.6
393.0861,1.47,0.67
363.1119,1.6,0.53
381.132,1.8,0.6
392.1497,1.8,0.47
319.1762,1.87,0.47
351.1661,1.87,0.6
367.1527,1.93,0.53
378.1704,1.93,0.4
401.1487,2,0.67
315.051,0.75,0.44
366.1307,1.31,0.44
393.1225,1.62,0.56
409.1174,1.62,0.62
299.1864,1.75,0.31
301.202,1.88,0.31
287.2228,2,0.25
303.2177,2,0.31
335.2075,2,0.44
415.1643,2,0.62
315.0874,0.94,0.35
317.1031,1.06,0.35
345.1092,1.06,0.35
393.0857,1.12,0.41
382.1144,1.24,0.53
354.1558,1.47,0.41
293.1758,1.53,0.24
373.1326,1.53,0.41
407.1381,1.65,0.53
313.202,1.76,0.29
393.1589,1.76,0.47
405.1346,1.76,0.18
395.1745,1.88,0.47
411.1872,1.88,0.65
397.1902,2,0.47
367.0096,0.44,0.5
315.1238,1.11,0.28
375.1198,1.11,0.39
381.1312,1.44,0.17
311.2228,1.78,0.22
407.1745,1.78,0.44
423.1789,1.83,0.5
425.1851,1.89,0.5
410.2218,2.06,0.39
351.051,0.63,0.37
339.0874,0.84,0.32
434.0729,0.89,0.58
387.1115,1.11,0.26
392.1351,1.21,0.42
389.1272,1.21,0.26
315.1602,1.26,0.21
391.1428,1.32,0.26
317.1758,1.37,0.21
530.1294,1.37,0.58
319.1915,1.47,0.21
426.1882,1.53,0.42
321.2071,1.58,0.21
417.1684,1.63,0.42
563.1383,1.74,0.89
437.1851,1.79,0.47
581.1488,1.84,0.95
361.2596,2,0.32
315.1966,1.4,0.15
335.2228,1.6,0.2
495.1637,1.65,0.6
481.1844,1.75,0.55
497.1793,1.75,0.6
451.2185,1.8,0.55
467.2134,1.8,0.6
483.2001,1.85,0.55
499.195,1.85,0.6
437.2215,1.9,0.4
421.2443,1.9,0.45
407.265,2,0.4
343.1915,1.33,0.19
418.1984,1.38,0.29
434.1933,1.38,0.33
345.2071,1.43,0.19
347.2228,1.52,0.19
465.2341,1.81,0.52
481.229,1.81,0.57
497.224,1.81,0.62
387.2752,1.9,0.29
389.2909,2,0.29
519.0416,0.73,0.68
482.1668,1.32,0.5
507.1906,1.64,0.5
463.2549,1.82,0.45
479.2498,1.82,0.5
511.2396,1.82,0.59
417.2858,1.91,0.32
449.2756,1.91,0.41
465.2705,1.91,0.45
423.1085,0.87,0.35
496.1824,1.35,0.48
483.1815,1.57,0.13
393.2646,1.65,0.22
507.2447,1.74,0.52
461.2756,1.83,0.39
477.2705,1.83,0.43
637.2114,1.87,0.78
511.0518,0.67,0.54
455.0915,0.71,0.17
449.0878,0.75,0.38
451.1035,0.83,0.38
437.1242,0.92,0.33
565.0835,0.92,0.67
551.1042,1,0.62
405.2646,1.58,0.21
423.2752,1.67,0.25
519.2447,1.67,0.5
535.2396,1.67,0.54
457.2807,1.75,0.33
521.2603,1.75,0.5
553.2502,1.75,0.58
443.3014,1.83,0.29
459.2963,1.83,0.33
491.2862,1.83,0.42
507.2811,1.83,0.46
539.2709,1.83,0.54
541.0624,0.72,0.56
481.114,0.88,0.4
579.0992,0.96,0.64
717.1367,1.36,0.96
533.2603,1.68,0.48
535.276,1.76,0.48
505.3018,1.84,0.4
495.1297,0.92,0.38
591.0992,0.92,0.62
593.1148,1,0.62
528.1511,1.04,0.42
579.1355,1.08,0.58
559.2396,1.54,0.5
449.2909,1.62,0.23
561.2553,1.62,0.5
563.2709,1.69,0.5
501.3069,1.77,0.35
549.2916,1.77,0.46
555.1144,0.89,0.48
571.1093,0.89,0.52
527.1559,1.04,0.41
593.1512,1.11,0.56
497.312,1.7,0.3
561.2916,1.7,0.44
547.3124,1.78,0.41
563.3073,1.78,0.44
587.2709,1.57,0.46
543.3175,1.71,0.36
559.3124,1.71,0.39
583.1457,0.97,0.45
569.1664,1.03,0.41
473.1887,1.07,0.14
523.3276,1.66,0.28
603.3022,1.66,0.45
585.328,1.67,0.37
809.2568,1.67,0.83
627.3022,1.55,0.42
597.328,1.61,0.35
613.3229,1.61,0.39
629.3179,1.61,0.42
599.3437,1.68,0.35
657.3128,1.56,0.44
659.3284,1.62,0.44
661.3441,1.69,0.44
585.4008,1.81,0.28
375.1037,1.56,0.38
401.0937,1.69,1.08
399.1508,1.87,0.8
404.1068,1.64,0.36
NA,NA,NA
397.1715,1.88,0.69
297.0827,1.8,1
311.0984,1.82,0.91
317.0514,1.17,0.83
349.0412,1.17,1
373.0988,1.83,1.08
321.1191,1.69,0.69
401.1301,1.86,0.93
434.1173,1.67,0.4
461.097,1.73,0.93
412.146,1.8,0.8
383.1559,1.87,0.73
383.1923,2,0.62
395.1014,1.24,0.41
403.0986,1.47,0.41
470.1515,1.71,0.82
461.1889,1.67,0.56
535.1516,1.78,1
437.2028,1.79,0.58
549.1672,1.79,0.95
368.0962,0.95,0.2
547.188,1.8,0.85
545.2087,1.81,0.76
561.2036,1.81,0.81
410.1068,0.95,0.23
428.1173,1.05,0.27
519.1719,1.45,0.64
521.1876,1.55,0.64
519.2083,1.57,0.57
649.2197,1.75,0.83
687.1625,1.44,0.88
545.224,1.52,0.52
663.2353,1.76,0.8
749.1993,1.56,0.89
765.2306,1.64,0.86
781.2255,1.64,0.89
823.2361,1.6,0.87
449.0972,0.4,0.03
381.1545,2.08,0.54
297.098,1.29,0.5
303.1449,1.71,0.5
337.1504,1.86,0.64
365.1959,2.21,0.36
381.1908,2.21,0.43
338.1358,1.4,0.4
281.1394,1.47,0.33
303.1813,1.87,0.4
307.1949,2.13,0.27
295.1551,1.5,0.31
425.1123,1.62,0.69
397.1538,1.88,0.56
255.233,2,0.12
351.2024,2,0.5
321.2105,2.12,0.25
387.1119,1.41,0.47
403.1068,1.41,0.53
375.1483,1.65,0.41
339.1636,1.56,0.22
399.124,1.56,0.11
506.1385,1.61,0.44
357.1741,1.67,0.28
405.1589,1.67,0.44
437.1487,1.67,0.56
439.1643,1.78,0.56
405.1221,1.21,0.32
421.117,1.21,0.37
444.1988,1.63,0.47
313.1809,1.3,0.15
337.2384,1.7,0.2
339.2541,1.8,0.2
483.2083,1.8,0.65
437.2392,1.9,0.5
369.2646,1.81,0.24
325.3112,2,0.1
355.1915,1.27,0.18
537.1825,1.55,0.68
381.2646,1.73,0.23
367.2854,1.82,0.18
383.2803,1.82,0.23
481.2654,1.91,0.5
521.224,1.65,0.57
537.2189,1.65,0.61
553.2138,1.65,0.65
523.2396,1.74,0.57
539.2345,1.74,0.61
493.2654,1.83,0.48
541.2502,1.83,0.61
383.3167,1.91,0.17
495.2811,1.91,0.48
533.224,1.58,0.54
551.2345,1.67,0.58
567.2294,1.67,0.62
569.2451,1.75,0.62
585.24,1.75,0.67
555.2658,1.83,0.58
513.3103,2.08,0.38
547.2396,1.6,0.52
549.2553,1.68,0.52
551.2709,1.76,0.52
489.3069,1.84,0.36
539.3073,1.92,0.48
575.2345,1.54,0.54
577.2502,1.62,0.54
579.2658,1.69,0.54
617.3026,1.92,0.62
715.1938,1.48,0.81
589.2502,1.56,0.52
575.2709,1.63,0.48
591.2658,1.63,0.52
577.2866,1.7,0.48
641.2662,1.7,0.63
705.2459,1.7,0.78
659.2768,1.78,0.67
601.2502,1.5,0.5
603.2658,1.57,0.5
589.2866,1.64,0.46
605.2815,1.64,0.5
717.2459,1.64,0.75
671.2768,1.71,0.64
609.2189,1.31,0.48
613.2502,1.45,0.48
587.3073,1.66,0.41
613.2866,1.53,0.43
601.3229,1.67,0.4
513.3222,1.48,0.19
625.2866,1.48,0.42
641.2815,1.48,0.45
643.2971,1.55,0.45
639.3022,1.5,0.41
583.3852,1.75,0.28
477.1285,0.49,0.03
